2025-05-20 09:44:32,761 [INFO] Activator:176 - 


2025-05-20 09:44:32,768 [INFO] Activator:177 - !SESSION log4j initialized
2025-05-20 09:44:38,195 [INFO] LogOutputStream:77 - [STDOUT_REDIRECT] 
2025-05-20 09:44:39,768 [INFO] ApplicationProperties:184 - Using Application install path: C:\ST\STM32CubeIDE_1.18.0\STM32CubeIDE\plugins\com.st.stm32cube.common.mx_6.14.1.202504091515
2025-05-20 09:44:39,787 [INFO] DbMcusXml:78 - Set database path to: C:\ST\STM32CubeIDE_1.18.0\STM32CubeIDE\plugins\com.st.stm32cube.common.mx_6.14.1.202504091515\\db\/mcu/
2025-05-20 09:44:39,787 [INFO] ApiDb:274 - Set plugin database path to: C:\ST\STM32CubeIDE_1.18.0\STM32CubeIDE\plugins\com.st.stm32cube.common.mx_6.14.1.202504091515\\db\/plugins/boardmanager/
2025-05-20 09:44:39,788 [WARN] ApiDb:259 - Overriding images path with different value:  => C:\ST\STM32CubeIDE_1.18.0\STM32CubeIDE\plugins\com.st.stm32cube.common.mx_6.14.1.202504091515\\db\/plugins/mcufinder/images/
2025-05-20 09:44:39,800 [INFO] ApiDb:250 - Set database path to: C:\Users\hamdo\.stmcufinder\plugins\mcufinder//mcu/
2025-05-20 09:44:39,801 [INFO] DbMcusAds:125 - Set database path to: C:\Users\hamdo\.stmcufinder\plugins\mcufinder//mcu/
2025-05-20 09:44:39,803 [INFO] CrossReferenceDbSqlite:203 - Set database path to: C:\Users\hamdo\.stmcufinder\plugins\mcufinder//mcu/cs/
2025-05-20 09:44:39,911 [INFO] RulesReader:64 - Compatibility file has been processed (302 Rules)
2025-05-20 09:44:40,005 [INFO] DbMcusXml:78 - Set database path to: C:\ST\STM32CubeIDE_1.18.0\STM32CubeIDE\plugins\com.st.stm32cube.common.mx_6.14.1.202504091515\\db\/mcu/
2025-05-20 09:44:40,005 [INFO] ApiDb:274 - Set plugin database path to: C:\ST\STM32CubeIDE_1.18.0\STM32CubeIDE\plugins\com.st.stm32cube.common.mx_6.14.1.202504091515\\db\/plugins/boardmanager/
2025-05-20 09:44:40,005 [INFO] ApiDb:261 - Set plugin images path to: C:\ST\STM32CubeIDE_1.18.0\STM32CubeIDE\plugins\com.st.stm32cube.common.mx_6.14.1.202504091515\\db\/plugins/mcufinder/images/
2025-05-20 09:44:40,005 [WARN] DbFile:41 - Overriding database path with different value: C:\Users\hamdo\.stmcufinder\plugins\mcufinder/ => C:\Users\hamdo\.stmcufinder\plugins\mcufinder
2025-05-20 09:44:40,005 [INFO] ApiDb:250 - Set database path to: C:\Users\hamdo\.stmcufinder\plugins\mcufinder//mcu/
2025-05-20 09:44:40,005 [WARN] DbFile:41 - Overriding database path with different value: C:\Users\hamdo\.stmcufinder\plugins\mcufinder/ => C:\Users\hamdo\.stmcufinder\plugins\mcufinder
2025-05-20 09:44:40,005 [INFO] DbMcusAds:125 - Set database path to: C:\Users\hamdo\.stmcufinder\plugins\mcufinder//mcu/
2025-05-20 09:44:40,005 [WARN] DbFile:41 - Overriding database path with different value: C:\Users\hamdo\.stmcufinder\plugins\mcufinder/ => C:\Users\hamdo\.stmcufinder\plugins\mcufinder
2025-05-20 09:44:40,005 [WARN] DbFile:41 - Overriding database path with different value: C:\Users\hamdo\.stmcufinder\plugins\mcufinder/ => C:\Users\hamdo\.stmcufinder\plugins\mcufinder
2025-05-20 09:44:40,005 [INFO] CrossReferenceDbSqlite:203 - Set database path to: C:\Users\hamdo\.stmcufinder\plugins\mcufinder//mcu/cs/
2025-05-20 09:44:40,090 [INFO] MainPanel:272 - HeapMemory: 268435456
2025-05-20 09:44:40,308 [INFO] DbMcusXml:78 - Set database path to: C:\ST\STM32CubeIDE_1.18.0\STM32CubeIDE\plugins\com.st.stm32cube.common.mx_6.14.1.202504091515\\db\/mcu/
2025-05-20 09:44:40,309 [INFO] ApiDb:274 - Set plugin database path to: C:\ST\STM32CubeIDE_1.18.0\STM32CubeIDE\plugins\com.st.stm32cube.common.mx_6.14.1.202504091515\\db\/plugins/boardmanager/
2025-05-20 09:44:40,309 [INFO] ApiDb:261 - Set plugin images path to: C:\ST\STM32CubeIDE_1.18.0\STM32CubeIDE\plugins\com.st.stm32cube.common.mx_6.14.1.202504091515\\db\/plugins/mcufinder/images/
2025-05-20 09:44:40,309 [WARN] DbFile:41 - Overriding database path with different value: C:\Users\hamdo\.stmcufinder\plugins\mcufinder/ => C:\Users\hamdo\.stmcufinder\plugins\mcufinder
2025-05-20 09:44:40,310 [INFO] ApiDb:250 - Set database path to: C:\Users\hamdo\.stmcufinder\plugins\mcufinder//mcu/
2025-05-20 09:44:40,310 [WARN] DbFile:41 - Overriding database path with different value: C:\Users\hamdo\.stmcufinder\plugins\mcufinder/ => C:\Users\hamdo\.stmcufinder\plugins\mcufinder
2025-05-20 09:44:40,310 [INFO] DbMcusAds:125 - Set database path to: C:\Users\hamdo\.stmcufinder\plugins\mcufinder//mcu/
2025-05-20 09:44:40,310 [WARN] DbFile:41 - Overriding database path with different value: C:\Users\hamdo\.stmcufinder\plugins\mcufinder/ => C:\Users\hamdo\.stmcufinder\plugins\mcufinder
2025-05-20 09:44:40,310 [WARN] DbFile:41 - Overriding database path with different value: C:\Users\hamdo\.stmcufinder\plugins\mcufinder/ => C:\Users\hamdo\.stmcufinder\plugins\mcufinder
2025-05-20 09:44:40,310 [INFO] CrossReferenceDbSqlite:203 - Set database path to: C:\Users\hamdo\.stmcufinder\plugins\mcufinder//mcu/cs/
2025-05-20 09:44:40,342 [INFO] ApplicationProperties:184 - Using Application install path: C:\ST\STM32CubeIDE_1.18.0\STM32CubeIDE\plugins\com.st.stm32cube.common.mx_6.14.1.202504091515
2025-05-20 09:44:40,344 [INFO] PluginManage:196 - Search for loadable plugins [exclusion list=, ]
2025-05-20 09:44:40,346 [INFO] PluginManage:310 - Check plugin analytics
2025-05-20 09:44:40,610 [INFO] AnalyticsPlugin:253 - Accepted Software Licenses: 
2025-05-20 09:44:40,611 [INFO] AnalyticsPlugin:255 - Accepted CMSIS Pack Licenses: 
2025-05-20 09:44:40,611 [INFO] AnalyticsPlugin:257 - Accepted Firmware Licenses: FW.F4.1.28.0
2025-05-20 09:44:40,618 [INFO] PluginManage:359 - Loaded plugin analytics (category:tool,tabindex:-1)
2025-05-20 09:44:40,619 [INFO] PluginManage:310 - Check plugin cadmodel
2025-05-20 09:44:40,629 [INFO] CADModel:105 - Init CAD model plugin
2025-05-20 09:44:40,630 [INFO] PluginManage:359 - Loaded plugin cadmodel (category:power,tabindex:5)
2025-05-20 09:44:40,630 [INFO] PluginManage:310 - Check plugin clock
2025-05-20 09:44:40,647 [INFO] PluginManage:359 - Loaded plugin clock (category:base,tabindex:2)
2025-05-20 09:44:40,647 [INFO] PluginManage:310 - Check plugin ddr
2025-05-20 09:44:40,653 [INFO] PluginManage:359 - Loaded plugin ddr (category:tool,tabindex:6)
2025-05-20 09:44:40,653 [INFO] PluginManage:310 - Check plugin filemanager
2025-05-20 09:44:40,889 [INFO] PluginManage:359 - Loaded plugin filemanager (category:base,tabindex:10)
2025-05-20 09:44:40,889 [INFO] PluginManage:310 - Check plugin ipmanager
2025-05-20 09:44:40,898 [INFO] PluginManage:359 - Loaded plugin ipmanager (category:base,tabindex:5)
2025-05-20 09:44:40,898 [INFO] PluginManage:310 - Check plugin lpbam
2025-05-20 09:44:40,914 [INFO] PluginManage:359 - Loaded plugin lpbam (category:base,tabindex:0)
2025-05-20 09:44:40,915 [INFO] PluginManage:310 - Check plugin memorymap
2025-05-20 09:44:40,943 [INFO] PluginManage:359 - Loaded plugin memorymap (category:base,tabindex:4)
2025-05-20 09:44:40,943 [INFO] PluginManage:310 - Check plugin pinoutandconfiguration
2025-05-20 09:44:40,963 [INFO] PluginManage:359 - Loaded plugin pinoutandconfiguration (category:base,tabindex:1)
2025-05-20 09:44:40,963 [INFO] PluginManage:310 - Check plugin pinoutconfig
2025-05-20 09:44:41,106 [WARN] SupportedApi:132 - Cannot load RTOS API schema: s4s-elt-must-match.1: The content of 'definitions' must match (annotation?, (simpleType | complexType)?, (unique | key | keyref)*)). A problem was found starting at: attribute.
2025-05-20 09:44:41,255 [INFO] PluginManage:359 - Loaded plugin pinoutconfig (category:base,tabindex:0)
2025-05-20 09:44:41,255 [INFO] PluginManage:310 - Check plugin power
2025-05-20 09:44:41,263 [INFO] PluginManage:359 - Loaded plugin power (category:power,tabindex:4)
2025-05-20 09:44:41,263 [INFO] PluginManage:310 - Check plugin projectmanager
2025-05-20 09:44:41,277 [INFO] PluginManage:359 - Loaded plugin projectmanager (category:projectmanager,tabindex:4)
2025-05-20 09:44:41,277 [INFO] PluginManage:310 - Check plugin rif
2025-05-20 09:44:41,285 [INFO] PluginManage:359 - Loaded plugin rif (category:base,tabindex:3)
2025-05-20 09:44:41,285 [INFO] PluginManage:310 - Check plugin thirdparty
2025-05-20 09:44:41,412 [WARN] IntegrityCheckThread:84 - waiting for thirdparty lock release [integrity check]
2025-05-20 09:44:41,412 [INFO] PluginManage:359 - Loaded plugin thirdparty (category:base,tabindex:-1)
2025-05-20 09:44:41,412 [INFO] IntegrityCheckThread:86 - entering critical section [integrity check]
2025-05-20 09:44:41,413 [INFO] ThirdPartyUpdaterWithRetryManager:70 - Updater plugin not ready yet. [1/15]
2025-05-20 09:44:41,413 [INFO] PluginManage:310 - Check plugin tools
2025-05-20 09:44:41,416 [INFO] PluginManage:359 - Loaded plugin tools (category:base,tabindex:7)
2025-05-20 09:44:41,417 [INFO] PluginManage:310 - Check plugin tutovideos
2025-05-20 09:44:41,560 [INFO] PluginManage:359 - Loaded plugin tutovideos (category:base,tabindex:-1)
2025-05-20 09:44:41,560 [INFO] PluginManage:310 - Check plugin updater
2025-05-20 09:44:41,585 [INFO] PluginManage:359 - Loaded plugin updater (category:base,tabindex:12)
2025-05-20 09:44:41,586 [INFO] PluginManage:310 - Check plugin userauth
2025-05-20 09:44:41,591 [INFO] UserAuth:118 - Init User Auth plugin
2025-05-20 09:44:41,592 [INFO] PluginManage:359 - Loaded plugin userauth (category:base,tabindex:14)
2025-05-20 09:44:41,593 [INFO] PluginManage:283 - PluginManage : Loaded plugins [18]
2025-05-20 09:44:41,795 [INFO] PinOutPanel:1589 - setPackage(No Configuration,No Configuration)
2025-05-20 09:44:41,865 [INFO] CADModel:165 - CPN selected for project level
2025-05-20 09:44:41,866 [INFO] CADModel:114 - Register for checkConnection events
2025-05-20 09:44:41,883 [INFO] IPUIPlugin:80 - create IPUIPlugin
2025-05-20 09:44:41,883 [INFO] PluginManager:220 - loadIPPluginJar : add adc
2025-05-20 09:44:41,886 [INFO] IPUIPlugin:80 - create IPUIPlugin
2025-05-20 09:44:41,886 [INFO] PluginManager:220 - loadIPPluginJar : add aes
2025-05-20 09:44:41,890 [INFO] IPUIPlugin:80 - create IPUIPlugin
2025-05-20 09:44:41,890 [INFO] PluginManager:220 - loadIPPluginJar : add can
2025-05-20 09:44:41,892 [INFO] IPUIPlugin:80 - create IPUIPlugin
2025-05-20 09:44:41,892 [INFO] PluginManager:220 - loadIPPluginJar : add comp
2025-05-20 09:44:41,894 [INFO] IPUIPlugin:80 - create IPUIPlugin
2025-05-20 09:44:41,894 [INFO] PluginManager:220 - loadIPPluginJar : add cryp
2025-05-20 09:44:41,897 [INFO] IPUIPlugin:80 - create IPUIPlugin
2025-05-20 09:44:41,897 [INFO] PluginManager:220 - loadIPPluginJar : add ddr_ctrl_phy
2025-05-20 09:44:41,900 [INFO] IPUIPlugin:80 - create IPUIPlugin
2025-05-20 09:44:41,900 [INFO] PluginManager:220 - loadIPPluginJar : add dfsdm
2025-05-20 09:44:41,906 [INFO] IPUIPlugin:80 - create IPUIPlugin
2025-05-20 09:44:41,906 [INFO] PluginManager:220 - loadIPPluginJar : add dma
2025-05-20 09:44:41,930 [INFO] IPUIPlugin:80 - create IPUIPlugin
2025-05-20 09:44:41,930 [INFO] PluginManager:220 - loadIPPluginJar : add dma3
2025-05-20 09:44:41,934 [INFO] IPUIPlugin:80 - create IPUIPlugin
2025-05-20 09:44:41,934 [INFO] PluginManager:220 - loadIPPluginJar : add extmemmanager
2025-05-20 09:44:41,936 [INFO] IPUIPlugin:80 - create IPUIPlugin
2025-05-20 09:44:41,937 [INFO] PluginManager:220 - loadIPPluginJar : add fatfs
2025-05-20 09:44:41,942 [INFO] IPUIPlugin:80 - create IPUIPlugin
2025-05-20 09:44:41,942 [INFO] PluginManager:220 - loadIPPluginJar : add fmc
2025-05-20 09:44:41,948 [INFO] IPUIPlugin:80 - create IPUIPlugin
2025-05-20 09:44:41,948 [INFO] PluginManager:220 - loadIPPluginJar : add freertos
2025-05-20 09:44:41,950 [INFO] IPUIPlugin:80 - create IPUIPlugin
2025-05-20 09:44:41,950 [INFO] PluginManager:220 - loadIPPluginJar : add genericplugin
2025-05-20 09:44:41,953 [INFO] IPUIPlugin:80 - create IPUIPlugin
2025-05-20 09:44:41,953 [INFO] PluginManager:220 - loadIPPluginJar : add gfxmmu
2025-05-20 09:44:41,958 [INFO] IPUIPlugin:80 - create IPUIPlugin
2025-05-20 09:44:41,958 [INFO] PluginManager:220 - loadIPPluginJar : add gic
2025-05-20 09:44:41,962 [INFO] IPUIPlugin:80 - create IPUIPlugin
2025-05-20 09:44:41,962 [INFO] PluginManager:220 - loadIPPluginJar : add gpio
2025-05-20 09:44:41,965 [INFO] IPUIPlugin:80 - create IPUIPlugin
2025-05-20 09:44:41,965 [INFO] PluginManager:220 - loadIPPluginJar : add gtzc
2025-05-20 09:44:41,968 [INFO] IPUIPlugin:80 - create IPUIPlugin
2025-05-20 09:44:41,968 [INFO] PluginManager:220 - loadIPPluginJar : add hash
2025-05-20 09:44:41,971 [INFO] IPUIPlugin:80 - create IPUIPlugin
2025-05-20 09:44:41,971 [INFO] PluginManager:220 - loadIPPluginJar : add i2c
2025-05-20 09:44:41,973 [INFO] IPUIPlugin:80 - create IPUIPlugin
2025-05-20 09:44:41,973 [INFO] PluginManager:220 - loadIPPluginJar : add i2s
2025-05-20 09:44:41,976 [INFO] IPUIPlugin:80 - create IPUIPlugin
2025-05-20 09:44:41,976 [INFO] PluginManager:220 - loadIPPluginJar : add i3c
2025-05-20 09:44:41,979 [INFO] IPUIPlugin:80 - create IPUIPlugin
2025-05-20 09:44:41,979 [INFO] PluginManager:220 - loadIPPluginJar : add ipddr
2025-05-20 09:44:41,985 [INFO] IPUIPlugin:80 - create IPUIPlugin
2025-05-20 09:44:41,985 [INFO] PluginManager:220 - loadIPPluginJar : add linkedlist
2025-05-20 09:44:41,988 [INFO] IPUIPlugin:80 - create IPUIPlugin
2025-05-20 09:44:41,988 [INFO] PluginManager:220 - loadIPPluginJar : add lorawan
2025-05-20 09:44:41,991 [INFO] IPUIPlugin:80 - create IPUIPlugin
2025-05-20 09:44:41,991 [INFO] PluginManager:220 - loadIPPluginJar : add ltdc
2025-05-20 09:44:41,997 [INFO] IPUIPlugin:80 - create IPUIPlugin
2025-05-20 09:44:41,997 [INFO] PluginManager:220 - loadIPPluginJar : add mdma
2025-05-20 09:44:42,000 [INFO] IPUIPlugin:80 - create IPUIPlugin
2025-05-20 09:44:42,000 [INFO] PluginManager:220 - loadIPPluginJar : add nvic
2025-05-20 09:44:42,005 [INFO] IPUIPlugin:80 - create IPUIPlugin
2025-05-20 09:44:42,005 [INFO] PluginManager:220 - loadIPPluginJar : add opamp
2025-05-20 09:44:42,009 [INFO] IPUIPlugin:80 - create IPUIPlugin
2025-05-20 09:44:42,009 [INFO] PluginManager:220 - loadIPPluginJar : add openamp
2025-05-20 09:44:42,013 [INFO] IPUIPlugin:80 - create IPUIPlugin
2025-05-20 09:44:42,013 [INFO] PluginManager:220 - loadIPPluginJar : add pdm2pcm
2025-05-20 09:44:42,019 [INFO] IPUIPlugin:80 - create IPUIPlugin
2025-05-20 09:44:42,020 [INFO] PluginManager:220 - loadIPPluginJar : add plateformsettings
2025-05-20 09:44:42,022 [INFO] IPUIPlugin:80 - create IPUIPlugin
2025-05-20 09:44:42,022 [INFO] PluginManager:220 - loadIPPluginJar : add quadspi
2025-05-20 09:44:42,023 [INFO] IPUIPlugin:80 - create IPUIPlugin
2025-05-20 09:44:42,025 [INFO] PluginManager:220 - loadIPPluginJar : add radio
2025-05-20 09:44:42,028 [INFO] IPUIPlugin:80 - create IPUIPlugin
2025-05-20 09:44:42,028 [INFO] PluginManager:220 - loadIPPluginJar : add resmgrutility
2025-05-20 09:44:42,031 [INFO] IPUIPlugin:80 - create IPUIPlugin
2025-05-20 09:44:42,031 [INFO] PluginManager:220 - loadIPPluginJar : add sai
2025-05-20 09:44:42,032 [INFO] IPUIPlugin:80 - create IPUIPlugin
2025-05-20 09:44:42,033 [INFO] PluginManager:220 - loadIPPluginJar : add spi
2025-05-20 09:44:42,037 [INFO] IPUIPlugin:80 - create IPUIPlugin
2025-05-20 09:44:42,037 [INFO] PluginManager:220 - loadIPPluginJar : add stm32_wpan
2025-05-20 09:44:42,039 [INFO] IPUIPlugin:80 - create IPUIPlugin
2025-05-20 09:44:42,039 [INFO] PluginManager:220 - loadIPPluginJar : add tim
2025-05-20 09:44:42,042 [INFO] IPUIPlugin:80 - create IPUIPlugin
2025-05-20 09:44:42,043 [INFO] PluginManager:220 - loadIPPluginJar : add touchsensing
2025-05-20 09:44:42,044 [INFO] IPUIPlugin:80 - create IPUIPlugin
2025-05-20 09:44:42,044 [INFO] PluginManager:220 - loadIPPluginJar : add tracer_emb
2025-05-20 09:44:42,045 [INFO] IPUIPlugin:80 - create IPUIPlugin
2025-05-20 09:44:42,045 [INFO] PluginManager:220 - loadIPPluginJar : add ts
2025-05-20 09:44:42,046 [INFO] IPUIPlugin:80 - create IPUIPlugin
2025-05-20 09:44:42,047 [INFO] PluginManager:220 - loadIPPluginJar : add tsc
2025-05-20 09:44:42,048 [INFO] IPUIPlugin:80 - create IPUIPlugin
2025-05-20 09:44:42,048 [INFO] PluginManager:220 - loadIPPluginJar : add ucpd
2025-05-20 09:44:42,050 [INFO] IPUIPlugin:80 - create IPUIPlugin
2025-05-20 09:44:42,050 [INFO] PluginManager:220 - loadIPPluginJar : add usart
2025-05-20 09:44:42,053 [INFO] IPUIPlugin:80 - create IPUIPlugin
2025-05-20 09:44:42,053 [INFO] PluginManager:220 - loadIPPluginJar : add usbx
2025-05-20 09:44:42,169 [FATAL] Updater:351 - Updater called before beeing initialized
2025-05-20 09:44:42,197 [INFO] RulesReader:64 - Compatibility file has been processed (302 Rules)
2025-05-20 09:44:42,206 [INFO] RulesReader:64 - Compatibility file has been processed (302 Rules)
2025-05-20 09:44:42,217 [INFO] CADModel:165 - CPN selected for project level
2025-05-20 09:44:42,217 [INFO] CADModel:114 - Register for checkConnection events
2025-05-20 09:44:42,217 [FATAL] Updater:351 - Updater called before beeing initialized
2025-05-20 09:44:42,217 [ERROR] CADModel:125 - Updater not yet initialized, retry later 
2025-05-20 09:44:42,364 [FATAL] Updater:351 - Updater called before beeing initialized
2025-05-20 09:44:42,366 [INFO] CADModel:165 - CPN selected for project level
2025-05-20 09:44:42,366 [INFO] CADModel:114 - Register for checkConnection events
2025-05-20 09:44:42,366 [FATAL] Updater:351 - Updater called before beeing initialized
2025-05-20 09:44:42,366 [ERROR] CADModel:125 - Updater not yet initialized, retry later 
2025-05-20 09:44:42,370 [FATAL] Updater:351 - Updater called before beeing initialized
2025-05-20 09:44:42,472 [FATAL] Updater:351 - Updater called before beeing initialized
2025-05-20 09:44:42,475 [INFO] DbMcusAds:53 - JSON generation date=Wed May 07 03:07:55 MDT 2025 (1746608875484)
2025-05-20 09:44:42,475 [FATAL] Updater:351 - Updater called before beeing initialized
2025-05-20 09:44:42,504 [WARN] DetailPanel:346 - Failed to get advertising image, set to default
2025-05-20 09:44:42,679 [FATAL] Updater:351 - Updater called before beeing initialized
2025-05-20 09:44:42,682 [FATAL] Updater:351 - Updater called before beeing initialized
2025-05-20 09:44:42,683 [FATAL] Updater:351 - Updater called before beeing initialized
2025-05-20 09:44:42,683 [WARN] DetailPanel:346 - Failed to get advertising image, set to default
2025-05-20 09:44:42,683 [FATAL] Updater:351 - Updater called before beeing initialized
2025-05-20 09:44:42,726 [ERROR] Updater:1198 - MainUpdater not yet initialized. External WinMGr cannot be set.
2025-05-20 09:44:42,728 [INFO] Updater:1134 - Updater Version found : 6.14.1
2025-05-20 09:44:42,749 [INFO] ApplicationProperties:184 - Using Application install path: C:\ST\STM32CubeIDE_1.18.0\STM32CubeIDE\plugins\com.st.stm32cube.common.mx_6.14.1.202504091515
2025-05-20 09:44:44,321 [ERROR] LogOutputStream:75 - [STDERR_REDIRECT] May 20, 2025 9:44:44 AM java.util.prefs.WindowsPreferences <init>
2025-05-20 09:44:44,322 [ERROR] LogOutputStream:75 - [STDERR_REDIRECT] WARNING: Could not open/create prefs root node Software\JavaSoft\Prefs at root 0xffffffff80000002. Windows RegCreateKeyEx(...) returned error code 5.
2025-05-20 09:44:44,322 [ERROR] LogOutputStream:75 - [STDERR_REDIRECT] 
2025-05-20 09:44:44,413 [INFO] ThirdPartyUpdaterWithRetryManager:70 - Updater plugin not ready yet. [2/15]
2025-05-20 09:44:44,917 [INFO] MainUpdater:2872 - connection check result : 10
2025-05-20 09:44:44,917 [INFO] MainUpdater:3566 - Updater definition file requires update
2025-05-20 09:44:44,918 [INFO] MainUpdater:289 - Updater Check For Update Now.
2025-05-20 09:44:44,918 [INFO] MicroXplorer:498 - Change Database Version : DB.6.0.141
2025-05-20 09:44:44,925 [INFO] McuFinderGlobals:63 - Set McuFinder mode to 2 (CubeIDE integrated)
2025-05-20 09:44:44,927 [INFO] UserAuth:484 - Internet connection configuration mode: 1
2025-05-20 09:44:44,953 [INFO] JxBrowserEngine:152 - Initiate JxBrowser Engine with user profile folder
2025-05-20 09:44:45,069 [INFO] ServerAccessManage:473 - Download File updaters.zip
2025-05-20 09:44:45,137 [INFO] FileExtend:242 - Unzip File : updaters.zip
2025-05-20 09:44:45,137 [INFO] FileExtend:257 - Standard Zip Deflate
2025-05-20 09:44:45,601 [INFO] ServerAccessManage:473 - Download File PacksControlFlags.xml
2025-05-20 09:44:45,753 [INFO] ServerAccessManage:473 - Download File cubemx.pidx
2025-05-20 09:44:45,937 [INFO] LoadServerUpdatesThread:375 - End of LoadServerUpdate Thread
2025-05-20 09:44:46,116 [INFO] CheckServerUpdateThread:120 - End of CheckServer Thread
2025-05-20 09:44:46,898 [INFO] WebApp:169 - Instantiating new browser for Auth
2025-05-20 09:44:47,739 [WARN] PackLoader:240 - Cannot read IP mode file for STMicroelectronics.FP-SNS-MOTENVWB1.1.4.0
2025-05-20 09:44:47,752 [WARN] PackLoader:240 - Cannot read IP mode file for STMicroelectronics.FP-ATR-ASTRA1.2.0.2
2025-05-20 09:44:47,769 [WARN] PackLoader:240 - Cannot read IP mode file for STMicroelectronics.X-CUBE-SMBUS.2.1.0
2025-05-20 09:44:47,780 [WARN] PackLoader:240 - Cannot read IP mode file for STMicroelectronics.X-CUBE-WB05N.1.1.0
2025-05-20 09:44:47,823 [WARN] PackLoader:240 - Cannot read IP mode file for STMicroelectronics.X-CUBE-AZRTOS-F7.1.1.0
2025-05-20 09:44:47,881 [WARN] PackLoader:240 - Cannot read IP mode file for Infineon.AIROC-Wi-Fi-Bluetooth-STM32.1.7.0
2025-05-20 09:44:47,919 [WARN] PackLoader:240 - Cannot read IP mode file for STMicroelectronics.X-CUBE-DISPLAY.3.0.0
2025-05-20 09:44:47,958 [WARN] PackLoader:240 - Cannot read IP mode file for STMicroelectronics.X-CUBE-NFC10.1.0.0
2025-05-20 09:44:47,982 [WARN] PackLoader:240 - Cannot read IP mode file for STMicroelectronics.X-CUBE-BLEMGR.4.0.0
2025-05-20 09:44:48,001 [WARN] PackLoader:240 - Cannot read IP mode file for emotas.I-CUBE-CANOPEN.1.3.0
2025-05-20 09:44:48,009 [WARN] ConditionMgr:438 - getConditionDescription Invalid condition id : Cortex-A Device cause : null
2025-05-20 09:44:48,028 [WARN] ConditionMgr:1044 - genDependencies : Invalid condition id : Cortex-A Device cause : null
2025-05-20 09:44:48,028 [WARN] ConditionMgr:1044 - genDependencies : Invalid condition id : Cortex-A Device cause : null
2025-05-20 09:44:48,028 [WARN] ConditionMgr:1044 - genDependencies : Invalid condition id : Cortex-A Device cause : null
2025-05-20 09:44:48,035 [WARN] PackLoader:240 - Cannot read IP mode file for STMicroelectronics.X-CUBE-AI.10.0.0
2025-05-20 09:44:48,099 [WARN] PackLoader:240 - Cannot read IP mode file for STMicroelectronics.FP-SNS-SMARTAG2.1.2.0
2025-05-20 09:44:48,113 [WARN] PackLoader:240 - Cannot read IP mode file for STMicroelectronics.FP-SNS-FLIGHT1.5.1.0
2025-05-20 09:44:48,140 [INFO] WebApp:463 - Apply proxy settings
2025-05-20 09:44:48,141 [INFO] WebApp:548 - Chromium requires no authentication
2025-05-20 09:44:48,186 [INFO] WebApp:491 - Direct internet connection detected
2025-05-20 09:44:48,225 [WARN] PackLoader:240 - Cannot read IP mode file for STMicroelectronics.X-CUBE-MEMS1.11.1.0
2025-05-20 09:44:48,252 [INFO] WebApp:894 - Register for checkConnection events
2025-05-20 09:44:48,252 [INFO] WebApp:463 - Apply proxy settings
2025-05-20 09:44:48,252 [INFO] WebApp:548 - Chromium requires no authentication
2025-05-20 09:44:48,254 [INFO] WebApp:491 - Direct internet connection detected
2025-05-20 09:44:48,415 [INFO] LogOutputStream:77 - [STDOUT_REDIRECT] 1 : Invalid condition id : UX_CORESTACK_Condition cause : null
2025-05-20 09:44:48,416 [INFO] LogOutputStream:77 - [STDOUT_REDIRECT] 1 : Invalid condition id : UX_CORESTACK_Condition cause : null
2025-05-20 09:44:48,417 [INFO] LogOutputStream:77 - [STDOUT_REDIRECT] 1 : Invalid condition id : UX_CORESTACK_Condition cause : null
2025-05-20 09:44:48,419 [INFO] LogOutputStream:77 - [STDOUT_REDIRECT] 1 : Invalid condition id : UX_CORESTACK_Condition cause : null
2025-05-20 09:44:48,420 [INFO] LogOutputStream:77 - [STDOUT_REDIRECT] 1 : Invalid condition id : UX_CORESTACK_Condition cause : null
2025-05-20 09:44:48,423 [WARN] PackLoader:240 - Cannot read IP mode file for STMicroelectronics.X-CUBE-AZRTOS-WL.2.0.0
2025-05-20 09:44:48,431 [WARN] PackLoader:240 - Cannot read IP mode file for STMicroelectronics.FP-SNS-MOTENV1.5.0.0
2025-05-20 09:44:48,441 [WARN] PackLoader:240 - Cannot read IP mode file for WES.I-CUBE-Cesium.1.3.0
2025-05-20 09:44:48,447 [WARN] PackLoader:240 - Cannot read IP mode file for STMicroelectronics.X-CUBE-BLE2.3.3.0
2025-05-20 09:44:48,455 [WARN] PackLoader:240 - Cannot read IP mode file for STMicroelectronics.X-CUBE-NFC9.1.0.0
2025-05-20 09:44:48,462 [WARN] PackLoader:240 - Cannot read IP mode file for STMicroelectronics.X-CUBE-BLE1.7.1.0
2025-05-20 09:44:48,468 [WARN] PackLoader:240 - Cannot read IP mode file for wolfSSL.I-CUBE-wolfMQTT.1.19.2
2025-05-20 09:44:48,521 [WARN] PackLoader:240 - Cannot read IP mode file for STMicroelectronics.X-CUBE-MEMS1.11.2.0
2025-05-20 09:44:48,594 [INFO] WebApp:191 - Connection restablished
2025-05-20 09:44:48,674 [WARN] PackLoader:240 - Cannot read IP mode file for STMicroelectronics.X-CUBE-AZRTOS-G0.1.1.0
2025-05-20 09:44:48,683 [WARN] PackLoader:240 - Cannot read IP mode file for STMicroelectronics.X-CUBE-SAFEA1.1.2.2
2025-05-20 09:44:48,691 [WARN] PackLoader:240 - Cannot read IP mode file for STMicroelectronics.X-CUBE-NFC4.3.0.0
2025-05-20 09:44:48,703 [WARN] PackLoader:240 - Cannot read IP mode file for EmbeddedOffice.I-CUBE-FS-RTOS.1.0.1
2025-05-20 09:44:48,705 [INFO] WebApp:225 - Starting web application
2025-05-20 09:44:48,706 [INFO] WebApp:593 - Web application path used C:\ST\STM32CubeIDE_1.18.0\STM32CubeIDE\plugins\com.st.stm32cube.common.mx_6.14.1.202504091515\db\plugins\mcufinder\reactClient1\index.html
2025-05-20 09:44:48,709 [WARN] PackLoader:240 - Cannot read IP mode file for STMicroelectronics.X-CUBE-WB05N.2.0.0
2025-05-20 09:44:48,717 [WARN] PackLoader:240 - Cannot read IP mode file for wolfSSL.I-CUBE-wolfTPM.3.8.0
2025-05-20 09:44:48,725 [WARN] PackLoader:240 - Cannot read IP mode file for STMicroelectronics.X-CUBE-TCPP.4.2.0
2025-05-20 09:44:48,734 [WARN] PackLoader:240 - Cannot read IP mode file for RealThread.X-CUBE-RT-Thread_Nano.4.1.1
2025-05-20 09:44:48,740 [WARN] PackLoader:240 - Cannot read IP mode file for STMicroelectronics.FP-ATR-SIGFOX1.3.2.0
2025-05-20 09:44:48,748 [WARN] PackLoader:240 - Cannot read IP mode file for STMicroelectronics.X-CUBE-EEPRMA1.5.1.0
2025-05-20 09:44:48,757 [WARN] PackLoader:240 - Cannot read IP mode file for wolfSSL.I-CUBE-wolfSSL.5.7.6
2025-05-20 09:44:48,765 [WARN] PackLoader:240 - Cannot read IP mode file for ITTIA_DB.I-CUBE-ITTIADB.8.9.0
2025-05-20 09:44:48,817 [WARN] PackLoader:240 - Cannot read IP mode file for SEGGER.I-CUBE-embOS.1.3.1
2025-05-20 09:44:48,873 [WARN] PackLoader:240 - Cannot read IP mode file for STMicroelectronics.X-CUBE-ALGOBUILD.1.4.0
2025-05-20 09:44:48,913 [WARN] PackLoader:240 - Cannot read IP mode file for STMicroelectronics.X-CUBE-AZRTOS-F4.1.1.0
2025-05-20 09:44:48,921 [WARN] PackLoader:240 - Cannot read IP mode file for Avnet-IotConnect.X-CUBE-IoTC-DA16k-PMOD.1.0.0
2025-05-20 09:44:48,927 [WARN] PackLoader:240 - Cannot read IP mode file for STMicroelectronics.X-CUBE-ISPU.2.1.0
2025-05-20 09:44:48,946 [WARN] PackLoader:240 - Cannot read IP mode file for STMicroelectronics.X-CUBE-AZRTOS-L5.2.0.0
2025-05-20 09:44:48,958 [WARN] PackLoader:240 - Cannot read IP mode file for STMicroelectronics.X-CUBE-NFC6.3.1.0
2025-05-20 09:44:48,968 [WARN] PackLoader:240 - Cannot read IP mode file for STMicroelectronics.X-CUBE-FREERTOS.1.3.1
2025-05-20 09:44:48,973 [WARN] PackLoader:240 - Cannot read IP mode file for STMicroelectronics.X-CUBE-FREERTOS.1.3.0
2025-05-20 09:44:48,979 [WARN] PackLoader:240 - Cannot read IP mode file for STMicroelectronics.X-CUBE-NFC7.1.0.1
2025-05-20 09:44:48,987 [WARN] PackLoader:240 - Cannot read IP mode file for STMicroelectronics.X-CUBE-DPower.1.3.0
2025-05-20 09:44:49,007 [WARN] ConditionMgr:438 - getConditionDescription Invalid condition id : LAN8742 Phy interface Condition cause : null
2025-05-20 09:44:49,008 [WARN] PackLoader:240 - Cannot read IP mode file for STMicroelectronics.X-CUBE-AZRTOS-L4.2.0.0
2025-05-20 09:44:49,010 [WARN] ConditionMgr:1044 - genDependencies : Invalid condition id : LAN8742 Phy interface Condition cause : null
2025-05-20 09:44:49,010 [WARN] ConditionMgr:1044 - genDependencies : Invalid condition id : LAN8742 Phy interface Condition cause : null
2025-05-20 09:44:49,011 [WARN] ConditionMgr:1044 - genDependencies : Invalid condition id : LAN8742 Phy interface Condition cause : null
2025-05-20 09:44:49,021 [WARN] PackLoader:240 - Cannot read IP mode file for STMicroelectronics.X-CUBE-SFXS2LP1.4.0.0
2025-05-20 09:44:49,044 [WARN] PackLoader:240 - Cannot read IP mode file for STMicroelectronics.X-CUBE-AZRTOS-H7.3.3.0
2025-05-20 09:44:49,061 [WARN] ConditionMgr:438 - getConditionDescription Invalid condition id : UX DEVICE CLASS RTOS Condition cause : null
2025-05-20 09:44:49,062 [WARN] ConditionMgr:438 - getConditionDescription Invalid condition id : UX DEVICE CLASS RTOS Condition cause : null
2025-05-20 09:44:49,064 [WARN] PackLoader:240 - Cannot read IP mode file for STMicroelectronics.X-CUBE-AZRTOS-WB.2.0.0
2025-05-20 09:44:49,065 [WARN] ConditionMgr:1044 - genDependencies : Invalid condition id : UX DEVICE CLASS RTOS Condition cause : null
2025-05-20 09:44:49,065 [WARN] ConditionMgr:1044 - genDependencies : Invalid condition id : UX DEVICE CLASS RTOS Condition cause : null
2025-05-20 09:44:49,066 [WARN] ConditionMgr:1044 - genDependencies : Invalid condition id : UX DEVICE CLASS RTOS Condition cause : null
2025-05-20 09:44:49,066 [WARN] ConditionMgr:1044 - genDependencies : Invalid condition id : UX DEVICE CLASS RTOS Condition cause : null
2025-05-20 09:44:49,066 [WARN] ConditionMgr:1044 - genDependencies : Invalid condition id : UX DEVICE CLASS RTOS Condition cause : null
2025-05-20 09:44:49,074 [WARN] PackLoader:240 - Cannot read IP mode file for STMicroelectronics.X-CUBE-GNSS1.7.0.1
2025-05-20 09:44:49,082 [WARN] PackLoader:240 - Cannot read IP mode file for STMicroelectronics.X-CUBE-TOUCHGFX.4.25.0
2025-05-20 09:44:49,091 [WARN] PackLoader:240 - Cannot read IP mode file for STMicroelectronics.FP-SNS-STBOX1.2.0.0
2025-05-20 09:44:49,104 [WARN] PackLoader:240 - Cannot read IP mode file for STMicroelectronics.X-CUBE-SUBG2.5.0.0
2025-05-20 09:44:49,132 [WARN] PackLoader:240 - Cannot read IP mode file for STMicroelectronics.X-CUBE-AZRTOS-H7RS.1.1.0
2025-05-20 09:44:49,140 [WARN] PackLoader:240 - Cannot read IP mode file for Cesanta.I-CUBE-Mongoose.7.13.0
2025-05-20 09:44:49,156 [WARN] PackLoader:240 - Cannot read IP mode file for STMicroelectronics.X-CUBE-AZRTOS-G4.2.0.0
2025-05-20 09:44:49,163 [WARN] PackLoader:240 - Cannot read IP mode file for wolfSSL.I-CUBE-wolfSSH.1.4.20
2025-05-20 09:44:49,169 [WARN] PackLoader:240 - Cannot read IP mode file for STMicroelectronics.X-CUBE-NFC7.2.0.0
2025-05-20 09:44:49,183 [WARN] PackLoader:240 - Cannot read IP mode file for STMicroelectronics.X-CUBE-IPS.3.1.0
2025-05-20 09:44:49,196 [WARN] PackLoader:240 - Cannot read IP mode file for STMicroelectronics.X-CUBE-ALS.1.0.2
2025-05-20 09:44:49,204 [WARN] PackLoader:240 - Cannot read IP mode file for portGmbH.I-Cube-SoM-uGOAL.1.1.0
2025-05-20 09:44:49,217 [WARN] PackLoader:240 - Cannot read IP mode file for STMicroelectronics.X-CUBE-TOF1.3.4.2
2025-05-20 09:44:49,234 [INFO] UserAuth:484 - Internet connection configuration mode: 1
2025-05-20 09:44:49,239 [WARN] PackLoader:240 - Cannot read IP mode file for STMicroelectronics.X-CUBE-TOF1.3.4.3
2025-05-20 09:44:49,268 [INFO] ThirdParty:978 - Integrity check success = true
2025-05-20 09:44:49,268 [INFO] IntegrityCheckThread:100 - exiting critical section [integrity check]
2025-05-20 09:44:49,268 [INFO] IntegrityCheckThread:103 - End integrity checks thread
2025-05-20 09:44:50,003 [ERROR] LogOutputStream:75 - [STDERR_REDIRECT] [Fatal Error] :1:1: Premature end of file.
2025-05-20 09:44:50,004 [ERROR] LogOutputStream:75 - [STDERR_REDIRECT] 
2025-05-20 09:44:50,425 [ERROR] LogOutputStream:75 - [STDERR_REDIRECT] [Fatal Error] :1:1: Premature end of file.
2025-05-20 09:44:50,425 [ERROR] LogOutputStream:75 - [STDERR_REDIRECT] 
2025-05-20 09:44:51,433 [ERROR] LogOutputStream:75 - [STDERR_REDIRECT] [Fatal Error] :1:1: Premature end of file.
2025-05-20 09:44:51,433 [ERROR] LogOutputStream:75 - [STDERR_REDIRECT] 
2025-05-20 09:44:52,603 [ERROR] LogOutputStream:75 - [STDERR_REDIRECT] [Fatal Error] :1:1: Premature end of file.
2025-05-20 09:44:52,603 [ERROR] LogOutputStream:75 - [STDERR_REDIRECT] 
2025-05-20 09:44:53,469 [ERROR] LogOutputStream:75 - [STDERR_REDIRECT] [Fatal Error] :1:1: Premature end of file.
2025-05-20 09:44:53,470 [ERROR] LogOutputStream:75 - [STDERR_REDIRECT] 
2025-05-20 09:44:54,620 [ERROR] LogOutputStream:75 - [STDERR_REDIRECT] [Fatal Error] :1:1: Premature end of file.
2025-05-20 09:44:54,620 [ERROR] LogOutputStream:75 - [STDERR_REDIRECT] 
2025-05-20 09:44:55,472 [ERROR] LogOutputStream:75 - [STDERR_REDIRECT] [Fatal Error] :1:1: Premature end of file.
2025-05-20 09:44:55,472 [ERROR] LogOutputStream:75 - [STDERR_REDIRECT] 
2025-05-20 09:44:56,529 [ERROR] LogOutputStream:75 - [STDERR_REDIRECT] [Fatal Error] :1:1: Premature end of file.
2025-05-20 09:44:56,529 [ERROR] LogOutputStream:75 - [STDERR_REDIRECT] 
2025-05-20 09:44:57,421 [ERROR] LogOutputStream:75 - [STDERR_REDIRECT] [Fatal Error] :1:1: Premature end of file.
2025-05-20 09:44:57,421 [ERROR] LogOutputStream:75 - [STDERR_REDIRECT] 
2025-05-20 09:44:58,403 [ERROR] LogOutputStream:75 - [STDERR_REDIRECT] [Fatal Error] :1:1: Premature end of file.
2025-05-20 09:44:58,403 [ERROR] LogOutputStream:75 - [STDERR_REDIRECT] 
2025-05-20 09:44:59,399 [ERROR] LogOutputStream:75 - [STDERR_REDIRECT] [Fatal Error] :1:1: Premature end of file.
2025-05-20 09:44:59,399 [ERROR] LogOutputStream:75 - [STDERR_REDIRECT] 
2025-05-20 09:45:00,399 [ERROR] LogOutputStream:75 - [STDERR_REDIRECT] [Fatal Error] :1:1: Premature end of file.
2025-05-20 09:45:00,399 [ERROR] LogOutputStream:75 - [STDERR_REDIRECT] 
2025-05-20 09:45:01,424 [ERROR] LogOutputStream:75 - [STDERR_REDIRECT] [Fatal Error] :1:1: Premature end of file.
2025-05-20 09:45:01,424 [ERROR] LogOutputStream:75 - [STDERR_REDIRECT] 
2025-05-20 09:45:02,378 [ERROR] LogOutputStream:75 - [STDERR_REDIRECT] [Fatal Error] :1:1: Premature end of file.
2025-05-20 09:45:02,380 [ERROR] LogOutputStream:75 - [STDERR_REDIRECT] 
2025-05-20 09:45:03,408 [ERROR] LogOutputStream:75 - [STDERR_REDIRECT] [Fatal Error] :1:1: Premature end of file.
2025-05-20 09:45:03,410 [ERROR] LogOutputStream:75 - [STDERR_REDIRECT] 
2025-05-20 09:45:04,401 [ERROR] LogOutputStream:75 - [STDERR_REDIRECT] [Fatal Error] :1:1: Premature end of file.
2025-05-20 09:45:04,403 [ERROR] LogOutputStream:75 - [STDERR_REDIRECT] 
2025-05-20 09:45:05,364 [ERROR] LogOutputStream:75 - [STDERR_REDIRECT] [Fatal Error] :1:1: Premature end of file.
2025-05-20 09:45:05,364 [ERROR] LogOutputStream:75 - [STDERR_REDIRECT] 
2025-05-20 09:45:06,379 [ERROR] LogOutputStream:75 - [STDERR_REDIRECT] [Fatal Error] :1:1: Premature end of file.
2025-05-20 09:45:06,379 [ERROR] LogOutputStream:75 - [STDERR_REDIRECT] 
2025-05-20 09:45:07,374 [ERROR] LogOutputStream:75 - [STDERR_REDIRECT] [Fatal Error] :1:1: Premature end of file.
2025-05-20 09:45:07,374 [ERROR] LogOutputStream:75 - [STDERR_REDIRECT] 
2025-05-20 09:45:08,396 [ERROR] LogOutputStream:75 - [STDERR_REDIRECT] [Fatal Error] :1:1: Premature end of file.
2025-05-20 09:45:08,396 [ERROR] LogOutputStream:75 - [STDERR_REDIRECT] 
2025-05-20 09:45:09,346 [ERROR] LogOutputStream:75 - [STDERR_REDIRECT] [Fatal Error] :1:1: Premature end of file.
2025-05-20 09:45:09,346 [ERROR] LogOutputStream:75 - [STDERR_REDIRECT] 
2025-05-20 09:45:10,359 [ERROR] LogOutputStream:75 - [STDERR_REDIRECT] [Fatal Error] :1:1: Premature end of file.
2025-05-20 09:45:10,359 [ERROR] LogOutputStream:75 - [STDERR_REDIRECT] 
2025-05-20 09:45:11,356 [ERROR] LogOutputStream:75 - [STDERR_REDIRECT] [Fatal Error] :1:1: Premature end of file.
2025-05-20 09:45:11,356 [ERROR] LogOutputStream:75 - [STDERR_REDIRECT] 
2025-05-20 09:45:12,353 [ERROR] LogOutputStream:75 - [STDERR_REDIRECT] [Fatal Error] :1:1: Premature end of file.
2025-05-20 09:45:12,353 [ERROR] LogOutputStream:75 - [STDERR_REDIRECT] 
2025-05-20 09:45:13,353 [INFO] WebApp:194 - Connection lost
2025-05-20 09:45:13,406 [ERROR] LogOutputStream:75 - [STDERR_REDIRECT] [Fatal Error] :1:1: Premature end of file.
2025-05-20 09:45:13,406 [ERROR] LogOutputStream:75 - [STDERR_REDIRECT] 
2025-05-20 09:45:13,570 [INFO] WebApp:191 - Connection restablished
2025-05-20 09:45:14,529 [ERROR] LogOutputStream:75 - [STDERR_REDIRECT] [Fatal Error] :1:1: Premature end of file.
2025-05-20 09:45:14,537 [ERROR] LogOutputStream:75 - [STDERR_REDIRECT] 
2025-05-20 09:45:15,352 [ERROR] LogOutputStream:75 - [STDERR_REDIRECT] [Fatal Error] :1:1: Premature end of file.
2025-05-20 09:45:15,356 [ERROR] LogOutputStream:75 - [STDERR_REDIRECT] 
2025-05-20 09:45:16,389 [ERROR] LogOutputStream:75 - [STDERR_REDIRECT] [Fatal Error] :1:1: Premature end of file.
2025-05-20 09:45:16,389 [ERROR] LogOutputStream:75 - [STDERR_REDIRECT] 
2025-05-20 09:45:17,414 [ERROR] LogOutputStream:75 - [STDERR_REDIRECT] [Fatal Error] :1:1: Premature end of file.
2025-05-20 09:45:17,414 [ERROR] LogOutputStream:75 - [STDERR_REDIRECT] 
2025-05-20 09:45:18,393 [ERROR] LogOutputStream:75 - [STDERR_REDIRECT] [Fatal Error] :1:1: Premature end of file.
2025-05-20 09:45:18,393 [ERROR] LogOutputStream:75 - [STDERR_REDIRECT] 
2025-05-20 09:45:19,400 [ERROR] LogOutputStream:75 - [STDERR_REDIRECT] [Fatal Error] :1:1: Premature end of file.
2025-05-20 09:45:19,400 [ERROR] LogOutputStream:75 - [STDERR_REDIRECT] 
2025-05-20 09:45:20,358 [ERROR] LogOutputStream:75 - [STDERR_REDIRECT] [Fatal Error] :1:1: Premature end of file.
2025-05-20 09:45:20,359 [ERROR] LogOutputStream:75 - [STDERR_REDIRECT] 
2025-05-20 09:45:21,380 [ERROR] LogOutputStream:75 - [STDERR_REDIRECT] [Fatal Error] :1:1: Premature end of file.
2025-05-20 09:45:21,382 [ERROR] LogOutputStream:75 - [STDERR_REDIRECT] 
2025-05-20 09:45:22,537 [ERROR] LogOutputStream:75 - [STDERR_REDIRECT] [Fatal Error] :1:1: Premature end of file.
2025-05-20 09:45:22,539 [ERROR] LogOutputStream:75 - [STDERR_REDIRECT] 
2025-05-20 09:45:23,383 [ERROR] LogOutputStream:75 - [STDERR_REDIRECT] [Fatal Error] :1:1: Premature end of file.
2025-05-20 09:45:23,383 [ERROR] LogOutputStream:75 - [STDERR_REDIRECT] 
2025-05-20 09:45:24,390 [ERROR] LogOutputStream:75 - [STDERR_REDIRECT] [Fatal Error] :1:1: Premature end of file.
2025-05-20 09:45:24,390 [ERROR] LogOutputStream:75 - [STDERR_REDIRECT] 
2025-05-20 09:45:25,376 [ERROR] LogOutputStream:75 - [STDERR_REDIRECT] [Fatal Error] :1:1: Premature end of file.
2025-05-20 09:45:25,378 [ERROR] LogOutputStream:75 - [STDERR_REDIRECT] 
2025-05-20 09:45:26,370 [ERROR] LogOutputStream:75 - [STDERR_REDIRECT] [Fatal Error] :1:1: Premature end of file.
2025-05-20 09:45:26,370 [ERROR] LogOutputStream:75 - [STDERR_REDIRECT] 
2025-05-20 09:45:27,387 [ERROR] LogOutputStream:75 - [STDERR_REDIRECT] [Fatal Error] :1:1: Premature end of file.
2025-05-20 09:45:27,387 [ERROR] LogOutputStream:75 - [STDERR_REDIRECT] 
2025-05-20 09:45:28,367 [ERROR] LogOutputStream:75 - [STDERR_REDIRECT] [Fatal Error] :1:1: Premature end of file.
2025-05-20 09:45:28,367 [ERROR] LogOutputStream:75 - [STDERR_REDIRECT] 
2025-05-20 09:45:29,372 [ERROR] LogOutputStream:75 - [STDERR_REDIRECT] [Fatal Error] :1:1: Premature end of file.
2025-05-20 09:45:29,374 [ERROR] LogOutputStream:75 - [STDERR_REDIRECT] 
2025-05-20 09:45:30,360 [ERROR] LogOutputStream:75 - [STDERR_REDIRECT] [Fatal Error] :1:1: Premature end of file.
2025-05-20 09:45:30,360 [ERROR] LogOutputStream:75 - [STDERR_REDIRECT] 
2025-05-20 09:45:31,368 [ERROR] LogOutputStream:75 - [STDERR_REDIRECT] [Fatal Error] :1:1: Premature end of file.
2025-05-20 09:45:31,368 [ERROR] LogOutputStream:75 - [STDERR_REDIRECT] 
2025-05-20 09:45:32,354 [ERROR] LogOutputStream:75 - [STDERR_REDIRECT] [Fatal Error] :1:1: Premature end of file.
2025-05-20 09:45:32,354 [ERROR] LogOutputStream:75 - [STDERR_REDIRECT] 
2025-05-20 09:45:33,355 [ERROR] LogOutputStream:75 - [STDERR_REDIRECT] [Fatal Error] :1:1: Premature end of file.
2025-05-20 09:45:33,356 [ERROR] LogOutputStream:75 - [STDERR_REDIRECT] 
2025-05-20 09:45:34,364 [ERROR] LogOutputStream:75 - [STDERR_REDIRECT] [Fatal Error] :1:1: Premature end of file.
2025-05-20 09:45:34,364 [ERROR] LogOutputStream:75 - [STDERR_REDIRECT] 
2025-05-20 09:45:35,350 [ERROR] LogOutputStream:75 - [STDERR_REDIRECT] [Fatal Error] :1:1: Premature end of file.
2025-05-20 09:45:35,350 [ERROR] LogOutputStream:75 - [STDERR_REDIRECT] 
2025-05-20 09:45:36,344 [ERROR] LogOutputStream:75 - [STDERR_REDIRECT] [Fatal Error] :1:1: Premature end of file.
2025-05-20 09:45:36,348 [ERROR] LogOutputStream:75 - [STDERR_REDIRECT] 
2025-05-20 09:45:37,344 [ERROR] LogOutputStream:75 - [STDERR_REDIRECT] [Fatal Error] :1:1: Premature end of file.
2025-05-20 09:45:37,344 [ERROR] LogOutputStream:75 - [STDERR_REDIRECT] 
2025-05-20 09:45:38,362 [ERROR] LogOutputStream:75 - [STDERR_REDIRECT] [Fatal Error] :1:1: Premature end of file.
2025-05-20 09:45:38,366 [ERROR] LogOutputStream:75 - [STDERR_REDIRECT] 
2025-05-20 09:45:39,358 [ERROR] LogOutputStream:75 - [STDERR_REDIRECT] [Fatal Error] :1:1: Premature end of file.
2025-05-20 09:45:39,361 [ERROR] LogOutputStream:75 - [STDERR_REDIRECT] 
2025-05-20 09:45:40,364 [ERROR] LogOutputStream:75 - [STDERR_REDIRECT] [Fatal Error] :1:1: Premature end of file.
2025-05-20 09:45:40,365 [ERROR] LogOutputStream:75 - [STDERR_REDIRECT] 
2025-05-20 09:45:41,346 [ERROR] LogOutputStream:75 - [STDERR_REDIRECT] [Fatal Error] :1:1: Premature end of file.
2025-05-20 09:45:41,346 [ERROR] LogOutputStream:75 - [STDERR_REDIRECT] 
2025-05-20 09:45:42,348 [ERROR] LogOutputStream:75 - [STDERR_REDIRECT] [Fatal Error] :1:1: Premature end of file.
2025-05-20 09:45:42,348 [ERROR] LogOutputStream:75 - [STDERR_REDIRECT] 
2025-05-20 09:45:43,376 [ERROR] LogOutputStream:75 - [STDERR_REDIRECT] [Fatal Error] :1:1: Premature end of file.
2025-05-20 09:45:43,376 [ERROR] LogOutputStream:75 - [STDERR_REDIRECT] 
2025-05-20 09:45:44,379 [ERROR] LogOutputStream:75 - [STDERR_REDIRECT] [Fatal Error] :1:1: Premature end of file.
2025-05-20 09:45:44,379 [ERROR] LogOutputStream:75 - [STDERR_REDIRECT] 
2025-05-20 09:45:45,350 [ERROR] LogOutputStream:75 - [STDERR_REDIRECT] [Fatal Error] :1:1: Premature end of file.
2025-05-20 09:45:45,350 [ERROR] LogOutputStream:75 - [STDERR_REDIRECT] 
2025-05-20 09:45:46,343 [ERROR] LogOutputStream:75 - [STDERR_REDIRECT] [Fatal Error] :1:1: Premature end of file.
2025-05-20 09:45:46,345 [ERROR] LogOutputStream:75 - [STDERR_REDIRECT] 
2025-05-20 09:45:47,349 [ERROR] LogOutputStream:75 - [STDERR_REDIRECT] [Fatal Error] :1:1: Premature end of file.
2025-05-20 09:45:47,350 [ERROR] LogOutputStream:75 - [STDERR_REDIRECT] 
2025-05-20 09:45:48,360 [ERROR] LogOutputStream:75 - [STDERR_REDIRECT] [Fatal Error] :1:1: Premature end of file.
2025-05-20 09:45:48,361 [ERROR] LogOutputStream:75 - [STDERR_REDIRECT] 
2025-05-20 09:45:49,352 [ERROR] LogOutputStream:75 - [STDERR_REDIRECT] [Fatal Error] :1:1: Premature end of file.
2025-05-20 09:45:49,353 [ERROR] LogOutputStream:75 - [STDERR_REDIRECT] 
2025-05-20 09:45:50,344 [ERROR] LogOutputStream:75 - [STDERR_REDIRECT] [Fatal Error] :1:1: Premature end of file.
2025-05-20 09:45:50,345 [ERROR] LogOutputStream:75 - [STDERR_REDIRECT] 
2025-05-20 09:45:50,971 [INFO] McuFinderGlobals:63 - Set McuFinder mode to 2 (CubeIDE integrated)
2025-05-20 09:45:50,976 [INFO] MainUpdater:2872 - connection check result : 10
2025-05-20 09:45:50,981 [INFO] McuFinderGlobals:76 - Set McuFinderConnectedMode to true
2025-05-20 09:45:51,216 [INFO] ServerAccessManage:473 - Download File mcusAds.json._tmp_
2025-05-20 09:45:51,348 [INFO] LoadUrlFilesThread:156 - End of LoadUrlFiles Thread
2025-05-20 09:45:51,392 [ERROR] LogOutputStream:75 - [STDERR_REDIRECT] [Fatal Error] :1:1: Premature end of file.
2025-05-20 09:45:51,392 [ERROR] LogOutputStream:75 - [STDERR_REDIRECT] 
2025-05-20 09:45:52,339 [INFO] ServerAccessManage:473 - Download File cube-finder-db.zip
2025-05-20 09:45:52,345 [ERROR] LogOutputStream:75 - [STDERR_REDIRECT] [Fatal Error] :1:1: Premature end of file.
2025-05-20 09:45:52,346 [ERROR] LogOutputStream:75 - [STDERR_REDIRECT] 
2025-05-20 09:45:53,349 [ERROR] LogOutputStream:75 - [STDERR_REDIRECT] [Fatal Error] :1:1: Premature end of file.
2025-05-20 09:45:53,349 [ERROR] LogOutputStream:75 - [STDERR_REDIRECT] 
2025-05-20 09:45:54,357 [ERROR] LogOutputStream:75 - [STDERR_REDIRECT] [Fatal Error] :1:1: Premature end of file.
2025-05-20 09:45:54,358 [ERROR] LogOutputStream:75 - [STDERR_REDIRECT] 
2025-05-20 09:45:55,023 [INFO] FileExtend:242 - Unzip File : cube-finder-db.zip
2025-05-20 09:45:55,024 [INFO] FileExtend:257 - Standard Zip Deflate
2025-05-20 09:45:55,419 [ERROR] LogOutputStream:75 - [STDERR_REDIRECT] [Fatal Error] :1:1: Premature end of file.
2025-05-20 09:45:55,419 [ERROR] LogOutputStream:75 - [STDERR_REDIRECT] 
2025-05-20 09:45:56,338 [ERROR] LogOutputStream:75 - [STDERR_REDIRECT] [Fatal Error] :1:1: Premature end of file.
2025-05-20 09:45:56,339 [ERROR] LogOutputStream:75 - [STDERR_REDIRECT] 
2025-05-20 09:45:56,381 [INFO] LoadUrlFilesThread:156 - End of LoadUrlFiles Thread
2025-05-20 09:45:57,270 [INFO] ServerAccessManage:473 - Download File crdb.zip
2025-05-20 09:45:57,343 [ERROR] LogOutputStream:75 - [STDERR_REDIRECT] [Fatal Error] :1:1: Premature end of file.
2025-05-20 09:45:57,343 [ERROR] LogOutputStream:75 - [STDERR_REDIRECT] 
2025-05-20 09:45:58,104 [INFO] FileExtend:242 - Unzip File : crdb.zip
2025-05-20 09:45:58,104 [INFO] FileExtend:257 - Standard Zip Deflate
2025-05-20 09:45:58,236 [INFO] LoadUrlFilesThread:156 - End of LoadUrlFiles Thread
2025-05-20 09:45:58,342 [ERROR] LogOutputStream:75 - [STDERR_REDIRECT] [Fatal Error] :1:1: Premature end of file.
2025-05-20 09:45:58,342 [ERROR] LogOutputStream:75 - [STDERR_REDIRECT] 
2025-05-20 09:45:59,203 [INFO] ServerAccessManage:473 - Download File tutoVideoDB.zip
2025-05-20 09:45:59,210 [INFO] FileExtend:242 - Unzip File : tutoVideoDB.zip
2025-05-20 09:45:59,211 [INFO] FileExtend:257 - Standard Zip Deflate
2025-05-20 09:45:59,321 [INFO] LoadUrlFilesThread:156 - End of LoadUrlFiles Thread
2025-05-20 09:45:59,324 [WARN] DbFile:41 - Overriding database path with different value: C:\Users\hamdo\.stmcufinder\plugins\mcufinder/ => C:\Users\hamdo\.stmcufinder\plugins\mcufinder
2025-05-20 09:45:59,355 [ERROR] LogOutputStream:75 - [STDERR_REDIRECT] [Fatal Error] :1:1: Premature end of file.
2025-05-20 09:45:59,355 [ERROR] LogOutputStream:75 - [STDERR_REDIRECT] 
2025-05-20 09:45:59,852 [INFO] ServerAccessManage:473 - Download File api_config.json
2025-05-20 09:45:59,958 [INFO] LoadUrlFilesThread:156 - End of LoadUrlFiles Thread
2025-05-20 09:45:59,958 [INFO] DbMcusAds:53 - JSON generation date=Wed May 07 03:07:55 MDT 2025 (1746608875679)
2025-05-20 09:45:59,993 [INFO] LoadUrlFilesThread:185 - End of LoadServerUrlFiles without Thread
2025-05-20 09:45:59,993 [INFO] TargetSelectorAdapter:259 - Refresh data is successful
2025-05-20 09:46:00,141 [INFO] ApiDb:581 - Connected to CubeFinder SQLite database (C:\Users\hamdo\.stmcufinder\plugins\mcufinder\mcu\cube-finder-db.db)
2025-05-20 09:46:00,206 [INFO] ApiDb:668 - CubeFinder database Data Model version=2.1
2025-05-20 09:46:00,206 [INFO] ApiDb:669 - CubeFinder database Configuration version=3.0.39
2025-05-20 09:46:00,207 [INFO] ApiDb:670 - CubeFinder database generation date=2025-04-23 (1745419778)
2025-05-20 09:46:00,207 [INFO] ApiDb:671 - CubeFinder database FW Pack versions=[FP-ATR-ASTRA1_V2.0.0, FP-SNS-FLIGHT1_V5.1.0, FP-SNS-MOTENV1_V5.0.0, FP-SNS-MOTENVWB1_V1.4.0, FP-SNS-SMARTAG2_V1.2.0, FP-SNS-STBOX1_V2.0.0, STM32Cube_FW_C0_V1.4.0, STM32Cube_FW_F4_V1.28.1, STM32Cube_FW_F7_V1.17.2, STM32Cube_FW_G0_V1.6.2, STM32Cube_FW_G4_V1.6.1, STM32Cube_FW_H5_V1.5.0, STM32Cube_FW_H7RS_V1.2.0, STM32Cube_FW_H7_V1.12.1, STM32Cube_FW_L0_V1.12.2, STM32Cube_FW_L4_V1.18.1, STM32Cube_FW_L5_V1.5.1, STM32Cube_FW_N6_V1.1.1, STM32Cube_FW_U0_V1.2.0, STM32Cube_FW_U3_V1.1.0, STM32Cube_FW_U5_V1.7.0, STM32Cube_FW_WB0_V1.2.0, STM32Cube_FW_WBA_V1.6.0, STM32Cube_FW_WB_V1.22.0, STM32Cube_FW_WL3_V1.1.0, STM32Cube_FW_WL_V1.3.1, X-CUBE-ALGOBUILD_V1.4.0, X-CUBE-ALS_V1.0.2, X-CUBE-AZRTOS-F4_V1.1.0, X-CUBE-AZRTOS-F7_V1.1.0, X-CUBE-AZRTOS-G0_V1.1.0, X-CUBE-AZRTOS-G4_V2.0.0, X-CUBE-AZRTOS-H7RS_V1.1.0, X-CUBE-AZRTOS-H7_V3.3.0, X-CUBE-AZRTOS-L4_V2.0.0, X-CUBE-AZRTOS-L5_V2.0.0, X-CUBE-AZRTOS-WB_V2.0.0, X-CUBE-AZRTOS-WL_V2.0.0, X-CUBE-BLE1_V7.1.0, X-CUBE-BLE2_V3.3.0, X-CUBE-BLEMGR_V4.0.0, X-CUBE-EEPRMA1_V5.1.0, X-CUBE-FREERTOS_V1.3.0, X-CUBE-GNSS1_V6.0.0, X-CUBE-MEMS1_V11.2.0, X-CUBE-NFC4_V3.0.0, X-CUBE-NFC7_V1.0.1, X-CUBE-SFXS2LP1_V4.0.0, X-CUBE-SUBG2_V5.0.0, X-CUBE-TOF1_V3.4.3]
2025-05-20 09:46:00,350 [ERROR] LogOutputStream:75 - [STDERR_REDIRECT] [Fatal Error] :1:1: Premature end of file.
2025-05-20 09:46:00,350 [ERROR] LogOutputStream:75 - [STDERR_REDIRECT] 
2025-05-20 09:46:01,392 [ERROR] LogOutputStream:75 - [STDERR_REDIRECT] [Fatal Error] :1:1: Premature end of file.
2025-05-20 09:46:01,392 [ERROR] LogOutputStream:75 - [STDERR_REDIRECT] 
2025-05-20 09:46:02,394 [ERROR] LogOutputStream:75 - [STDERR_REDIRECT] [Fatal Error] :1:1: Premature end of file.
2025-05-20 09:46:02,402 [ERROR] LogOutputStream:75 - [STDERR_REDIRECT] 
2025-05-20 09:46:03,372 [ERROR] LogOutputStream:75 - [STDERR_REDIRECT] [Fatal Error] :1:1: Premature end of file.
2025-05-20 09:46:03,372 [ERROR] LogOutputStream:75 - [STDERR_REDIRECT] 
2025-05-20 09:46:04,377 [ERROR] LogOutputStream:75 - [STDERR_REDIRECT] [Fatal Error] :1:1: Premature end of file.
2025-05-20 09:46:04,377 [ERROR] LogOutputStream:75 - [STDERR_REDIRECT] 
2025-05-20 09:46:05,342 [ERROR] LogOutputStream:75 - [STDERR_REDIRECT] [Fatal Error] :1:1: Premature end of file.
2025-05-20 09:46:05,342 [ERROR] LogOutputStream:75 - [STDERR_REDIRECT] 
2025-05-20 09:46:06,356 [ERROR] LogOutputStream:75 - [STDERR_REDIRECT] [Fatal Error] :1:1: Premature end of file.
2025-05-20 09:46:06,356 [ERROR] LogOutputStream:75 - [STDERR_REDIRECT] 
2025-05-20 09:46:06,761 [INFO] ApiDb:240 - Found 895 in-development CPN: [B-G473E-ZEST1S, B-WB1M-WPAN1, B-WBA5M-WPAN, B-WL5M-SUBG1, NUCLEO-C031C6, NUCLEO-C051C8, NUCLEO-C071RB, NUCLEO-C092RC, NUCLEO-H503RB, NUCLEO-H533RE, NUCLEO-H563ZI, NUCLEO-H7S3L8, NUCLEO-N657X0-Q, NUCLEO-U031R8, NUCLEO-U083RC, NUCLEO-U385RG-Q, NUCLEO-U545RE-Q, NUCLEO-U5A5ZJ-Q, NUCLEO-WB05KZ, NUCLEO-WB07CC, NUCLEO-WB09KE, NUCLEO-WBA52CG, NUCLEO-WBA55CG, NUCLEO-WBA65RI, NUCLEO-WL33CC1, NUCLEO-WL33CC2, STEVAL-PROTEUS1, STEVAL-SMARTAG2, STEVAL-STWINBX1, STM320518-EVAL, STM32C0116-DK, STM32C011D6Y3TR, STM32C011D6Y6TR, STM32C011F4P3, STM32C011F4P6, STM32C011F4U3, STM32C011F4U6TR, STM32C011F6P3, STM32C011F6P6, STM32C011F6U3, STM32C011F6U6TR, STM32C011J4M3, STM32C011J4M6, STM32C011J6M3, STM32C011J6M6, STM32C0316-DK, STM32C031C4T3, STM32C031C4T6, STM32C031C4U3, STM32C031C4U6, STM32C031C6T3, STM32C031C6T6, STM32C031C6U3, STM32C031C6U6, STM32C031F4P3, STM32C031F4P6, STM32C031F6P3, STM32C031F6P6, STM32C031G4U3, STM32C031G4U6, STM32C031G6U3, STM32C031G6U6, STM32C031K4T3, STM32C031K4T6, STM32C031K4U3, STM32C031K4U6, STM32C031K6T3, STM32C031K6T6, STM32C031K6U3, STM32C031K6U6, STM32C051C6T6, STM32C051C6U6, STM32C051C8T6, STM32C051C8U6, STM32C051D8Y6TR, STM32C051F6P6, STM32C051F8P6, STM32C051G6U6, STM32C051G8U6, STM32C051K6T6, STM32C051K6U6, STM32C051K8T6, STM32C071C8T6, STM32C071C8T6N, STM32C071C8U6, STM32C071C8U6N, STM32C071CBT6, STM32C071CBT6N, STM32C071CBU6, STM32C071CBU6N, STM32C071F8P6, STM32C071F8P6N, STM32C071FBP6, STM32C071FBP6N, STM32C071FBY6TR, STM32C071G8U6, STM32C071G8U6N, STM32C071GBU6, STM32C071GBU6N, STM32C071K8T6, STM32C071K8T6N, STM32C071K8U6, STM32C071K8U6N, STM32C071KBT6, STM32C071KBT6N, STM32C071KBU6, STM32C071KBU6N, STM32C071R8T6, STM32C071R8T6N, STM32C071RBI6N, STM32C071RBT6, STM32C071RBT6N, STM32C091CBT6, STM32C091CBU6, STM32C091CCT6, STM32C091CCU6, STM32C091ECY6TR, STM32C091FBP6, STM32C091FCP6, STM32C091GBU6, STM32C091GCU6, STM32C091KBT6, STM32C091KBU6, STM32C091KCT6, STM32C091KCU6, STM32C091RBT6, STM32C091RCI6, STM32C091RCT6, STM32C092CBT6, STM32C092CBU6, STM32C092CCT6, STM32C092CCU6, STM32C092ECY6TR, STM32C092FBP6, STM32C092FCP6, STM32C092GBU6, STM32C092GCU6, STM32C092KBT6, STM32C092KBU6, STM32C092KCT6, STM32C092KCU6, STM32C092RBT6, STM32C092RCI6, STM32C092RCT6, STM32G071K8TXN, STM32G071K8UXN, STM32G081GBU6N, STM32G081KBT6N, STM32G081KBUXN, STM32G0B1CCT6N, STM32G0B1KCT6, STM32G0B1NEY6TR, STM32G0B1RCT6N, STM32G0C1CCT6, STM32G0C1CCT6N, STM32G0C1CCU6N, STM32G0C1CET6N, STM32G0C1CEU6N, STM32G0C1KCT6, STM32G0C1NEY6TR, STM32G0C1RCI6N, STM32G0C1RCT6N, STM32G0C1REI6N, STM32G0C1RET6N, STM32G0C1VCI6, STM32G0C1VEI6, STM32G411C6T3, STM32G411C6T6, STM32G411C6U3, STM32G411C6U6, STM32G411C8T3, STM32G411C8T6, STM32G411C8U3, STM32G411C8U6, STM32G411CBT3, STM32G411CBT6, STM32G411CBU3, STM32G411CBU6, STM32G411CCT3, STM32G411CCT6, STM32G411CCU3, STM32G411CCU6, STM32G411K6T3, STM32G411K6T6, STM32G411K6U3, STM32G411K6U6, STM32G411K8T3, STM32G411K8T6, STM32G411K8U3, STM32G411K8U6, STM32G411KBT3, STM32G411KBT6, STM32G411KBU3, STM32G411KBU6, STM32G411M6T3, STM32G411M6T6, STM32G411M8T3, STM32G411M8T6, STM32G411MBT3, STM32G411MBT6, STM32G411MCT3, STM32G411MCT6, STM32G411R6T3, STM32G411R6T6, STM32G411R8T3, STM32G411R8T6, STM32G411RBT3, STM32G411RBT6, STM32G411RCT3, STM32G411RCT6, STM32G414CBT3, STM32G414CBT6, STM32G414CBU3, STM32G414CBU6, STM32G414CCT3, STM32G414CCT6, STM32G414CCU3, STM32G414CCU6, STM32G414MBT3, STM32G414MBT6, STM32G414MCT3, STM32G414MCT6, STM32G414RBT3, STM32G414RBT6, STM32G414RCT3, STM32G414RCT6, STM32G414VBT3, STM32G414VBT6, STM32G414VCT3, STM32G414VCT6, STM32G431CBT3Z, STM32G431RBT3Z, STM32G471CCT6, STM32G471CCU6, STM32G471CET3, STM32G471CET6, STM32G471CEU3, STM32G471CEU6, STM32G471MCT6, STM32G471MET3, STM32G471MET6, STM32G471MEY6TR, STM32G471QCT6, STM32G471QET3, STM32G471RCT6, STM32G471RET3, STM32G471RET6, STM32G471VCH6, STM32G471VCI6, STM32G471VCT6, STM32G471VEH3, STM32G471VEH6, STM32G471VEI3, STM32G471VEI6, STM32G471VET3, STM32G471VET6, STM32G473QET3Z, STM32G473RET3Z, STM32G474CCT6, STM32G491RET3Z, STM32H503CBT6, STM32H503CBU6, STM32H503EBY6TR, STM32H503KBU6, STM32H503RBT6, STM32H523CCT6, STM32H523CCU6, STM32H523CET6, STM32H523CEU6, STM32H523HEY6TR, STM32H523RCT6, STM32H523RET6, STM32H523VCI6, STM32H523VCT6, STM32H523VEI6, STM32H523VET6, STM32H523ZCJ6, STM32H523ZCT6, STM32H523ZEJ6, STM32H523ZET6, STM32H533CET6, STM32H533CEU6, STM32H533HEY6TR, STM32H533RET6, STM32H533VEI6, STM32H533VET6, STM32H533ZEJ6, STM32H533ZET6, STM32H562AGI6, STM32H562AII6, STM32H562IGK6, STM32H562IGT6, STM32H562IIK6, STM32H562IIT6, STM32H562RGT6, STM32H562RGV6, STM32H562RIT6, STM32H562RIV6, STM32H562VGT6, STM32H562VIT6, STM32H562ZGT6, STM32H562ZIT6, STM32H563AGI6, STM32H563AII3Q, STM32H563AII6, STM32H563IGK6, STM32H563IGT6, STM32H563IIK3Q, STM32H563IIK6, STM32H563IIT3Q, STM32H563IIT6, STM32H563MIY3QTR, STM32H563RGT6, STM32H563RGV6, STM32H563RIT6, STM32H563RIV6, STM32H563VGT6, STM32H563VIT3Q, STM32H563VIT6, STM32H563ZGT6, STM32H563ZIT3Q, STM32H563ZIT6, STM32H573AII3Q, STM32H573AII6, STM32H573I-DK, STM32H573IIK3Q, STM32H573IIK6, STM32H573IIT3Q, STM32H573IIT6, STM32H573MIY3QTR, STM32H573RIT6, STM32H573RIV6, STM32H573VIT3Q, STM32H573VIT6, STM32H573ZIT3Q, STM32H573ZIT6, STM32H7R3A8I6, STM32H7R3I8K6, STM32H7R3I8T6, STM32H7R3L8H6, STM32H7R3L8H6H, STM32H7R3R8V6, STM32H7R3V8H6, STM32H7R3V8T6, STM32H7R3V8Y6TR, STM32H7R3Z8J6, STM32H7R3Z8T6, STM32H7R7A8I6, STM32H7R7I8K6, STM32H7R7I8T6, STM32H7R7L8H6, STM32H7R7L8H6H, STM32H7R7Z8J6, STM32H7S3A8I6, STM32H7S3I8K6, STM32H7S3I8T6, STM32H7S3L8H6, STM32H7S3L8H6H, STM32H7S3R8V6, STM32H7S3V8H6, STM32H7S3V8T6, STM32H7S3V8Y6TR, STM32H7S3Z8J6, STM32H7S3Z8T6, STM32H7S78-DK, STM32H7S7A8I6, STM32H7S7I8K6, STM32H7S7I8T6, STM32H7S7L8H6, STM32H7S7L8H6H, STM32H7S7Z8J6, STM32L4R5QGI6STR, STM32MP131AAE3, STM32MP131AAF3, STM32MP131AAG3, STM32MP131CAE3, STM32MP131CAF3, STM32MP131CAG3, STM32MP131DAE7, STM32MP131DAF7, STM32MP131DAG7, STM32MP131FAE7, STM32MP131FAF7, STM32MP131FAG7, STM32MP133AAE3, STM32MP133AAF3, STM32MP133AAG3, STM32MP133CAE3, STM32MP133CAF3, STM32MP133CAG3, STM32MP133DAE7, STM32MP133DAF7, STM32MP133DAG7, STM32MP133FAE7, STM32MP133FAF7, STM32MP133FAG7, STM32MP135AAE3, STM32MP135AAF3, STM32MP135AAG3, STM32MP135CAE3, STM32MP135CAF3, STM32MP135CAG3, STM32MP135DAE7, STM32MP135DAF7, STM32MP135DAG7, STM32MP135F-DK, STM32MP135FAE7, STM32MP135FAF7, STM32MP135FAF7T, STM32MP135FAF7U, STM32MP135FAG7, STM32MP231AAJ3, STM32MP231AAK3, STM32MP231AAL3, STM32MP231CAJ3, STM32MP231CAK3, STM32MP231CAL3, STM32MP231DAJ3, STM32MP231DAK3, STM32MP231DAL3, STM32MP231FAJ3, STM32MP231FAK3, STM32MP231FAL3, STM32MP233AAJ3, STM32MP233AAK3, STM32MP233AAL3, STM32MP233CAJ3, STM32MP233CAK3, STM32MP233CAL3, STM32MP233DAJ3, STM32MP233DAK3, STM32MP233DAL3, STM32MP233FAJ3, STM32MP233FAK3, STM32MP233FAL3, STM32MP235AAJ3, STM32MP235AAK3, STM32MP235AAL3, STM32MP235CAJ3, STM32MP235CAK3, STM32MP235CAL3, STM32MP235DAJ3, STM32MP235DAK3, STM32MP235DAL3, STM32MP235FAJ3, STM32MP235FAK3, STM32MP235FAL3, STM32MP251AAI3, STM32MP251AAJ3, STM32MP251AAK3, STM32MP251AAL3, STM32MP251CAI3, STM32MP251CAJ3, STM32MP251CAK3, STM32MP251CAL3, STM32MP251DAI3, STM32MP251DAJ3, STM32MP251DAK3, STM32MP251DAL3, STM32MP251FAI3, STM32MP251FAJ3, STM32MP251FAK3, STM32MP251FAL3, STM32MP253AAI3, STM32MP253AAJ3, STM32MP253AAK3, STM32MP253AAL3, STM32MP253CAI3, STM32MP253CAJ3, STM32MP253CAK3, STM32MP253CAL3, STM32MP253DAI3, STM32MP253DAJ3, STM32MP253DAK3, STM32MP253DAL3, STM32MP253FAI3, STM32MP253FAJ3, STM32MP253FAK3, STM32MP253FAL3, STM32MP255AAI3, STM32MP255AAJ3, STM32MP255AAK3, STM32MP255AAL3, STM32MP255CAI3, STM32MP255CAJ3, STM32MP255CAK3, STM32MP255CAL3, STM32MP255DAI3, STM32MP255DAJ3, STM32MP255DAK3, STM32MP255DAL3, STM32MP255FAI3, STM32MP255FAJ3, STM32MP255FAK3, STM32MP255FAL3, STM32MP257AAI3, STM32MP257AAJ3, STM32MP257AAK3, STM32MP257AAL3, STM32MP257CAI3, STM32MP257CAJ3, STM32MP257CAK3, STM32MP257CAL3, STM32MP257DAI3, STM32MP257DAJ3, STM32MP257DAK3, STM32MP257DAL3, STM32MP257F-DK, STM32MP257F-EV1, STM32MP257FAI3, STM32MP257FAJ3, STM32MP257FAK3, STM32MP257FAL3, STM32N645A0H3Q, STM32N645B0H3Q, STM32N645I0H3Q, STM32N645L0H3Q, STM32N645X0H3Q, STM32N645Z0H3Q, STM32N647A0H3Q, STM32N647B0H3Q, STM32N647I0H3Q, STM32N647L0H3Q, STM32N647X0H3Q, STM32N647Z0H3Q, STM32N655A0H3Q, STM32N655B0H3Q, STM32N655I0H3Q, STM32N655L0H3Q, STM32N655X0H3Q, STM32N655Z0H3Q, STM32N6570-DK, STM32N657A0H3Q, STM32N657B0H3Q, STM32N657I0H3Q, STM32N657L0H3Q, STM32N657X0H3Q, STM32N657Z0H3Q, STM32U031C6T6, STM32U031C6U6, STM32U031C8T6, STM32U031C8U6, STM32U031F4P6, STM32U031F6P6, STM32U031F8P6, STM32U031G6Y6TR, STM32U031G8Y6TR, STM32U031K4U6, STM32U031K6U6, STM32U031K8U6, STM32U031R6I6, STM32U031R6T6, STM32U031R8I6, STM32U031R8T6, STM32U073C8T6, STM32U073C8U6, STM32U073CBT6, STM32U073CBU6, STM32U073CCT6, STM32U073CCU6, STM32U073H8Y6TR, STM32U073HBY6TR, STM32U073HCY6TR, STM32U073K8U6, STM32U073KBU6, STM32U073KCU6, STM32U073M8I6, STM32U073M8T6, STM32U073MBI6, STM32U073MBT6, STM32U073MCI6, STM32U073MCT6, STM32U073R8I6, STM32U073R8T6, STM32U073RBI6, STM32U073RBT6, STM32U073RCI6, STM32U073RCT6, STM32U083C-DK, STM32U083CCT6, STM32U083CCU6, STM32U083HCY6TR, STM32U083KCU6, STM32U083MCI6, STM32U083MCT6, STM32U083RCI6, STM32U083RCT6, STM32U375CET6, STM32U375CET6Q, STM32U375CEU6, STM32U375CEU6Q, STM32U375CEY6QTR, STM32U375CGT6, STM32U375CGT6Q, STM32U375CGU6, STM32U375CGU6Q, STM32U375CGY6QTR, STM32U375KEU6, STM32U375KGU6, STM32U375REI6, STM32U375REI6Q, STM32U375RET6, STM32U375RET6Q, STM32U375REY6GTR, STM32U375REY6QTR, STM32U375RGI6, STM32U375RGI6Q, STM32U375RGT6, STM32U375RGT6Q, STM32U375RGY6GTR, STM32U375RGY6QTR, STM32U375VEI6, STM32U375VEI6Q, STM32U375VET6, STM32U375VET6Q, STM32U375VGI6, STM32U375VGI6Q, STM32U375VGT6, STM32U375VGT6Q, STM32U385CGT6, STM32U385CGT6Q, STM32U385CGU6, STM32U385CGU6Q, STM32U385CGY6QTR, STM32U385KGU6, STM32U385RGI6, STM32U385RGI6Q, STM32U385RGT6, STM32U385RGT6Q, STM32U385RGY6GTR, STM32U385RGY6QTR, STM32U385VGI6, STM32U385VGI6Q, STM32U385VGT6, STM32U385VGT6Q, STM32U535CBT6, STM32U535CBT6Q, STM32U535CBU6, STM32U535CBU6Q, STM32U535CCT6, STM32U535CCT6Q, STM32U535CCU6, STM32U535CCU6Q, STM32U535CET6, STM32U535CET6Q, STM32U535CEU6, STM32U535CEU6Q, STM32U535JEY6QTR, STM32U535NCY6QTR, STM32U535NEY6QTR, STM32U535RBI6, STM32U535RBI6Q, STM32U535RBT6, STM32U535RBT6Q, STM32U535RCI6, STM32U535RCI6Q, STM32U535RCT6, STM32U535RCT6Q, STM32U535REI6, STM32U535REI6Q, STM32U535RET6, STM32U535RET6Q, STM32U535VCI6, STM32U535VCI6Q, STM32U535VCT6, STM32U535VCT6Q, STM32U535VEI6, STM32U535VEI6Q, STM32U535VET6, STM32U535VET6Q, STM32U545CET6, STM32U545CET6Q, STM32U545CEU6, STM32U545CEU6Q, STM32U545JEY6QTR, STM32U545NEY6QTR, STM32U545REI6, STM32U545REI6Q, STM32U545RET6, STM32U545RET6Q, STM32U545VEI6, STM32U545VEI6Q, STM32U545VET6, STM32U545VET6Q, STM32U595AIH6, STM32U595AIH6Q, STM32U595AJH6, STM32U595AJH6Q, STM32U595QII6, STM32U595QII6Q, STM32U595QJI6, STM32U595QJI6Q, STM32U595RIT6, STM32U595RIT6Q, STM32U595RJT6, STM32U595RJT6Q, STM32U595VIT6, STM32U595VIT6Q, STM32U595VJT6, STM32U595VJT6Q, STM32U595ZIT6, STM32U595ZIT6Q, STM32U595ZIY6QTR, STM32U595ZJT6, STM32U595ZJT6Q, STM32U595ZJY6QTR, STM32U599BJY6QTR, STM32U599NIH6Q, STM32U599NJH6Q, STM32U599VIT6Q, STM32U599VJT6, STM32U599VJT6Q, STM32U599ZIT6Q, STM32U599ZIY6QTR, STM32U599ZJT6Q, STM32U599ZJY6QTR, STM32U5A5AJH6, STM32U5A5AJH6Q, STM32U5A5QII3Q , STM32U5A5QJI6, STM32U5A5QJI6Q, STM32U5A5RJT6, STM32U5A5RJT6Q, STM32U5A5VJT6, STM32U5A5VJT6Q, STM32U5A5ZJT6, STM32U5A5ZJT6Q, STM32U5A5ZJY6QTR, STM32U5A9BJY6QTR, STM32U5A9J-DK, STM32U5A9NJH6Q, STM32U5A9VJT6Q, STM32U5A9ZJT6Q, STM32U5A9ZJY6QTR, STM32U5F7VIT6, STM32U5F7VIT6Q, STM32U5F7VJT6, STM32U5F7VJT6Q, STM32U5F9BJY6QTR, STM32U5F9NJH6Q, STM32U5F9VIT6Q, STM32U5F9VJT6Q, STM32U5F9ZIJ6QTR, STM32U5F9ZIT6Q, STM32U5F9ZJJ6QTR, STM32U5F9ZJT6Q, STM32U5G7VJT6, STM32U5G7VJT6Q, STM32U5G9BJY6QTR, STM32U5G9J-DK1, STM32U5G9J-DK2, STM32U5G9NJH6Q, STM32U5G9VJT6Q, STM32U5G9ZJJ6QTR, STM32U5G9ZJT6Q, STM32WB05KZV6TR, STM32WB05KZV7TR, STM32WB05TZF6TR, STM32WB05TZF7TR, STM32WB06CCF6TR, STM32WB06CCF7TR, STM32WB06CCV6TR, STM32WB06CCV7TR, STM32WB06KCV6TR, STM32WB06KCV7TR, STM32WB07CCF6TR, STM32WB07CCF7TR, STM32WB07CCV6TR, STM32WB07CCV7TR, STM32WB07KCV6TR, STM32WB07KCV7TR, STM32WB09KEV6TR, STM32WB09KEV7TR, STM32WB09TEF6TR, STM32WB09TEF7TR, STM32WB1MMCH6, STM32WBA50KGU6, STM32WBA50KGU6TR, STM32WBA52CEU6, STM32WBA52CEU6TR, STM32WBA52CEU7, STM32WBA52CEU7TR, STM32WBA52CGU6, STM32WBA52CGU6TR, STM32WBA52CGU6U, STM32WBA52CGU7, STM32WBA52CGU7TR, STM32WBA52KEU6, STM32WBA52KEU6TR, STM32WBA52KGU6, STM32WBA52KGU6TR, STM32WBA54CEU6, STM32WBA54CEU6TR, STM32WBA54CEU7, STM32WBA54CEU7TR, STM32WBA54CGU6, STM32WBA54CGU6TR, STM32WBA54CGU7, STM32WBA54CGU7TR, STM32WBA54KEU6, STM32WBA54KEU6TR, STM32WBA54KEU7, STM32WBA54KEU7TR, STM32WBA54KGU6, STM32WBA54KGU6TR, STM32WBA54KGU7, STM32WBA54KGU7TR, STM32WBA55CEU6, STM32WBA55CEU6TR, STM32WBA55CEU7, STM32WBA55CEU7TR, STM32WBA55CGU6, STM32WBA55CGU6TR, STM32WBA55CGU6U, STM32WBA55CGU7, STM32WBA55CGU7TR, STM32WBA55G-DK1, STM32WBA55HEF6, STM32WBA55HEF7, STM32WBA55HGF6, STM32WBA55HGF7, STM32WBA55UEI6, STM32WBA55UEI6TR, STM32WBA55UEI7, STM32WBA55UEI7TR, STM32WBA55UGI6, STM32WBA55UGI6TR, STM32WBA55UGI7, STM32WBA55UGI7TR, STM32WBA5MJGH6TR, STM32WBA62CGU6, STM32WBA62CIU6, STM32WBA62MGF6, STM32WBA62MIF6, STM32WBA62PGI6, STM32WBA62PII6, STM32WBA63CGU6, STM32WBA63CGU7, STM32WBA63CIU6, STM32WBA63CIU7, STM32WBA64CGU6, STM32WBA64CGU7, STM32WBA64CIU6, STM32WBA64CIU7, STM32WBA65CGU6, STM32WBA65CGU7, STM32WBA65CIU6, STM32WBA65CIU7, STM32WBA65I-DK1, STM32WBA65MGF6, STM32WBA65MGF7, STM32WBA65MIF6, STM32WBA65MIF7, STM32WBA65PGI6, STM32WBA65PGI7, STM32WBA65PII6, STM32WBA65PII7, STM32WBA65RGV6, STM32WBA65RGV7, STM32WBA65RIV6, STM32WBA65RIV7, STM32WL30K8V6, STM32WL30KBV6, STM32WL31C8V6, STM32WL31CBV6, STM32WL31K8V6, STM32WL31KBV6, STM32WL33C8V6, STM32WL33C8V6TR, STM32WL33C8V7, STM32WL33C8V7TR, STM32WL33CBV6, STM32WL33CBV6TR, STM32WL33CBV7, STM32WL33CBV7TR, STM32WL33CCV6, STM32WL33CCV6TR, STM32WL33CCV7, STM32WL33CCV7A, STM32WL33CCV7ATR, STM32WL33CCV7TR, STM32WL33K8V6, STM32WL33K8V6TR, STM32WL33K8V7, STM32WL33K8V7TR, STM32WL33KBV6, STM32WL33KBV6TR, STM32WL33KBV7, STM32WL33KBV7TR, STM32WL33KCV6, STM32WL33KCV6TR, STM32WL33KCV7, STM32WL33KCV7TR, STM32WL5MOCH6, STM32WL5MOCH6TR]
2025-05-20 09:46:06,774 [INFO] DbMcus:218 - Found 4686 MCUs, 4686 are supported
2025-05-20 09:46:06,780 [INFO] ApiDb:423 - Load user favorites file C:\Users\hamdo/.stm32cubeide/favorites.mcus.txt: 1 item(s)
2025-05-20 09:46:06,780 [INFO] ApiDb:427 - User favorites MCUs=[STM32F103RCT6]
2025-05-20 09:46:06,780 [INFO] DbMcus:224 - Set 1 / 1 favorites MCUs
2025-05-20 09:46:07,399 [ERROR] LogOutputStream:75 - [STDERR_REDIRECT] [Fatal Error] :1:1: Premature end of file.
2025-05-20 09:46:07,401 [ERROR] LogOutputStream:75 - [STDERR_REDIRECT] 
2025-05-20 09:46:07,498 [INFO] ApiDb:668 - CubeFinder database Data Model version=2.1
2025-05-20 09:46:07,498 [INFO] ApiDb:669 - CubeFinder database Configuration version=3.0.39
2025-05-20 09:46:07,498 [INFO] ApiDb:670 - CubeFinder database generation date=2025-04-23 (1745419778)
2025-05-20 09:46:07,498 [INFO] ApiDb:671 - CubeFinder database FW Pack versions=[FP-ATR-ASTRA1_V2.0.0, FP-SNS-FLIGHT1_V5.1.0, FP-SNS-MOTENV1_V5.0.0, FP-SNS-MOTENVWB1_V1.4.0, FP-SNS-SMARTAG2_V1.2.0, FP-SNS-STBOX1_V2.0.0, STM32Cube_FW_C0_V1.4.0, STM32Cube_FW_F4_V1.28.1, STM32Cube_FW_F7_V1.17.2, STM32Cube_FW_G0_V1.6.2, STM32Cube_FW_G4_V1.6.1, STM32Cube_FW_H5_V1.5.0, STM32Cube_FW_H7RS_V1.2.0, STM32Cube_FW_H7_V1.12.1, STM32Cube_FW_L0_V1.12.2, STM32Cube_FW_L4_V1.18.1, STM32Cube_FW_L5_V1.5.1, STM32Cube_FW_N6_V1.1.1, STM32Cube_FW_U0_V1.2.0, STM32Cube_FW_U3_V1.1.0, STM32Cube_FW_U5_V1.7.0, STM32Cube_FW_WB0_V1.2.0, STM32Cube_FW_WBA_V1.6.0, STM32Cube_FW_WB_V1.22.0, STM32Cube_FW_WL3_V1.1.0, STM32Cube_FW_WL_V1.3.1, X-CUBE-ALGOBUILD_V1.4.0, X-CUBE-ALS_V1.0.2, X-CUBE-AZRTOS-F4_V1.1.0, X-CUBE-AZRTOS-F7_V1.1.0, X-CUBE-AZRTOS-G0_V1.1.0, X-CUBE-AZRTOS-G4_V2.0.0, X-CUBE-AZRTOS-H7RS_V1.1.0, X-CUBE-AZRTOS-H7_V3.3.0, X-CUBE-AZRTOS-L4_V2.0.0, X-CUBE-AZRTOS-L5_V2.0.0, X-CUBE-AZRTOS-WB_V2.0.0, X-CUBE-AZRTOS-WL_V2.0.0, X-CUBE-BLE1_V7.1.0, X-CUBE-BLE2_V3.3.0, X-CUBE-BLEMGR_V4.0.0, X-CUBE-EEPRMA1_V5.1.0, X-CUBE-FREERTOS_V1.3.0, X-CUBE-GNSS1_V6.0.0, X-CUBE-MEMS1_V11.2.0, X-CUBE-NFC4_V3.0.0, X-CUBE-NFC7_V1.0.1, X-CUBE-SFXS2LP1_V4.0.0, X-CUBE-SUBG2_V5.0.0, X-CUBE-TOF1_V3.4.3]
2025-05-20 09:46:07,589 [INFO] DbBoardsSqlite:226 - include board P-NUCLEO-WB55-NUCLEO as a kit item of type 'Nucleo-64'
2025-05-20 09:46:07,589 [INFO] DbBoardsSqlite:226 - include board P-NUCLEO-WB55-USBDONGLE as a kit item of type 'Nucleo USB Dongle'
2025-05-20 09:46:07,589 [INFO] DbBoardsSqlite:226 - include board STEVAL-IDP005V1 as a kit item of type 'Evaluation Board'
2025-05-20 09:46:07,592 [INFO] DbBoardsSqlite:226 - include board STEVAL-IDP005V2 as a kit item of type 'Evaluation Board'
2025-05-20 09:46:07,711 [INFO] ApiDb:240 - Found 895 in-development CPN: [B-G473E-ZEST1S, B-WB1M-WPAN1, B-WBA5M-WPAN, B-WL5M-SUBG1, NUCLEO-C031C6, NUCLEO-C051C8, NUCLEO-C071RB, NUCLEO-C092RC, NUCLEO-H503RB, NUCLEO-H533RE, NUCLEO-H563ZI, NUCLEO-H7S3L8, NUCLEO-N657X0-Q, NUCLEO-U031R8, NUCLEO-U083RC, NUCLEO-U385RG-Q, NUCLEO-U545RE-Q, NUCLEO-U5A5ZJ-Q, NUCLEO-WB05KZ, NUCLEO-WB07CC, NUCLEO-WB09KE, NUCLEO-WBA52CG, NUCLEO-WBA55CG, NUCLEO-WBA65RI, NUCLEO-WL33CC1, NUCLEO-WL33CC2, STEVAL-PROTEUS1, STEVAL-SMARTAG2, STEVAL-STWINBX1, STM320518-EVAL, STM32C0116-DK, STM32C011D6Y3TR, STM32C011D6Y6TR, STM32C011F4P3, STM32C011F4P6, STM32C011F4U3, STM32C011F4U6TR, STM32C011F6P3, STM32C011F6P6, STM32C011F6U3, STM32C011F6U6TR, STM32C011J4M3, STM32C011J4M6, STM32C011J6M3, STM32C011J6M6, STM32C0316-DK, STM32C031C4T3, STM32C031C4T6, STM32C031C4U3, STM32C031C4U6, STM32C031C6T3, STM32C031C6T6, STM32C031C6U3, STM32C031C6U6, STM32C031F4P3, STM32C031F4P6, STM32C031F6P3, STM32C031F6P6, STM32C031G4U3, STM32C031G4U6, STM32C031G6U3, STM32C031G6U6, STM32C031K4T3, STM32C031K4T6, STM32C031K4U3, STM32C031K4U6, STM32C031K6T3, STM32C031K6T6, STM32C031K6U3, STM32C031K6U6, STM32C051C6T6, STM32C051C6U6, STM32C051C8T6, STM32C051C8U6, STM32C051D8Y6TR, STM32C051F6P6, STM32C051F8P6, STM32C051G6U6, STM32C051G8U6, STM32C051K6T6, STM32C051K6U6, STM32C051K8T6, STM32C071C8T6, STM32C071C8T6N, STM32C071C8U6, STM32C071C8U6N, STM32C071CBT6, STM32C071CBT6N, STM32C071CBU6, STM32C071CBU6N, STM32C071F8P6, STM32C071F8P6N, STM32C071FBP6, STM32C071FBP6N, STM32C071FBY6TR, STM32C071G8U6, STM32C071G8U6N, STM32C071GBU6, STM32C071GBU6N, STM32C071K8T6, STM32C071K8T6N, STM32C071K8U6, STM32C071K8U6N, STM32C071KBT6, STM32C071KBT6N, STM32C071KBU6, STM32C071KBU6N, STM32C071R8T6, STM32C071R8T6N, STM32C071RBI6N, STM32C071RBT6, STM32C071RBT6N, STM32C091CBT6, STM32C091CBU6, STM32C091CCT6, STM32C091CCU6, STM32C091ECY6TR, STM32C091FBP6, STM32C091FCP6, STM32C091GBU6, STM32C091GCU6, STM32C091KBT6, STM32C091KBU6, STM32C091KCT6, STM32C091KCU6, STM32C091RBT6, STM32C091RCI6, STM32C091RCT6, STM32C092CBT6, STM32C092CBU6, STM32C092CCT6, STM32C092CCU6, STM32C092ECY6TR, STM32C092FBP6, STM32C092FCP6, STM32C092GBU6, STM32C092GCU6, STM32C092KBT6, STM32C092KBU6, STM32C092KCT6, STM32C092KCU6, STM32C092RBT6, STM32C092RCI6, STM32C092RCT6, STM32G071K8TXN, STM32G071K8UXN, STM32G081GBU6N, STM32G081KBT6N, STM32G081KBUXN, STM32G0B1CCT6N, STM32G0B1KCT6, STM32G0B1NEY6TR, STM32G0B1RCT6N, STM32G0C1CCT6, STM32G0C1CCT6N, STM32G0C1CCU6N, STM32G0C1CET6N, STM32G0C1CEU6N, STM32G0C1KCT6, STM32G0C1NEY6TR, STM32G0C1RCI6N, STM32G0C1RCT6N, STM32G0C1REI6N, STM32G0C1RET6N, STM32G0C1VCI6, STM32G0C1VEI6, STM32G411C6T3, STM32G411C6T6, STM32G411C6U3, STM32G411C6U6, STM32G411C8T3, STM32G411C8T6, STM32G411C8U3, STM32G411C8U6, STM32G411CBT3, STM32G411CBT6, STM32G411CBU3, STM32G411CBU6, STM32G411CCT3, STM32G411CCT6, STM32G411CCU3, STM32G411CCU6, STM32G411K6T3, STM32G411K6T6, STM32G411K6U3, STM32G411K6U6, STM32G411K8T3, STM32G411K8T6, STM32G411K8U3, STM32G411K8U6, STM32G411KBT3, STM32G411KBT6, STM32G411KBU3, STM32G411KBU6, STM32G411M6T3, STM32G411M6T6, STM32G411M8T3, STM32G411M8T6, STM32G411MBT3, STM32G411MBT6, STM32G411MCT3, STM32G411MCT6, STM32G411R6T3, STM32G411R6T6, STM32G411R8T3, STM32G411R8T6, STM32G411RBT3, STM32G411RBT6, STM32G411RCT3, STM32G411RCT6, STM32G414CBT3, STM32G414CBT6, STM32G414CBU3, STM32G414CBU6, STM32G414CCT3, STM32G414CCT6, STM32G414CCU3, STM32G414CCU6, STM32G414MBT3, STM32G414MBT6, STM32G414MCT3, STM32G414MCT6, STM32G414RBT3, STM32G414RBT6, STM32G414RCT3, STM32G414RCT6, STM32G414VBT3, STM32G414VBT6, STM32G414VCT3, STM32G414VCT6, STM32G431CBT3Z, STM32G431RBT3Z, STM32G471CCT6, STM32G471CCU6, STM32G471CET3, STM32G471CET6, STM32G471CEU3, STM32G471CEU6, STM32G471MCT6, STM32G471MET3, STM32G471MET6, STM32G471MEY6TR, STM32G471QCT6, STM32G471QET3, STM32G471RCT6, STM32G471RET3, STM32G471RET6, STM32G471VCH6, STM32G471VCI6, STM32G471VCT6, STM32G471VEH3, STM32G471VEH6, STM32G471VEI3, STM32G471VEI6, STM32G471VET3, STM32G471VET6, STM32G473QET3Z, STM32G473RET3Z, STM32G474CCT6, STM32G491RET3Z, STM32H503CBT6, STM32H503CBU6, STM32H503EBY6TR, STM32H503KBU6, STM32H503RBT6, STM32H523CCT6, STM32H523CCU6, STM32H523CET6, STM32H523CEU6, STM32H523HEY6TR, STM32H523RCT6, STM32H523RET6, STM32H523VCI6, STM32H523VCT6, STM32H523VEI6, STM32H523VET6, STM32H523ZCJ6, STM32H523ZCT6, STM32H523ZEJ6, STM32H523ZET6, STM32H533CET6, STM32H533CEU6, STM32H533HEY6TR, STM32H533RET6, STM32H533VEI6, STM32H533VET6, STM32H533ZEJ6, STM32H533ZET6, STM32H562AGI6, STM32H562AII6, STM32H562IGK6, STM32H562IGT6, STM32H562IIK6, STM32H562IIT6, STM32H562RGT6, STM32H562RGV6, STM32H562RIT6, STM32H562RIV6, STM32H562VGT6, STM32H562VIT6, STM32H562ZGT6, STM32H562ZIT6, STM32H563AGI6, STM32H563AII3Q, STM32H563AII6, STM32H563IGK6, STM32H563IGT6, STM32H563IIK3Q, STM32H563IIK6, STM32H563IIT3Q, STM32H563IIT6, STM32H563MIY3QTR, STM32H563RGT6, STM32H563RGV6, STM32H563RIT6, STM32H563RIV6, STM32H563VGT6, STM32H563VIT3Q, STM32H563VIT6, STM32H563ZGT6, STM32H563ZIT3Q, STM32H563ZIT6, STM32H573AII3Q, STM32H573AII6, STM32H573I-DK, STM32H573IIK3Q, STM32H573IIK6, STM32H573IIT3Q, STM32H573IIT6, STM32H573MIY3QTR, STM32H573RIT6, STM32H573RIV6, STM32H573VIT3Q, STM32H573VIT6, STM32H573ZIT3Q, STM32H573ZIT6, STM32H7R3A8I6, STM32H7R3I8K6, STM32H7R3I8T6, STM32H7R3L8H6, STM32H7R3L8H6H, STM32H7R3R8V6, STM32H7R3V8H6, STM32H7R3V8T6, STM32H7R3V8Y6TR, STM32H7R3Z8J6, STM32H7R3Z8T6, STM32H7R7A8I6, STM32H7R7I8K6, STM32H7R7I8T6, STM32H7R7L8H6, STM32H7R7L8H6H, STM32H7R7Z8J6, STM32H7S3A8I6, STM32H7S3I8K6, STM32H7S3I8T6, STM32H7S3L8H6, STM32H7S3L8H6H, STM32H7S3R8V6, STM32H7S3V8H6, STM32H7S3V8T6, STM32H7S3V8Y6TR, STM32H7S3Z8J6, STM32H7S3Z8T6, STM32H7S78-DK, STM32H7S7A8I6, STM32H7S7I8K6, STM32H7S7I8T6, STM32H7S7L8H6, STM32H7S7L8H6H, STM32H7S7Z8J6, STM32L4R5QGI6STR, STM32MP131AAE3, STM32MP131AAF3, STM32MP131AAG3, STM32MP131CAE3, STM32MP131CAF3, STM32MP131CAG3, STM32MP131DAE7, STM32MP131DAF7, STM32MP131DAG7, STM32MP131FAE7, STM32MP131FAF7, STM32MP131FAG7, STM32MP133AAE3, STM32MP133AAF3, STM32MP133AAG3, STM32MP133CAE3, STM32MP133CAF3, STM32MP133CAG3, STM32MP133DAE7, STM32MP133DAF7, STM32MP133DAG7, STM32MP133FAE7, STM32MP133FAF7, STM32MP133FAG7, STM32MP135AAE3, STM32MP135AAF3, STM32MP135AAG3, STM32MP135CAE3, STM32MP135CAF3, STM32MP135CAG3, STM32MP135DAE7, STM32MP135DAF7, STM32MP135DAG7, STM32MP135F-DK, STM32MP135FAE7, STM32MP135FAF7, STM32MP135FAF7T, STM32MP135FAF7U, STM32MP135FAG7, STM32MP231AAJ3, STM32MP231AAK3, STM32MP231AAL3, STM32MP231CAJ3, STM32MP231CAK3, STM32MP231CAL3, STM32MP231DAJ3, STM32MP231DAK3, STM32MP231DAL3, STM32MP231FAJ3, STM32MP231FAK3, STM32MP231FAL3, STM32MP233AAJ3, STM32MP233AAK3, STM32MP233AAL3, STM32MP233CAJ3, STM32MP233CAK3, STM32MP233CAL3, STM32MP233DAJ3, STM32MP233DAK3, STM32MP233DAL3, STM32MP233FAJ3, STM32MP233FAK3, STM32MP233FAL3, STM32MP235AAJ3, STM32MP235AAK3, STM32MP235AAL3, STM32MP235CAJ3, STM32MP235CAK3, STM32MP235CAL3, STM32MP235DAJ3, STM32MP235DAK3, STM32MP235DAL3, STM32MP235FAJ3, STM32MP235FAK3, STM32MP235FAL3, STM32MP251AAI3, STM32MP251AAJ3, STM32MP251AAK3, STM32MP251AAL3, STM32MP251CAI3, STM32MP251CAJ3, STM32MP251CAK3, STM32MP251CAL3, STM32MP251DAI3, STM32MP251DAJ3, STM32MP251DAK3, STM32MP251DAL3, STM32MP251FAI3, STM32MP251FAJ3, STM32MP251FAK3, STM32MP251FAL3, STM32MP253AAI3, STM32MP253AAJ3, STM32MP253AAK3, STM32MP253AAL3, STM32MP253CAI3, STM32MP253CAJ3, STM32MP253CAK3, STM32MP253CAL3, STM32MP253DAI3, STM32MP253DAJ3, STM32MP253DAK3, STM32MP253DAL3, STM32MP253FAI3, STM32MP253FAJ3, STM32MP253FAK3, STM32MP253FAL3, STM32MP255AAI3, STM32MP255AAJ3, STM32MP255AAK3, STM32MP255AAL3, STM32MP255CAI3, STM32MP255CAJ3, STM32MP255CAK3, STM32MP255CAL3, STM32MP255DAI3, STM32MP255DAJ3, STM32MP255DAK3, STM32MP255DAL3, STM32MP255FAI3, STM32MP255FAJ3, STM32MP255FAK3, STM32MP255FAL3, STM32MP257AAI3, STM32MP257AAJ3, STM32MP257AAK3, STM32MP257AAL3, STM32MP257CAI3, STM32MP257CAJ3, STM32MP257CAK3, STM32MP257CAL3, STM32MP257DAI3, STM32MP257DAJ3, STM32MP257DAK3, STM32MP257DAL3, STM32MP257F-DK, STM32MP257F-EV1, STM32MP257FAI3, STM32MP257FAJ3, STM32MP257FAK3, STM32MP257FAL3, STM32N645A0H3Q, STM32N645B0H3Q, STM32N645I0H3Q, STM32N645L0H3Q, STM32N645X0H3Q, STM32N645Z0H3Q, STM32N647A0H3Q, STM32N647B0H3Q, STM32N647I0H3Q, STM32N647L0H3Q, STM32N647X0H3Q, STM32N647Z0H3Q, STM32N655A0H3Q, STM32N655B0H3Q, STM32N655I0H3Q, STM32N655L0H3Q, STM32N655X0H3Q, STM32N655Z0H3Q, STM32N6570-DK, STM32N657A0H3Q, STM32N657B0H3Q, STM32N657I0H3Q, STM32N657L0H3Q, STM32N657X0H3Q, STM32N657Z0H3Q, STM32U031C6T6, STM32U031C6U6, STM32U031C8T6, STM32U031C8U6, STM32U031F4P6, STM32U031F6P6, STM32U031F8P6, STM32U031G6Y6TR, STM32U031G8Y6TR, STM32U031K4U6, STM32U031K6U6, STM32U031K8U6, STM32U031R6I6, STM32U031R6T6, STM32U031R8I6, STM32U031R8T6, STM32U073C8T6, STM32U073C8U6, STM32U073CBT6, STM32U073CBU6, STM32U073CCT6, STM32U073CCU6, STM32U073H8Y6TR, STM32U073HBY6TR, STM32U073HCY6TR, STM32U073K8U6, STM32U073KBU6, STM32U073KCU6, STM32U073M8I6, STM32U073M8T6, STM32U073MBI6, STM32U073MBT6, STM32U073MCI6, STM32U073MCT6, STM32U073R8I6, STM32U073R8T6, STM32U073RBI6, STM32U073RBT6, STM32U073RCI6, STM32U073RCT6, STM32U083C-DK, STM32U083CCT6, STM32U083CCU6, STM32U083HCY6TR, STM32U083KCU6, STM32U083MCI6, STM32U083MCT6, STM32U083RCI6, STM32U083RCT6, STM32U375CET6, STM32U375CET6Q, STM32U375CEU6, STM32U375CEU6Q, STM32U375CEY6QTR, STM32U375CGT6, STM32U375CGT6Q, STM32U375CGU6, STM32U375CGU6Q, STM32U375CGY6QTR, STM32U375KEU6, STM32U375KGU6, STM32U375REI6, STM32U375REI6Q, STM32U375RET6, STM32U375RET6Q, STM32U375REY6GTR, STM32U375REY6QTR, STM32U375RGI6, STM32U375RGI6Q, STM32U375RGT6, STM32U375RGT6Q, STM32U375RGY6GTR, STM32U375RGY6QTR, STM32U375VEI6, STM32U375VEI6Q, STM32U375VET6, STM32U375VET6Q, STM32U375VGI6, STM32U375VGI6Q, STM32U375VGT6, STM32U375VGT6Q, STM32U385CGT6, STM32U385CGT6Q, STM32U385CGU6, STM32U385CGU6Q, STM32U385CGY6QTR, STM32U385KGU6, STM32U385RGI6, STM32U385RGI6Q, STM32U385RGT6, STM32U385RGT6Q, STM32U385RGY6GTR, STM32U385RGY6QTR, STM32U385VGI6, STM32U385VGI6Q, STM32U385VGT6, STM32U385VGT6Q, STM32U535CBT6, STM32U535CBT6Q, STM32U535CBU6, STM32U535CBU6Q, STM32U535CCT6, STM32U535CCT6Q, STM32U535CCU6, STM32U535CCU6Q, STM32U535CET6, STM32U535CET6Q, STM32U535CEU6, STM32U535CEU6Q, STM32U535JEY6QTR, STM32U535NCY6QTR, STM32U535NEY6QTR, STM32U535RBI6, STM32U535RBI6Q, STM32U535RBT6, STM32U535RBT6Q, STM32U535RCI6, STM32U535RCI6Q, STM32U535RCT6, STM32U535RCT6Q, STM32U535REI6, STM32U535REI6Q, STM32U535RET6, STM32U535RET6Q, STM32U535VCI6, STM32U535VCI6Q, STM32U535VCT6, STM32U535VCT6Q, STM32U535VEI6, STM32U535VEI6Q, STM32U535VET6, STM32U535VET6Q, STM32U545CET6, STM32U545CET6Q, STM32U545CEU6, STM32U545CEU6Q, STM32U545JEY6QTR, STM32U545NEY6QTR, STM32U545REI6, STM32U545REI6Q, STM32U545RET6, STM32U545RET6Q, STM32U545VEI6, STM32U545VEI6Q, STM32U545VET6, STM32U545VET6Q, STM32U595AIH6, STM32U595AIH6Q, STM32U595AJH6, STM32U595AJH6Q, STM32U595QII6, STM32U595QII6Q, STM32U595QJI6, STM32U595QJI6Q, STM32U595RIT6, STM32U595RIT6Q, STM32U595RJT6, STM32U595RJT6Q, STM32U595VIT6, STM32U595VIT6Q, STM32U595VJT6, STM32U595VJT6Q, STM32U595ZIT6, STM32U595ZIT6Q, STM32U595ZIY6QTR, STM32U595ZJT6, STM32U595ZJT6Q, STM32U595ZJY6QTR, STM32U599BJY6QTR, STM32U599NIH6Q, STM32U599NJH6Q, STM32U599VIT6Q, STM32U599VJT6, STM32U599VJT6Q, STM32U599ZIT6Q, STM32U599ZIY6QTR, STM32U599ZJT6Q, STM32U599ZJY6QTR, STM32U5A5AJH6, STM32U5A5AJH6Q, STM32U5A5QII3Q , STM32U5A5QJI6, STM32U5A5QJI6Q, STM32U5A5RJT6, STM32U5A5RJT6Q, STM32U5A5VJT6, STM32U5A5VJT6Q, STM32U5A5ZJT6, STM32U5A5ZJT6Q, STM32U5A5ZJY6QTR, STM32U5A9BJY6QTR, STM32U5A9J-DK, STM32U5A9NJH6Q, STM32U5A9VJT6Q, STM32U5A9ZJT6Q, STM32U5A9ZJY6QTR, STM32U5F7VIT6, STM32U5F7VIT6Q, STM32U5F7VJT6, STM32U5F7VJT6Q, STM32U5F9BJY6QTR, STM32U5F9NJH6Q, STM32U5F9VIT6Q, STM32U5F9VJT6Q, STM32U5F9ZIJ6QTR, STM32U5F9ZIT6Q, STM32U5F9ZJJ6QTR, STM32U5F9ZJT6Q, STM32U5G7VJT6, STM32U5G7VJT6Q, STM32U5G9BJY6QTR, STM32U5G9J-DK1, STM32U5G9J-DK2, STM32U5G9NJH6Q, STM32U5G9VJT6Q, STM32U5G9ZJJ6QTR, STM32U5G9ZJT6Q, STM32WB05KZV6TR, STM32WB05KZV7TR, STM32WB05TZF6TR, STM32WB05TZF7TR, STM32WB06CCF6TR, STM32WB06CCF7TR, STM32WB06CCV6TR, STM32WB06CCV7TR, STM32WB06KCV6TR, STM32WB06KCV7TR, STM32WB07CCF6TR, STM32WB07CCF7TR, STM32WB07CCV6TR, STM32WB07CCV7TR, STM32WB07KCV6TR, STM32WB07KCV7TR, STM32WB09KEV6TR, STM32WB09KEV7TR, STM32WB09TEF6TR, STM32WB09TEF7TR, STM32WB1MMCH6, STM32WBA50KGU6, STM32WBA50KGU6TR, STM32WBA52CEU6, STM32WBA52CEU6TR, STM32WBA52CEU7, STM32WBA52CEU7TR, STM32WBA52CGU6, STM32WBA52CGU6TR, STM32WBA52CGU6U, STM32WBA52CGU7, STM32WBA52CGU7TR, STM32WBA52KEU6, STM32WBA52KEU6TR, STM32WBA52KGU6, STM32WBA52KGU6TR, STM32WBA54CEU6, STM32WBA54CEU6TR, STM32WBA54CEU7, STM32WBA54CEU7TR, STM32WBA54CGU6, STM32WBA54CGU6TR, STM32WBA54CGU7, STM32WBA54CGU7TR, STM32WBA54KEU6, STM32WBA54KEU6TR, STM32WBA54KEU7, STM32WBA54KEU7TR, STM32WBA54KGU6, STM32WBA54KGU6TR, STM32WBA54KGU7, STM32WBA54KGU7TR, STM32WBA55CEU6, STM32WBA55CEU6TR, STM32WBA55CEU7, STM32WBA55CEU7TR, STM32WBA55CGU6, STM32WBA55CGU6TR, STM32WBA55CGU6U, STM32WBA55CGU7, STM32WBA55CGU7TR, STM32WBA55G-DK1, STM32WBA55HEF6, STM32WBA55HEF7, STM32WBA55HGF6, STM32WBA55HGF7, STM32WBA55UEI6, STM32WBA55UEI6TR, STM32WBA55UEI7, STM32WBA55UEI7TR, STM32WBA55UGI6, STM32WBA55UGI6TR, STM32WBA55UGI7, STM32WBA55UGI7TR, STM32WBA5MJGH6TR, STM32WBA62CGU6, STM32WBA62CIU6, STM32WBA62MGF6, STM32WBA62MIF6, STM32WBA62PGI6, STM32WBA62PII6, STM32WBA63CGU6, STM32WBA63CGU7, STM32WBA63CIU6, STM32WBA63CIU7, STM32WBA64CGU6, STM32WBA64CGU7, STM32WBA64CIU6, STM32WBA64CIU7, STM32WBA65CGU6, STM32WBA65CGU7, STM32WBA65CIU6, STM32WBA65CIU7, STM32WBA65I-DK1, STM32WBA65MGF6, STM32WBA65MGF7, STM32WBA65MIF6, STM32WBA65MIF7, STM32WBA65PGI6, STM32WBA65PGI7, STM32WBA65PII6, STM32WBA65PII7, STM32WBA65RGV6, STM32WBA65RGV7, STM32WBA65RIV6, STM32WBA65RIV7, STM32WL30K8V6, STM32WL30KBV6, STM32WL31C8V6, STM32WL31CBV6, STM32WL31K8V6, STM32WL31KBV6, STM32WL33C8V6, STM32WL33C8V6TR, STM32WL33C8V7, STM32WL33C8V7TR, STM32WL33CBV6, STM32WL33CBV6TR, STM32WL33CBV7, STM32WL33CBV7TR, STM32WL33CCV6, STM32WL33CCV6TR, STM32WL33CCV7, STM32WL33CCV7A, STM32WL33CCV7ATR, STM32WL33CCV7TR, STM32WL33K8V6, STM32WL33K8V6TR, STM32WL33K8V7, STM32WL33K8V7TR, STM32WL33KBV6, STM32WL33KBV6TR, STM32WL33KBV7, STM32WL33KBV7TR, STM32WL33KCV6, STM32WL33KCV6TR, STM32WL33KCV7, STM32WL33KCV7TR, STM32WL5MOCH6, STM32WL5MOCH6TR]
2025-05-20 09:46:08,261 [INFO] BoardInfo:889 - No configuration file found for board P-NUCLEO-WB55
2025-05-20 09:46:08,261 [INFO] DbBoards:161 - Kit is not supported: P-NUCLEO-WB55
2025-05-20 09:46:08,277 [INFO] BoardInfo:889 - No configuration file found for board STEVAL-BFA001V1B
2025-05-20 09:46:08,280 [INFO] DbBoards:161 - Kit is not supported: STEVAL-BFA001V1B
2025-05-20 09:46:08,280 [INFO] BoardInfo:889 - No configuration file found for board STEVAL-BFA001V2B
2025-05-20 09:46:08,285 [INFO] DbBoards:161 - Kit is not supported: STEVAL-BFA001V2B
2025-05-20 09:46:08,349 [ERROR] LogOutputStream:75 - [STDERR_REDIRECT] [Fatal Error] :1:1: Premature end of file.
2025-05-20 09:46:08,349 [ERROR] LogOutputStream:75 - [STDERR_REDIRECT] 
2025-05-20 09:46:08,579 [INFO] DbBoards:168 - Found 211 boards, 208 are supported
2025-05-20 09:46:08,579 [INFO] DbBoards:169 - Found 211 boards, 43 of them is supported for  Bsp
2025-05-20 09:46:08,586 [INFO] ApiDb:423 - Load user favorites file C:\Users\hamdo/.stm32cubeide/favorites.boards.txt: 1 item(s)
2025-05-20 09:46:08,586 [INFO] ApiDb:427 - User favorites Boards=[STM32F407G-DISC1]
2025-05-20 09:46:08,586 [INFO] DbBoards:198 - Set 1 / 1 favorites Boards
2025-05-20 09:46:08,587 [INFO] ApiDb:668 - CubeFinder database Data Model version=2.1
2025-05-20 09:46:08,587 [INFO] ApiDb:669 - CubeFinder database Configuration version=3.0.39
2025-05-20 09:46:08,589 [INFO] ApiDb:670 - CubeFinder database generation date=2025-04-23 (1745419778)
2025-05-20 09:46:08,589 [INFO] ApiDb:671 - CubeFinder database FW Pack versions=[FP-ATR-ASTRA1_V2.0.0, FP-SNS-FLIGHT1_V5.1.0, FP-SNS-MOTENV1_V5.0.0, FP-SNS-MOTENVWB1_V1.4.0, FP-SNS-SMARTAG2_V1.2.0, FP-SNS-STBOX1_V2.0.0, STM32Cube_FW_C0_V1.4.0, STM32Cube_FW_F4_V1.28.1, STM32Cube_FW_F7_V1.17.2, STM32Cube_FW_G0_V1.6.2, STM32Cube_FW_G4_V1.6.1, STM32Cube_FW_H5_V1.5.0, STM32Cube_FW_H7RS_V1.2.0, STM32Cube_FW_H7_V1.12.1, STM32Cube_FW_L0_V1.12.2, STM32Cube_FW_L4_V1.18.1, STM32Cube_FW_L5_V1.5.1, STM32Cube_FW_N6_V1.1.1, STM32Cube_FW_U0_V1.2.0, STM32Cube_FW_U3_V1.1.0, STM32Cube_FW_U5_V1.7.0, STM32Cube_FW_WB0_V1.2.0, STM32Cube_FW_WBA_V1.6.0, STM32Cube_FW_WB_V1.22.0, STM32Cube_FW_WL3_V1.1.0, STM32Cube_FW_WL_V1.3.1, X-CUBE-ALGOBUILD_V1.4.0, X-CUBE-ALS_V1.0.2, X-CUBE-AZRTOS-F4_V1.1.0, X-CUBE-AZRTOS-F7_V1.1.0, X-CUBE-AZRTOS-G0_V1.1.0, X-CUBE-AZRTOS-G4_V2.0.0, X-CUBE-AZRTOS-H7RS_V1.1.0, X-CUBE-AZRTOS-H7_V3.3.0, X-CUBE-AZRTOS-L4_V2.0.0, X-CUBE-AZRTOS-L5_V2.0.0, X-CUBE-AZRTOS-WB_V2.0.0, X-CUBE-AZRTOS-WL_V2.0.0, X-CUBE-BLE1_V7.1.0, X-CUBE-BLE2_V3.3.0, X-CUBE-BLEMGR_V4.0.0, X-CUBE-EEPRMA1_V5.1.0, X-CUBE-FREERTOS_V1.3.0, X-CUBE-GNSS1_V6.0.0, X-CUBE-MEMS1_V11.2.0, X-CUBE-NFC4_V3.0.0, X-CUBE-NFC7_V1.0.1, X-CUBE-SFXS2LP1_V4.0.0, X-CUBE-SUBG2_V5.0.0, X-CUBE-TOF1_V3.4.3]
2025-05-20 09:46:09,336 [ERROR] DbExamplesSqlite:437 - Missing JSON key: board_cpn
2025-05-20 09:46:09,336 [ERROR] DbExamplesSqlite:437 - Missing JSON key: board_cpn
2025-05-20 09:46:09,336 [ERROR] DbExamplesSqlite:437 - Missing JSON key: board_cpn
2025-05-20 09:46:09,338 [ERROR] DbExamplesSqlite:437 - Missing JSON key: board_cpn
2025-05-20 09:46:09,377 [ERROR] LogOutputStream:75 - [STDERR_REDIRECT] [Fatal Error] :1:1: Premature end of file.
2025-05-20 09:46:09,377 [ERROR] LogOutputStream:75 - [STDERR_REDIRECT] 
2025-05-20 09:46:09,586 [ERROR] DbExamplesSqlite:437 - Missing JSON key: board_cpn
2025-05-20 09:46:09,586 [ERROR] DbExamplesSqlite:437 - Missing JSON key: board_cpn
2025-05-20 09:46:09,588 [ERROR] DbExamplesSqlite:437 - Missing JSON key: board_cpn
2025-05-20 09:46:09,588 [ERROR] DbExamplesSqlite:437 - Missing JSON key: board_cpn
2025-05-20 09:46:09,588 [ERROR] DbExamplesSqlite:437 - Missing JSON key: board_cpn
2025-05-20 09:46:09,588 [ERROR] DbExamplesSqlite:437 - Missing JSON key: board_cpn
2025-05-20 09:46:09,588 [ERROR] DbExamplesSqlite:437 - Missing JSON key: board_cpn
2025-05-20 09:46:09,590 [ERROR] DbExamplesSqlite:437 - Missing JSON key: board_cpn
2025-05-20 09:46:09,590 [ERROR] DbExamplesSqlite:437 - Missing JSON key: board_cpn
2025-05-20 09:46:09,958 [ERROR] DbExamplesSqlite:437 - Missing JSON key: board_cpn
2025-05-20 09:46:09,984 [INFO] DbExamplesSqlite:395 - Ignored 46 examples not supported by CubeIDE
2025-05-20 09:46:09,984 [INFO] DbExamplesSqlite:396 - Found 10821 examples active
2025-05-20 09:46:09,984 [INFO] DbExamplesSqlite:397 - Found 0 examples obsolete
2025-05-20 09:46:09,984 [INFO] DbExamplesSqlite:398 - Found 0 examples under development
2025-05-20 09:46:09,985 [INFO] DbExamplesSqlite:399 - Found 79 examples not building
2025-05-20 09:46:09,987 [INFO] DbExamples:125 - Found 10854 examples
2025-05-20 09:46:10,038 [ERROR] DbExamples:208 - Found 3 examples with invalid data (board or MCU)
2025-05-20 09:46:10,040 [INFO] DbExamples:222 - Found 134 boards with related examples
2025-05-20 09:46:10,042 [INFO] DbExamples:235 - Found 110 MCUs with related examples
2025-05-20 09:46:10,092 [INFO] ApiDb:423 - Load user favorites file C:\Users\hamdo/.stm32cubeide/favorites.examples.txt: 0 item(s)
2025-05-20 09:46:10,092 [INFO] ApiDb:427 - User favorites Examples=[]
2025-05-20 09:46:10,094 [INFO] DbExamples:250 - Set 0 / 0 favorites Examples
2025-05-20 09:46:10,390 [ERROR] LogOutputStream:75 - [STDERR_REDIRECT] [Fatal Error] :1:1: Premature end of file.
2025-05-20 09:46:10,390 [ERROR] LogOutputStream:75 - [STDERR_REDIRECT] 
2025-05-20 09:46:11,425 [ERROR] LogOutputStream:75 - [STDERR_REDIRECT] [Fatal Error] :1:1: Premature end of file.
2025-05-20 09:46:11,426 [ERROR] LogOutputStream:75 - [STDERR_REDIRECT] 
2025-05-20 09:46:12,341 [ERROR] LogOutputStream:75 - [STDERR_REDIRECT] [Fatal Error] :1:1: Premature end of file.
2025-05-20 09:46:12,341 [ERROR] LogOutputStream:75 - [STDERR_REDIRECT] 
2025-05-20 09:46:12,648 [INFO] McuFinderGlobals:76 - Set McuFinderConnectedMode to true
2025-05-20 09:46:12,661 [INFO] MultiScanPanel:200 - Auto-refresh data requested => check proxy status ongoing
2025-05-20 09:46:12,670 [INFO] FinderPluginLoader:95 - Searching for filters in installed packs
2025-05-20 09:46:13,378 [ERROR] LogOutputStream:75 - [STDERR_REDIRECT] [Fatal Error] :1:1: Premature end of file.
2025-05-20 09:46:13,379 [ERROR] LogOutputStream:75 - [STDERR_REDIRECT] 
2025-05-20 09:46:14,366 [ERROR] LogOutputStream:75 - [STDERR_REDIRECT] [Fatal Error] :1:1: Premature end of file.
2025-05-20 09:46:14,367 [ERROR] LogOutputStream:75 - [STDERR_REDIRECT] 
2025-05-20 09:46:15,394 [ERROR] LogOutputStream:75 - [STDERR_REDIRECT] [Fatal Error] :1:1: Premature end of file.
2025-05-20 09:46:15,394 [ERROR] LogOutputStream:75 - [STDERR_REDIRECT] 
2025-05-20 09:46:15,926 [INFO] LoadUrlFilesThread:185 - End of LoadServerUrlFiles without Thread
2025-05-20 09:46:15,951 [INFO] DetailPanel:341 - Set advertising image to C:/Users/hamdo/STM32Cube/Repository/\en.summit-h1-25-promotion.jpg
2025-05-20 09:46:16,373 [ERROR] LogOutputStream:75 - [STDERR_REDIRECT] [Fatal Error] :1:1: Premature end of file.
2025-05-20 09:46:16,374 [ERROR] LogOutputStream:75 - [STDERR_REDIRECT] 
2025-05-20 09:46:17,375 [ERROR] LogOutputStream:75 - [STDERR_REDIRECT] [Fatal Error] :1:1: Premature end of file.
2025-05-20 09:46:17,376 [ERROR] LogOutputStream:75 - [STDERR_REDIRECT] 
2025-05-20 09:46:18,409 [ERROR] LogOutputStream:75 - [STDERR_REDIRECT] [Fatal Error] :1:1: Premature end of file.
2025-05-20 09:46:18,410 [ERROR] LogOutputStream:75 - [STDERR_REDIRECT] 
2025-05-20 09:46:19,356 [ERROR] LogOutputStream:75 - [STDERR_REDIRECT] [Fatal Error] :1:1: Premature end of file.
2025-05-20 09:46:19,356 [ERROR] LogOutputStream:75 - [STDERR_REDIRECT] 
2025-05-20 09:46:20,352 [ERROR] LogOutputStream:75 - [STDERR_REDIRECT] [Fatal Error] :1:1: Premature end of file.
2025-05-20 09:46:20,352 [ERROR] LogOutputStream:75 - [STDERR_REDIRECT] 
2025-05-20 09:46:21,350 [ERROR] LogOutputStream:75 - [STDERR_REDIRECT] [Fatal Error] :1:1: Premature end of file.
2025-05-20 09:46:21,350 [ERROR] LogOutputStream:75 - [STDERR_REDIRECT] 
2025-05-20 09:46:22,337 [ERROR] LogOutputStream:75 - [STDERR_REDIRECT] [Fatal Error] :1:1: Premature end of file.
2025-05-20 09:46:22,337 [ERROR] LogOutputStream:75 - [STDERR_REDIRECT] 
2025-05-20 09:46:23,362 [ERROR] LogOutputStream:75 - [STDERR_REDIRECT] [Fatal Error] :1:1: Premature end of file.
2025-05-20 09:46:23,363 [ERROR] LogOutputStream:75 - [STDERR_REDIRECT] 
2025-05-20 09:46:24,350 [ERROR] LogOutputStream:75 - [STDERR_REDIRECT] [Fatal Error] :1:1: Premature end of file.
2025-05-20 09:46:24,351 [ERROR] LogOutputStream:75 - [STDERR_REDIRECT] 
2025-05-20 09:46:25,337 [ERROR] LogOutputStream:75 - [STDERR_REDIRECT] [Fatal Error] :1:1: Premature end of file.
2025-05-20 09:46:25,337 [ERROR] LogOutputStream:75 - [STDERR_REDIRECT] 
2025-05-20 09:46:26,356 [ERROR] LogOutputStream:75 - [STDERR_REDIRECT] [Fatal Error] :1:1: Premature end of file.
2025-05-20 09:46:26,356 [ERROR] LogOutputStream:75 - [STDERR_REDIRECT] 
2025-05-20 09:46:27,353 [ERROR] LogOutputStream:75 - [STDERR_REDIRECT] [Fatal Error] :1:1: Premature end of file.
2025-05-20 09:46:27,353 [ERROR] LogOutputStream:75 - [STDERR_REDIRECT] 
2025-05-20 09:46:27,734 [INFO] MultiScanPanel:200 - Auto-refresh data requested => check proxy status ongoing
2025-05-20 09:46:27,995 [INFO] LoadUrlFilesThread:185 - End of LoadServerUrlFiles without Thread
2025-05-20 09:46:27,995 [INFO] DetailPanel:341 - Set advertising image to C:/Users/hamdo/STM32Cube/Repository/\en.summit-h1-25-promotion.jpg
2025-05-20 09:46:28,015 [INFO] DbBoards:642 - Loading board mini-images...
2025-05-20 09:46:28,116 [ERROR] DbBoards:659 - Image file not found for board B-WBA5M-WPAN: C:\Users\hamdo\.stmcufinder\plugins\mcufinder//mcu//boards_images/B-WBA5M-WPAN.jpg
2025-05-20 09:46:28,341 [ERROR] LogOutputStream:75 - [STDERR_REDIRECT] [Fatal Error] :1:1: Premature end of file.
2025-05-20 09:46:28,341 [ERROR] LogOutputStream:75 - [STDERR_REDIRECT] 
2025-05-20 09:46:29,339 [ERROR] LogOutputStream:75 - [STDERR_REDIRECT] [Fatal Error] :1:1: Premature end of file.
2025-05-20 09:46:29,340 [ERROR] LogOutputStream:75 - [STDERR_REDIRECT] 
2025-05-20 09:46:30,320 [INFO] DbBoards:665 - Loaded 210 board mini-images
2025-05-20 09:46:30,338 [ERROR] LogOutputStream:75 - [STDERR_REDIRECT] [Fatal Error] :1:1: Premature end of file.
2025-05-20 09:46:30,338 [ERROR] LogOutputStream:75 - [STDERR_REDIRECT] 
2025-05-20 09:46:31,341 [ERROR] LogOutputStream:75 - [STDERR_REDIRECT] [Fatal Error] :1:1: Premature end of file.
2025-05-20 09:46:31,341 [ERROR] LogOutputStream:75 - [STDERR_REDIRECT] 
2025-05-20 09:46:32,343 [ERROR] LogOutputStream:75 - [STDERR_REDIRECT] [Fatal Error] :1:1: Premature end of file.
2025-05-20 09:46:32,343 [ERROR] LogOutputStream:75 - [STDERR_REDIRECT] 
2025-05-20 09:46:33,388 [ERROR] LogOutputStream:75 - [STDERR_REDIRECT] [Fatal Error] :1:1: Premature end of file.
2025-05-20 09:46:33,389 [ERROR] LogOutputStream:75 - [STDERR_REDIRECT] 
2025-05-20 09:46:34,363 [ERROR] LogOutputStream:75 - [STDERR_REDIRECT] [Fatal Error] :1:1: Premature end of file.
2025-05-20 09:46:34,364 [ERROR] LogOutputStream:75 - [STDERR_REDIRECT] 
2025-05-20 09:46:35,355 [ERROR] LogOutputStream:75 - [STDERR_REDIRECT] [Fatal Error] :1:1: Premature end of file.
2025-05-20 09:46:35,355 [ERROR] LogOutputStream:75 - [STDERR_REDIRECT] 
2025-05-20 09:46:36,358 [ERROR] LogOutputStream:75 - [STDERR_REDIRECT] [Fatal Error] :1:1: Premature end of file.
2025-05-20 09:46:36,358 [ERROR] LogOutputStream:75 - [STDERR_REDIRECT] 
2025-05-20 09:46:37,349 [ERROR] LogOutputStream:75 - [STDERR_REDIRECT] [Fatal Error] :1:1: Premature end of file.
2025-05-20 09:46:37,349 [ERROR] LogOutputStream:75 - [STDERR_REDIRECT] 
2025-05-20 09:46:38,363 [ERROR] LogOutputStream:75 - [STDERR_REDIRECT] [Fatal Error] :1:1: Premature end of file.
2025-05-20 09:46:38,363 [ERROR] LogOutputStream:75 - [STDERR_REDIRECT] 
2025-05-20 09:46:39,364 [ERROR] LogOutputStream:75 - [STDERR_REDIRECT] [Fatal Error] :1:1: Premature end of file.
2025-05-20 09:46:39,364 [ERROR] LogOutputStream:75 - [STDERR_REDIRECT] 
2025-05-20 09:46:40,371 [ERROR] LogOutputStream:75 - [STDERR_REDIRECT] [Fatal Error] :1:1: Premature end of file.
2025-05-20 09:46:40,371 [ERROR] LogOutputStream:75 - [STDERR_REDIRECT] 
2025-05-20 09:46:41,349 [ERROR] LogOutputStream:75 - [STDERR_REDIRECT] [Fatal Error] :1:1: Premature end of file.
2025-05-20 09:46:41,349 [ERROR] LogOutputStream:75 - [STDERR_REDIRECT] 
2025-05-20 09:46:42,336 [ERROR] LogOutputStream:75 - [STDERR_REDIRECT] [Fatal Error] :1:1: Premature end of file.
2025-05-20 09:46:42,336 [ERROR] LogOutputStream:75 - [STDERR_REDIRECT] 
2025-05-20 09:46:43,334 [ERROR] LogOutputStream:75 - [STDERR_REDIRECT] [Fatal Error] :1:1: Premature end of file.
2025-05-20 09:46:43,334 [ERROR] LogOutputStream:75 - [STDERR_REDIRECT] 
2025-05-20 09:46:44,333 [ERROR] LogOutputStream:75 - [STDERR_REDIRECT] [Fatal Error] :1:1: Premature end of file.
2025-05-20 09:46:44,333 [ERROR] LogOutputStream:75 - [STDERR_REDIRECT] 
2025-05-20 09:46:45,336 [ERROR] LogOutputStream:75 - [STDERR_REDIRECT] [Fatal Error] :1:1: Premature end of file.
2025-05-20 09:46:45,336 [ERROR] LogOutputStream:75 - [STDERR_REDIRECT] 
2025-05-20 09:46:46,333 [ERROR] LogOutputStream:75 - [STDERR_REDIRECT] [Fatal Error] :1:1: Premature end of file.
2025-05-20 09:46:46,333 [ERROR] LogOutputStream:75 - [STDERR_REDIRECT] 
2025-05-20 09:46:47,332 [ERROR] LogOutputStream:75 - [STDERR_REDIRECT] [Fatal Error] :1:1: Premature end of file.
2025-05-20 09:46:47,333 [ERROR] LogOutputStream:75 - [STDERR_REDIRECT] 
2025-05-20 09:46:48,335 [ERROR] LogOutputStream:75 - [STDERR_REDIRECT] [Fatal Error] :1:1: Premature end of file.
2025-05-20 09:46:48,335 [ERROR] LogOutputStream:75 - [STDERR_REDIRECT] 
2025-05-20 09:46:49,340 [ERROR] LogOutputStream:75 - [STDERR_REDIRECT] [Fatal Error] :1:1: Premature end of file.
2025-05-20 09:46:49,340 [ERROR] LogOutputStream:75 - [STDERR_REDIRECT] 
2025-05-20 09:46:50,346 [ERROR] LogOutputStream:75 - [STDERR_REDIRECT] [Fatal Error] :1:1: Premature end of file.
2025-05-20 09:46:50,346 [ERROR] LogOutputStream:75 - [STDERR_REDIRECT] 
2025-05-20 09:46:51,353 [ERROR] LogOutputStream:75 - [STDERR_REDIRECT] [Fatal Error] :1:1: Premature end of file.
2025-05-20 09:46:51,354 [ERROR] LogOutputStream:75 - [STDERR_REDIRECT] 
2025-05-20 09:46:52,338 [ERROR] LogOutputStream:75 - [STDERR_REDIRECT] [Fatal Error] :1:1: Premature end of file.
2025-05-20 09:46:52,338 [ERROR] LogOutputStream:75 - [STDERR_REDIRECT] 
2025-05-20 09:46:53,338 [ERROR] LogOutputStream:75 - [STDERR_REDIRECT] [Fatal Error] :1:1: Premature end of file.
2025-05-20 09:46:53,338 [ERROR] LogOutputStream:75 - [STDERR_REDIRECT] 
2025-05-20 09:46:54,339 [ERROR] LogOutputStream:75 - [STDERR_REDIRECT] [Fatal Error] :1:1: Premature end of file.
2025-05-20 09:46:54,339 [ERROR] LogOutputStream:75 - [STDERR_REDIRECT] 
2025-05-20 09:46:55,338 [ERROR] LogOutputStream:75 - [STDERR_REDIRECT] [Fatal Error] :1:1: Premature end of file.
2025-05-20 09:46:55,338 [ERROR] LogOutputStream:75 - [STDERR_REDIRECT] 
2025-05-20 09:46:56,338 [ERROR] LogOutputStream:75 - [STDERR_REDIRECT] [Fatal Error] :1:1: Premature end of file.
2025-05-20 09:46:56,339 [ERROR] LogOutputStream:75 - [STDERR_REDIRECT] 
2025-05-20 09:46:57,335 [ERROR] LogOutputStream:75 - [STDERR_REDIRECT] [Fatal Error] :1:1: Premature end of file.
2025-05-20 09:46:57,335 [ERROR] LogOutputStream:75 - [STDERR_REDIRECT] 
2025-05-20 09:46:58,339 [ERROR] LogOutputStream:75 - [STDERR_REDIRECT] [Fatal Error] :1:1: Premature end of file.
2025-05-20 09:46:58,339 [ERROR] LogOutputStream:75 - [STDERR_REDIRECT] 
2025-05-20 09:46:59,333 [ERROR] LogOutputStream:75 - [STDERR_REDIRECT] [Fatal Error] :1:1: Premature end of file.
2025-05-20 09:46:59,333 [ERROR] LogOutputStream:75 - [STDERR_REDIRECT] 
2025-05-20 09:47:00,335 [ERROR] LogOutputStream:75 - [STDERR_REDIRECT] [Fatal Error] :1:1: Premature end of file.
2025-05-20 09:47:00,335 [ERROR] LogOutputStream:75 - [STDERR_REDIRECT] 
2025-05-20 09:47:01,332 [ERROR] LogOutputStream:75 - [STDERR_REDIRECT] [Fatal Error] :1:1: Premature end of file.
2025-05-20 09:47:01,332 [ERROR] LogOutputStream:75 - [STDERR_REDIRECT] 
2025-05-20 09:47:02,338 [ERROR] LogOutputStream:75 - [STDERR_REDIRECT] [Fatal Error] :1:1: Premature end of file.
2025-05-20 09:47:02,338 [ERROR] LogOutputStream:75 - [STDERR_REDIRECT] 
2025-05-20 09:47:03,343 [ERROR] LogOutputStream:75 - [STDERR_REDIRECT] [Fatal Error] :1:1: Premature end of file.
2025-05-20 09:47:03,343 [ERROR] LogOutputStream:75 - [STDERR_REDIRECT] 
2025-05-20 09:47:04,340 [ERROR] LogOutputStream:75 - [STDERR_REDIRECT] [Fatal Error] :1:1: Premature end of file.
2025-05-20 09:47:04,340 [ERROR] LogOutputStream:75 - [STDERR_REDIRECT] 
2025-05-20 09:47:05,348 [ERROR] LogOutputStream:75 - [STDERR_REDIRECT] [Fatal Error] :1:1: Premature end of file.
2025-05-20 09:47:05,356 [ERROR] LogOutputStream:75 - [STDERR_REDIRECT] 
2025-05-20 09:47:06,342 [ERROR] LogOutputStream:75 - [STDERR_REDIRECT] [Fatal Error] :1:1: Premature end of file.
2025-05-20 09:47:06,342 [ERROR] LogOutputStream:75 - [STDERR_REDIRECT] 
2025-05-20 09:47:07,346 [ERROR] LogOutputStream:75 - [STDERR_REDIRECT] [Fatal Error] :1:1: Premature end of file.
2025-05-20 09:47:07,346 [ERROR] LogOutputStream:75 - [STDERR_REDIRECT] 
2025-05-20 09:47:08,345 [ERROR] LogOutputStream:75 - [STDERR_REDIRECT] [Fatal Error] :1:1: Premature end of file.
2025-05-20 09:47:08,345 [ERROR] LogOutputStream:75 - [STDERR_REDIRECT] 
2025-05-20 09:47:09,352 [ERROR] LogOutputStream:75 - [STDERR_REDIRECT] [Fatal Error] :1:1: Premature end of file.
2025-05-20 09:47:09,352 [ERROR] LogOutputStream:75 - [STDERR_REDIRECT] 
2025-05-20 09:47:10,343 [ERROR] LogOutputStream:75 - [STDERR_REDIRECT] [Fatal Error] :1:1: Premature end of file.
2025-05-20 09:47:10,343 [ERROR] LogOutputStream:75 - [STDERR_REDIRECT] 
2025-05-20 09:47:11,337 [ERROR] LogOutputStream:75 - [STDERR_REDIRECT] [Fatal Error] :1:1: Premature end of file.
2025-05-20 09:47:11,337 [ERROR] LogOutputStream:75 - [STDERR_REDIRECT] 
2025-05-20 09:47:12,333 [ERROR] LogOutputStream:75 - [STDERR_REDIRECT] [Fatal Error] :1:1: Premature end of file.
2025-05-20 09:47:12,333 [ERROR] LogOutputStream:75 - [STDERR_REDIRECT] 
2025-05-20 09:47:13,347 [ERROR] LogOutputStream:75 - [STDERR_REDIRECT] [Fatal Error] :1:1: Premature end of file.
2025-05-20 09:47:13,347 [ERROR] LogOutputStream:75 - [STDERR_REDIRECT] 
2025-05-20 09:47:14,336 [ERROR] LogOutputStream:75 - [STDERR_REDIRECT] [Fatal Error] :1:1: Premature end of file.
2025-05-20 09:47:14,336 [ERROR] LogOutputStream:75 - [STDERR_REDIRECT] 
2025-05-20 09:47:15,347 [ERROR] LogOutputStream:75 - [STDERR_REDIRECT] [Fatal Error] :1:1: Premature end of file.
2025-05-20 09:47:15,347 [ERROR] LogOutputStream:75 - [STDERR_REDIRECT] 
2025-05-20 09:47:16,354 [ERROR] LogOutputStream:75 - [STDERR_REDIRECT] [Fatal Error] :1:1: Premature end of file.
2025-05-20 09:47:16,354 [ERROR] LogOutputStream:75 - [STDERR_REDIRECT] 
2025-05-20 09:47:17,342 [ERROR] LogOutputStream:75 - [STDERR_REDIRECT] [Fatal Error] :1:1: Premature end of file.
2025-05-20 09:47:17,342 [ERROR] LogOutputStream:75 - [STDERR_REDIRECT] 
2025-05-20 09:47:18,340 [ERROR] LogOutputStream:75 - [STDERR_REDIRECT] [Fatal Error] :1:1: Premature end of file.
2025-05-20 09:47:18,340 [ERROR] LogOutputStream:75 - [STDERR_REDIRECT] 
2025-05-20 09:47:19,353 [ERROR] LogOutputStream:75 - [STDERR_REDIRECT] [Fatal Error] :1:1: Premature end of file.
2025-05-20 09:47:19,353 [ERROR] LogOutputStream:75 - [STDERR_REDIRECT] 
2025-05-20 09:47:20,354 [ERROR] LogOutputStream:75 - [STDERR_REDIRECT] [Fatal Error] :1:1: Premature end of file.
2025-05-20 09:47:20,357 [ERROR] LogOutputStream:75 - [STDERR_REDIRECT] 
2025-05-20 09:47:21,348 [ERROR] LogOutputStream:75 - [STDERR_REDIRECT] [Fatal Error] :1:1: Premature end of file.
2025-05-20 09:47:21,348 [ERROR] LogOutputStream:75 - [STDERR_REDIRECT] 
2025-05-20 09:47:22,332 [ERROR] LogOutputStream:75 - [STDERR_REDIRECT] [Fatal Error] :1:1: Premature end of file.
2025-05-20 09:47:22,332 [ERROR] LogOutputStream:75 - [STDERR_REDIRECT] 
2025-05-20 09:47:23,337 [ERROR] LogOutputStream:75 - [STDERR_REDIRECT] [Fatal Error] :1:1: Premature end of file.
2025-05-20 09:47:23,337 [ERROR] LogOutputStream:75 - [STDERR_REDIRECT] 
2025-05-20 09:47:24,364 [ERROR] LogOutputStream:75 - [STDERR_REDIRECT] [Fatal Error] :1:1: Premature end of file.
2025-05-20 09:47:24,364 [ERROR] LogOutputStream:75 - [STDERR_REDIRECT] 
2025-05-20 09:47:25,349 [ERROR] LogOutputStream:75 - [STDERR_REDIRECT] [Fatal Error] :1:1: Premature end of file.
2025-05-20 09:47:25,349 [ERROR] LogOutputStream:75 - [STDERR_REDIRECT] 
2025-05-20 09:50:27,467 [INFO] Activator:176 - 


2025-05-20 09:50:27,471 [INFO] Activator:177 - !SESSION log4j initialized
2025-05-20 09:50:41,529 [INFO] LogOutputStream:77 - [STDOUT_REDIRECT] 
2025-05-20 09:50:45,819 [INFO] ApplicationProperties:184 - Using Application install path: C:\ST\STM32CubeIDE_1.18.0\STM32CubeIDE\plugins\com.st.stm32cube.common.mx_6.14.1.202504091515
2025-05-20 09:50:45,854 [INFO] DbMcusXml:78 - Set database path to: C:\ST\STM32CubeIDE_1.18.0\STM32CubeIDE\plugins\com.st.stm32cube.common.mx_6.14.1.202504091515\\db\/mcu/
2025-05-20 09:50:45,854 [INFO] ApiDb:274 - Set plugin database path to: C:\ST\STM32CubeIDE_1.18.0\STM32CubeIDE\plugins\com.st.stm32cube.common.mx_6.14.1.202504091515\\db\/plugins/boardmanager/
2025-05-20 09:50:45,855 [WARN] ApiDb:259 - Overriding images path with different value:  => C:\ST\STM32CubeIDE_1.18.0\STM32CubeIDE\plugins\com.st.stm32cube.common.mx_6.14.1.202504091515\\db\/plugins/mcufinder/images/
2025-05-20 09:50:45,870 [INFO] ApiDb:250 - Set database path to: C:\Users\hamdo\.stmcufinder\plugins\mcufinder//mcu/
2025-05-20 09:50:45,871 [INFO] DbMcusAds:125 - Set database path to: C:\Users\hamdo\.stmcufinder\plugins\mcufinder//mcu/
2025-05-20 09:50:45,874 [INFO] CrossReferenceDbSqlite:203 - Set database path to: C:\Users\hamdo\.stmcufinder\plugins\mcufinder//mcu/cs/
2025-05-20 09:50:46,070 [INFO] RulesReader:64 - Compatibility file has been processed (302 Rules)
2025-05-20 09:50:46,315 [INFO] DbMcusXml:78 - Set database path to: C:\ST\STM32CubeIDE_1.18.0\STM32CubeIDE\plugins\com.st.stm32cube.common.mx_6.14.1.202504091515\\db\/mcu/
2025-05-20 09:50:46,315 [INFO] ApiDb:274 - Set plugin database path to: C:\ST\STM32CubeIDE_1.18.0\STM32CubeIDE\plugins\com.st.stm32cube.common.mx_6.14.1.202504091515\\db\/plugins/boardmanager/
2025-05-20 09:50:46,316 [INFO] ApiDb:261 - Set plugin images path to: C:\ST\STM32CubeIDE_1.18.0\STM32CubeIDE\plugins\com.st.stm32cube.common.mx_6.14.1.202504091515\\db\/plugins/mcufinder/images/
2025-05-20 09:50:46,316 [WARN] DbFile:41 - Overriding database path with different value: C:\Users\hamdo\.stmcufinder\plugins\mcufinder/ => C:\Users\hamdo\.stmcufinder\plugins\mcufinder
2025-05-20 09:50:46,317 [INFO] ApiDb:250 - Set database path to: C:\Users\hamdo\.stmcufinder\plugins\mcufinder//mcu/
2025-05-20 09:50:46,317 [WARN] DbFile:41 - Overriding database path with different value: C:\Users\hamdo\.stmcufinder\plugins\mcufinder/ => C:\Users\hamdo\.stmcufinder\plugins\mcufinder
2025-05-20 09:50:46,317 [INFO] DbMcusAds:125 - Set database path to: C:\Users\hamdo\.stmcufinder\plugins\mcufinder//mcu/
2025-05-20 09:50:46,317 [WARN] DbFile:41 - Overriding database path with different value: C:\Users\hamdo\.stmcufinder\plugins\mcufinder/ => C:\Users\hamdo\.stmcufinder\plugins\mcufinder
2025-05-20 09:50:46,318 [WARN] DbFile:41 - Overriding database path with different value: C:\Users\hamdo\.stmcufinder\plugins\mcufinder/ => C:\Users\hamdo\.stmcufinder\plugins\mcufinder
2025-05-20 09:50:46,318 [INFO] CrossReferenceDbSqlite:203 - Set database path to: C:\Users\hamdo\.stmcufinder\plugins\mcufinder//mcu/cs/
2025-05-20 09:50:46,469 [INFO] MainPanel:272 - HeapMemory: 268435456
2025-05-20 09:50:46,863 [INFO] DbMcusXml:78 - Set database path to: C:\ST\STM32CubeIDE_1.18.0\STM32CubeIDE\plugins\com.st.stm32cube.common.mx_6.14.1.202504091515\\db\/mcu/
2025-05-20 09:50:46,863 [INFO] ApiDb:274 - Set plugin database path to: C:\ST\STM32CubeIDE_1.18.0\STM32CubeIDE\plugins\com.st.stm32cube.common.mx_6.14.1.202504091515\\db\/plugins/boardmanager/
2025-05-20 09:50:46,863 [INFO] ApiDb:261 - Set plugin images path to: C:\ST\STM32CubeIDE_1.18.0\STM32CubeIDE\plugins\com.st.stm32cube.common.mx_6.14.1.202504091515\\db\/plugins/mcufinder/images/
2025-05-20 09:50:46,864 [WARN] DbFile:41 - Overriding database path with different value: C:\Users\hamdo\.stmcufinder\plugins\mcufinder/ => C:\Users\hamdo\.stmcufinder\plugins\mcufinder
2025-05-20 09:50:46,864 [INFO] ApiDb:250 - Set database path to: C:\Users\hamdo\.stmcufinder\plugins\mcufinder//mcu/
2025-05-20 09:50:46,865 [WARN] DbFile:41 - Overriding database path with different value: C:\Users\hamdo\.stmcufinder\plugins\mcufinder/ => C:\Users\hamdo\.stmcufinder\plugins\mcufinder
2025-05-20 09:50:46,865 [INFO] DbMcusAds:125 - Set database path to: C:\Users\hamdo\.stmcufinder\plugins\mcufinder//mcu/
2025-05-20 09:50:46,865 [WARN] DbFile:41 - Overriding database path with different value: C:\Users\hamdo\.stmcufinder\plugins\mcufinder/ => C:\Users\hamdo\.stmcufinder\plugins\mcufinder
2025-05-20 09:50:46,865 [WARN] DbFile:41 - Overriding database path with different value: C:\Users\hamdo\.stmcufinder\plugins\mcufinder/ => C:\Users\hamdo\.stmcufinder\plugins\mcufinder
2025-05-20 09:50:46,865 [INFO] CrossReferenceDbSqlite:203 - Set database path to: C:\Users\hamdo\.stmcufinder\plugins\mcufinder//mcu/cs/
2025-05-20 09:50:46,899 [INFO] ApplicationProperties:184 - Using Application install path: C:\ST\STM32CubeIDE_1.18.0\STM32CubeIDE\plugins\com.st.stm32cube.common.mx_6.14.1.202504091515
2025-05-20 09:50:46,900 [INFO] PluginManage:196 - Search for loadable plugins [exclusion list=, ]
2025-05-20 09:50:46,903 [INFO] PluginManage:310 - Check plugin analytics
2025-05-20 09:50:47,224 [INFO] AnalyticsPlugin:253 - Accepted Software Licenses: 
2025-05-20 09:50:47,224 [INFO] AnalyticsPlugin:255 - Accepted CMSIS Pack Licenses: 
2025-05-20 09:50:47,225 [INFO] AnalyticsPlugin:257 - Accepted Firmware Licenses: FW.F4.1.28.0
2025-05-20 09:50:47,231 [INFO] PluginManage:359 - Loaded plugin analytics (category:tool,tabindex:-1)
2025-05-20 09:50:47,232 [INFO] PluginManage:310 - Check plugin cadmodel
2025-05-20 09:50:47,242 [INFO] CADModel:105 - Init CAD model plugin
2025-05-20 09:50:47,242 [INFO] PluginManage:359 - Loaded plugin cadmodel (category:power,tabindex:5)
2025-05-20 09:50:47,243 [INFO] PluginManage:310 - Check plugin clock
2025-05-20 09:50:47,261 [INFO] PluginManage:359 - Loaded plugin clock (category:base,tabindex:2)
2025-05-20 09:50:47,261 [INFO] PluginManage:310 - Check plugin ddr
2025-05-20 09:50:47,266 [INFO] PluginManage:359 - Loaded plugin ddr (category:tool,tabindex:6)
2025-05-20 09:50:47,266 [INFO] PluginManage:310 - Check plugin filemanager
2025-05-20 09:50:47,561 [INFO] PluginManage:359 - Loaded plugin filemanager (category:base,tabindex:10)
2025-05-20 09:50:47,562 [INFO] PluginManage:310 - Check plugin ipmanager
2025-05-20 09:50:47,582 [INFO] PluginManage:359 - Loaded plugin ipmanager (category:base,tabindex:5)
2025-05-20 09:50:47,583 [INFO] PluginManage:310 - Check plugin lpbam
2025-05-20 09:50:47,617 [INFO] PluginManage:359 - Loaded plugin lpbam (category:base,tabindex:0)
2025-05-20 09:50:47,618 [INFO] PluginManage:310 - Check plugin memorymap
2025-05-20 09:50:47,675 [INFO] PluginManage:359 - Loaded plugin memorymap (category:base,tabindex:4)
2025-05-20 09:50:47,676 [INFO] PluginManage:310 - Check plugin pinoutandconfiguration
2025-05-20 09:50:47,701 [INFO] PluginManage:359 - Loaded plugin pinoutandconfiguration (category:base,tabindex:1)
2025-05-20 09:50:47,701 [INFO] PluginManage:310 - Check plugin pinoutconfig
2025-05-20 09:50:47,891 [WARN] SupportedApi:132 - Cannot load RTOS API schema: s4s-elt-must-match.1: The content of 'definitions' must match (annotation?, (simpleType | complexType)?, (unique | key | keyref)*)). A problem was found starting at: attribute.
2025-05-20 09:50:48,336 [INFO] PluginManage:359 - Loaded plugin pinoutconfig (category:base,tabindex:0)
2025-05-20 09:50:48,336 [INFO] PluginManage:310 - Check plugin power
2025-05-20 09:50:48,351 [INFO] PluginManage:359 - Loaded plugin power (category:power,tabindex:4)
2025-05-20 09:50:48,351 [INFO] PluginManage:310 - Check plugin projectmanager
2025-05-20 09:50:48,379 [INFO] PluginManage:359 - Loaded plugin projectmanager (category:projectmanager,tabindex:4)
2025-05-20 09:50:48,380 [INFO] PluginManage:310 - Check plugin rif
2025-05-20 09:50:48,394 [INFO] PluginManage:359 - Loaded plugin rif (category:base,tabindex:3)
2025-05-20 09:50:48,395 [INFO] PluginManage:310 - Check plugin thirdparty
2025-05-20 09:50:48,658 [INFO] PluginManage:359 - Loaded plugin thirdparty (category:base,tabindex:-1)
2025-05-20 09:50:48,658 [WARN] IntegrityCheckThread:84 - waiting for thirdparty lock release [integrity check]
2025-05-20 09:50:48,659 [INFO] IntegrityCheckThread:86 - entering critical section [integrity check]
2025-05-20 09:50:48,659 [INFO] PluginManage:310 - Check plugin tools
2025-05-20 09:50:48,659 [INFO] ThirdPartyUpdaterWithRetryManager:70 - Updater plugin not ready yet. [1/15]
2025-05-20 09:50:48,666 [INFO] PluginManage:359 - Loaded plugin tools (category:base,tabindex:7)
2025-05-20 09:50:48,667 [INFO] PluginManage:310 - Check plugin tutovideos
2025-05-20 09:50:49,150 [INFO] PluginManage:359 - Loaded plugin tutovideos (category:base,tabindex:-1)
2025-05-20 09:50:49,151 [INFO] PluginManage:310 - Check plugin updater
2025-05-20 09:50:49,243 [INFO] PluginManage:359 - Loaded plugin updater (category:base,tabindex:12)
2025-05-20 09:50:49,243 [INFO] PluginManage:310 - Check plugin userauth
2025-05-20 09:50:49,261 [INFO] UserAuth:118 - Init User Auth plugin
2025-05-20 09:50:49,263 [INFO] PluginManage:359 - Loaded plugin userauth (category:base,tabindex:14)
2025-05-20 09:50:49,264 [INFO] PluginManage:283 - PluginManage : Loaded plugins [18]
2025-05-20 09:50:49,888 [INFO] PinOutPanel:1589 - setPackage(No Configuration,No Configuration)
2025-05-20 09:50:50,186 [INFO] CADModel:165 - CPN selected for project level
2025-05-20 09:50:50,187 [INFO] CADModel:114 - Register for checkConnection events
2025-05-20 09:50:50,230 [INFO] IPUIPlugin:80 - create IPUIPlugin
2025-05-20 09:50:50,230 [INFO] PluginManager:220 - loadIPPluginJar : add adc
2025-05-20 09:50:50,236 [INFO] IPUIPlugin:80 - create IPUIPlugin
2025-05-20 09:50:50,236 [INFO] PluginManager:220 - loadIPPluginJar : add aes
2025-05-20 09:50:50,243 [INFO] IPUIPlugin:80 - create IPUIPlugin
2025-05-20 09:50:50,243 [INFO] PluginManager:220 - loadIPPluginJar : add can
2025-05-20 09:50:50,246 [INFO] IPUIPlugin:80 - create IPUIPlugin
2025-05-20 09:50:50,246 [INFO] PluginManager:220 - loadIPPluginJar : add comp
2025-05-20 09:50:50,253 [INFO] IPUIPlugin:80 - create IPUIPlugin
2025-05-20 09:50:50,253 [INFO] PluginManager:220 - loadIPPluginJar : add cryp
2025-05-20 09:50:50,260 [INFO] IPUIPlugin:80 - create IPUIPlugin
2025-05-20 09:50:50,260 [INFO] PluginManager:220 - loadIPPluginJar : add ddr_ctrl_phy
2025-05-20 09:50:50,264 [INFO] IPUIPlugin:80 - create IPUIPlugin
2025-05-20 09:50:50,265 [INFO] PluginManager:220 - loadIPPluginJar : add dfsdm
2025-05-20 09:50:50,275 [INFO] IPUIPlugin:80 - create IPUIPlugin
2025-05-20 09:50:50,276 [INFO] PluginManager:220 - loadIPPluginJar : add dma
2025-05-20 09:50:50,282 [INFO] IPUIPlugin:80 - create IPUIPlugin
2025-05-20 09:50:50,283 [INFO] PluginManager:220 - loadIPPluginJar : add dma3
2025-05-20 09:50:50,292 [INFO] IPUIPlugin:80 - create IPUIPlugin
2025-05-20 09:50:50,292 [INFO] PluginManager:220 - loadIPPluginJar : add extmemmanager
2025-05-20 09:50:50,296 [INFO] IPUIPlugin:80 - create IPUIPlugin
2025-05-20 09:50:50,297 [INFO] PluginManager:220 - loadIPPluginJar : add fatfs
2025-05-20 09:50:50,312 [INFO] IPUIPlugin:80 - create IPUIPlugin
2025-05-20 09:50:50,313 [INFO] PluginManager:220 - loadIPPluginJar : add fmc
2025-05-20 09:50:50,341 [INFO] IPUIPlugin:80 - create IPUIPlugin
2025-05-20 09:50:50,344 [INFO] PluginManager:220 - loadIPPluginJar : add freertos
2025-05-20 09:50:50,352 [INFO] IPUIPlugin:80 - create IPUIPlugin
2025-05-20 09:50:50,353 [INFO] PluginManager:220 - loadIPPluginJar : add genericplugin
2025-05-20 09:50:50,364 [INFO] IPUIPlugin:80 - create IPUIPlugin
2025-05-20 09:50:50,365 [INFO] PluginManager:220 - loadIPPluginJar : add gfxmmu
2025-05-20 09:50:50,380 [INFO] IPUIPlugin:80 - create IPUIPlugin
2025-05-20 09:50:50,381 [INFO] PluginManager:220 - loadIPPluginJar : add gic
2025-05-20 09:50:50,400 [INFO] IPUIPlugin:80 - create IPUIPlugin
2025-05-20 09:50:50,401 [INFO] PluginManager:220 - loadIPPluginJar : add gpio
2025-05-20 09:50:50,419 [INFO] IPUIPlugin:80 - create IPUIPlugin
2025-05-20 09:50:50,420 [INFO] PluginManager:220 - loadIPPluginJar : add gtzc
2025-05-20 09:50:50,432 [INFO] IPUIPlugin:80 - create IPUIPlugin
2025-05-20 09:50:50,433 [INFO] PluginManager:220 - loadIPPluginJar : add hash
2025-05-20 09:50:50,447 [INFO] IPUIPlugin:80 - create IPUIPlugin
2025-05-20 09:50:50,448 [INFO] PluginManager:220 - loadIPPluginJar : add i2c
2025-05-20 09:50:50,462 [INFO] IPUIPlugin:80 - create IPUIPlugin
2025-05-20 09:50:50,463 [INFO] PluginManager:220 - loadIPPluginJar : add i2s
2025-05-20 09:50:50,478 [INFO] IPUIPlugin:80 - create IPUIPlugin
2025-05-20 09:50:50,478 [INFO] PluginManager:220 - loadIPPluginJar : add i3c
2025-05-20 09:50:50,489 [INFO] IPUIPlugin:80 - create IPUIPlugin
2025-05-20 09:50:50,489 [INFO] PluginManager:220 - loadIPPluginJar : add ipddr
2025-05-20 09:50:50,509 [INFO] IPUIPlugin:80 - create IPUIPlugin
2025-05-20 09:50:50,509 [INFO] PluginManager:220 - loadIPPluginJar : add linkedlist
2025-05-20 09:50:50,518 [INFO] IPUIPlugin:80 - create IPUIPlugin
2025-05-20 09:50:50,520 [INFO] PluginManager:220 - loadIPPluginJar : add lorawan
2025-05-20 09:50:50,524 [INFO] IPUIPlugin:80 - create IPUIPlugin
2025-05-20 09:50:50,524 [INFO] PluginManager:220 - loadIPPluginJar : add ltdc
2025-05-20 09:50:50,536 [INFO] IPUIPlugin:80 - create IPUIPlugin
2025-05-20 09:50:50,536 [INFO] PluginManager:220 - loadIPPluginJar : add mdma
2025-05-20 09:50:50,543 [INFO] IPUIPlugin:80 - create IPUIPlugin
2025-05-20 09:50:50,543 [INFO] PluginManager:220 - loadIPPluginJar : add nvic
2025-05-20 09:50:50,545 [INFO] IPUIPlugin:80 - create IPUIPlugin
2025-05-20 09:50:50,545 [INFO] PluginManager:220 - loadIPPluginJar : add opamp
2025-05-20 09:50:50,545 [INFO] IPUIPlugin:80 - create IPUIPlugin
2025-05-20 09:50:50,545 [INFO] PluginManager:220 - loadIPPluginJar : add openamp
2025-05-20 09:50:50,559 [INFO] IPUIPlugin:80 - create IPUIPlugin
2025-05-20 09:50:50,559 [INFO] PluginManager:220 - loadIPPluginJar : add pdm2pcm
2025-05-20 09:50:50,568 [INFO] IPUIPlugin:80 - create IPUIPlugin
2025-05-20 09:50:50,570 [INFO] PluginManager:220 - loadIPPluginJar : add plateformsettings
2025-05-20 09:50:50,574 [INFO] IPUIPlugin:80 - create IPUIPlugin
2025-05-20 09:50:50,574 [INFO] PluginManager:220 - loadIPPluginJar : add quadspi
2025-05-20 09:50:50,576 [INFO] IPUIPlugin:80 - create IPUIPlugin
2025-05-20 09:50:50,580 [INFO] PluginManager:220 - loadIPPluginJar : add radio
2025-05-20 09:50:50,586 [INFO] IPUIPlugin:80 - create IPUIPlugin
2025-05-20 09:50:50,586 [INFO] PluginManager:220 - loadIPPluginJar : add resmgrutility
2025-05-20 09:50:50,591 [INFO] IPUIPlugin:80 - create IPUIPlugin
2025-05-20 09:50:50,591 [INFO] PluginManager:220 - loadIPPluginJar : add sai
2025-05-20 09:50:50,595 [INFO] IPUIPlugin:80 - create IPUIPlugin
2025-05-20 09:50:50,595 [INFO] PluginManager:220 - loadIPPluginJar : add spi
2025-05-20 09:50:50,604 [INFO] IPUIPlugin:80 - create IPUIPlugin
2025-05-20 09:50:50,604 [INFO] PluginManager:220 - loadIPPluginJar : add stm32_wpan
2025-05-20 09:50:50,608 [INFO] IPUIPlugin:80 - create IPUIPlugin
2025-05-20 09:50:50,608 [INFO] PluginManager:220 - loadIPPluginJar : add tim
2025-05-20 09:50:50,612 [INFO] IPUIPlugin:80 - create IPUIPlugin
2025-05-20 09:50:50,612 [INFO] PluginManager:220 - loadIPPluginJar : add touchsensing
2025-05-20 09:50:50,620 [INFO] IPUIPlugin:80 - create IPUIPlugin
2025-05-20 09:50:50,620 [INFO] PluginManager:220 - loadIPPluginJar : add tracer_emb
2025-05-20 09:50:50,623 [INFO] IPUIPlugin:80 - create IPUIPlugin
2025-05-20 09:50:50,623 [INFO] PluginManager:220 - loadIPPluginJar : add ts
2025-05-20 09:50:50,626 [INFO] IPUIPlugin:80 - create IPUIPlugin
2025-05-20 09:50:50,626 [INFO] PluginManager:220 - loadIPPluginJar : add tsc
2025-05-20 09:50:50,629 [INFO] IPUIPlugin:80 - create IPUIPlugin
2025-05-20 09:50:50,630 [INFO] PluginManager:220 - loadIPPluginJar : add ucpd
2025-05-20 09:50:50,636 [INFO] IPUIPlugin:80 - create IPUIPlugin
2025-05-20 09:50:50,636 [INFO] PluginManager:220 - loadIPPluginJar : add usart
2025-05-20 09:50:50,640 [INFO] IPUIPlugin:80 - create IPUIPlugin
2025-05-20 09:50:50,640 [INFO] PluginManager:220 - loadIPPluginJar : add usbx
2025-05-20 09:50:50,855 [FATAL] Updater:351 - Updater called before beeing initialized
2025-05-20 09:50:50,924 [INFO] RulesReader:64 - Compatibility file has been processed (302 Rules)
2025-05-20 09:50:50,962 [INFO] RulesReader:64 - Compatibility file has been processed (302 Rules)
2025-05-20 09:50:50,982 [INFO] CADModel:165 - CPN selected for project level
2025-05-20 09:50:50,982 [INFO] CADModel:114 - Register for checkConnection events
2025-05-20 09:50:50,982 [FATAL] Updater:351 - Updater called before beeing initialized
2025-05-20 09:50:50,983 [ERROR] CADModel:125 - Updater not yet initialized, retry later 
2025-05-20 09:50:51,399 [FATAL] Updater:351 - Updater called before beeing initialized
2025-05-20 09:50:51,402 [INFO] CADModel:165 - CPN selected for project level
2025-05-20 09:50:51,402 [INFO] CADModel:114 - Register for checkConnection events
2025-05-20 09:50:51,402 [FATAL] Updater:351 - Updater called before beeing initialized
2025-05-20 09:50:51,402 [ERROR] CADModel:125 - Updater not yet initialized, retry later 
2025-05-20 09:50:51,412 [FATAL] Updater:351 - Updater called before beeing initialized
2025-05-20 09:50:51,668 [INFO] ThirdPartyUpdaterWithRetryManager:70 - Updater plugin not ready yet. [2/15]
2025-05-20 09:50:52,077 [FATAL] Updater:351 - Updater called before beeing initialized
2025-05-20 09:50:52,088 [INFO] DbMcusAds:53 - JSON generation date=Wed May 07 03:07:55 MDT 2025 (1746608875679)
2025-05-20 09:50:52,090 [FATAL] Updater:351 - Updater called before beeing initialized
2025-05-20 09:50:52,216 [WARN] DetailPanel:346 - Failed to get advertising image, set to default
2025-05-20 09:50:53,365 [FATAL] Updater:351 - Updater called before beeing initialized
2025-05-20 09:50:53,372 [FATAL] Updater:351 - Updater called before beeing initialized
2025-05-20 09:50:53,373 [FATAL] Updater:351 - Updater called before beeing initialized
2025-05-20 09:50:53,373 [WARN] DetailPanel:346 - Failed to get advertising image, set to default
2025-05-20 09:50:53,376 [FATAL] Updater:351 - Updater called before beeing initialized
2025-05-20 09:50:53,719 [ERROR] Updater:1198 - MainUpdater not yet initialized. External WinMGr cannot be set.
2025-05-20 09:50:53,729 [INFO] Updater:1134 - Updater Version found : 6.14.1
2025-05-20 09:50:53,879 [INFO] ApplicationProperties:184 - Using Application install path: C:\ST\STM32CubeIDE_1.18.0\STM32CubeIDE\plugins\com.st.stm32cube.common.mx_6.14.1.202504091515
2025-05-20 09:50:54,681 [FATAL] Updater:351 - Updater called before beeing initialized
2025-05-20 09:50:54,681 [ERROR] IntegrityCheckThread:130 - Cannot retrieve database content from updater: error 21
2025-05-20 09:50:54,682 [INFO] ThirdParty:978 - Integrity check success = false
2025-05-20 09:50:54,682 [INFO] IntegrityCheckThread:100 - exiting critical section [integrity check]
2025-05-20 09:50:54,682 [INFO] IntegrityCheckThread:103 - End integrity checks thread
2025-05-20 09:50:55,531 [ERROR] LogOutputStream:75 - [STDERR_REDIRECT] May 20, 2025 9:50:55 AM java.util.prefs.WindowsPreferences <init>
2025-05-20 09:50:55,532 [ERROR] LogOutputStream:75 - [STDERR_REDIRECT] WARNING: Could not open/create prefs root node Software\JavaSoft\Prefs at root 0xffffffff80000002. Windows RegCreateKeyEx(...) returned error code 5.
2025-05-20 09:50:55,533 [ERROR] LogOutputStream:75 - [STDERR_REDIRECT] 
2025-05-20 09:50:56,423 [INFO] MainUpdater:2872 - connection check result : 10
2025-05-20 09:50:56,423 [INFO] MainUpdater:289 - Updater Check For Update Now.
2025-05-20 09:50:56,423 [INFO] MicroXplorer:498 - Change Database Version : DB.6.0.141
2025-05-20 09:50:56,443 [INFO] McuFinderGlobals:63 - Set McuFinder mode to 2 (CubeIDE integrated)
2025-05-20 09:50:56,444 [INFO] UserAuth:484 - Internet connection configuration mode: 1
2025-05-20 09:50:56,535 [INFO] JxBrowserEngine:152 - Initiate JxBrowser Engine with user profile folder
2025-05-20 09:50:56,824 [INFO] CheckServerUpdateThread:120 - End of CheckServer Thread
2025-05-20 09:51:00,390 [INFO] WebApp:169 - Instantiating new browser for Auth
2025-05-20 09:51:02,601 [INFO] WebApp:463 - Apply proxy settings
2025-05-20 09:51:02,601 [INFO] WebApp:548 - Chromium requires no authentication
2025-05-20 09:51:02,645 [INFO] WebApp:491 - Direct internet connection detected
2025-05-20 09:51:02,761 [INFO] WebApp:894 - Register for checkConnection events
2025-05-20 09:51:02,762 [INFO] WebApp:463 - Apply proxy settings
2025-05-20 09:51:02,764 [INFO] WebApp:548 - Chromium requires no authentication
2025-05-20 09:51:02,766 [INFO] WebApp:491 - Direct internet connection detected
2025-05-20 09:51:03,034 [INFO] WebApp:191 - Connection restablished
2025-05-20 09:51:03,412 [INFO] WebApp:225 - Starting web application
2025-05-20 09:51:03,413 [INFO] WebApp:593 - Web application path used C:\ST\STM32CubeIDE_1.18.0\STM32CubeIDE\plugins\com.st.stm32cube.common.mx_6.14.1.202504091515\db\plugins\mcufinder\reactClient1\index.html
2025-05-20 09:51:03,656 [INFO] UserAuth:484 - Internet connection configuration mode: 1
2025-05-20 09:51:05,159 [ERROR] LogOutputStream:75 - [STDERR_REDIRECT] [Fatal Error] :1:1: Premature end of file.
2025-05-20 09:51:05,162 [ERROR] LogOutputStream:75 - [STDERR_REDIRECT] 
2025-05-20 09:51:05,223 [ERROR] LogOutputStream:75 - [STDERR_REDIRECT] [Fatal Error] :1:1: Premature end of file.
2025-05-20 09:51:05,224 [ERROR] LogOutputStream:75 - [STDERR_REDIRECT] 
2025-05-20 09:51:05,803 [ERROR] LogOutputStream:75 - [STDERR_REDIRECT] [Fatal Error] :1:1: Premature end of file.
2025-05-20 09:51:05,803 [ERROR] LogOutputStream:75 - [STDERR_REDIRECT] 
2025-05-20 09:51:06,788 [ERROR] LogOutputStream:75 - [STDERR_REDIRECT] [Fatal Error] :1:1: Premature end of file.
2025-05-20 09:51:06,788 [ERROR] LogOutputStream:75 - [STDERR_REDIRECT] 
2025-05-20 09:51:07,775 [ERROR] LogOutputStream:75 - [STDERR_REDIRECT] [Fatal Error] :1:1: Premature end of file.
2025-05-20 09:51:07,775 [ERROR] LogOutputStream:75 - [STDERR_REDIRECT] 
2025-05-20 09:51:08,798 [ERROR] LogOutputStream:75 - [STDERR_REDIRECT] [Fatal Error] :1:1: Premature end of file.
2025-05-20 09:51:08,798 [ERROR] LogOutputStream:75 - [STDERR_REDIRECT] 
2025-05-20 09:51:09,784 [ERROR] LogOutputStream:75 - [STDERR_REDIRECT] [Fatal Error] :1:1: Premature end of file.
2025-05-20 09:51:09,785 [ERROR] LogOutputStream:75 - [STDERR_REDIRECT] 
2025-05-20 09:51:10,793 [ERROR] LogOutputStream:75 - [STDERR_REDIRECT] [Fatal Error] :1:1: Premature end of file.
2025-05-20 09:51:10,793 [ERROR] LogOutputStream:75 - [STDERR_REDIRECT] 
2025-05-20 09:51:11,784 [ERROR] LogOutputStream:75 - [STDERR_REDIRECT] [Fatal Error] :1:1: Premature end of file.
2025-05-20 09:51:11,785 [ERROR] LogOutputStream:75 - [STDERR_REDIRECT] 
2025-05-20 09:51:12,785 [ERROR] LogOutputStream:75 - [STDERR_REDIRECT] [Fatal Error] :1:1: Premature end of file.
2025-05-20 09:51:12,786 [ERROR] LogOutputStream:75 - [STDERR_REDIRECT] 
2025-05-20 09:51:13,779 [ERROR] LogOutputStream:75 - [STDERR_REDIRECT] [Fatal Error] :1:1: Premature end of file.
2025-05-20 09:51:13,779 [ERROR] LogOutputStream:75 - [STDERR_REDIRECT] 
2025-05-20 09:51:14,769 [ERROR] LogOutputStream:75 - [STDERR_REDIRECT] [Fatal Error] :1:1: Premature end of file.
2025-05-20 09:51:14,769 [ERROR] LogOutputStream:75 - [STDERR_REDIRECT] 
2025-05-20 09:51:15,767 [ERROR] LogOutputStream:75 - [STDERR_REDIRECT] [Fatal Error] :1:1: Premature end of file.
2025-05-20 09:51:15,768 [ERROR] LogOutputStream:75 - [STDERR_REDIRECT] 
2025-05-20 09:51:16,765 [ERROR] LogOutputStream:75 - [STDERR_REDIRECT] [Fatal Error] :1:1: Premature end of file.
2025-05-20 09:51:16,765 [ERROR] LogOutputStream:75 - [STDERR_REDIRECT] 
2025-05-20 09:51:17,762 [ERROR] LogOutputStream:75 - [STDERR_REDIRECT] [Fatal Error] :1:1: Premature end of file.
2025-05-20 09:51:17,762 [ERROR] LogOutputStream:75 - [STDERR_REDIRECT] 
2025-05-20 09:51:18,764 [ERROR] LogOutputStream:75 - [STDERR_REDIRECT] [Fatal Error] :1:1: Premature end of file.
2025-05-20 09:51:18,764 [ERROR] LogOutputStream:75 - [STDERR_REDIRECT] 
2025-05-20 09:51:19,770 [ERROR] LogOutputStream:75 - [STDERR_REDIRECT] [Fatal Error] :1:1: Premature end of file.
2025-05-20 09:51:19,770 [ERROR] LogOutputStream:75 - [STDERR_REDIRECT] 
2025-05-20 09:51:20,764 [ERROR] LogOutputStream:75 - [STDERR_REDIRECT] [Fatal Error] :1:1: Premature end of file.
2025-05-20 09:51:20,764 [ERROR] LogOutputStream:75 - [STDERR_REDIRECT] 
2025-05-20 09:51:21,764 [ERROR] LogOutputStream:75 - [STDERR_REDIRECT] [Fatal Error] :1:1: Premature end of file.
2025-05-20 09:51:21,764 [ERROR] LogOutputStream:75 - [STDERR_REDIRECT] 
2025-05-20 09:51:22,774 [ERROR] LogOutputStream:75 - [STDERR_REDIRECT] [Fatal Error] :1:1: Premature end of file.
2025-05-20 09:51:22,774 [ERROR] LogOutputStream:75 - [STDERR_REDIRECT] 
2025-05-20 09:51:23,773 [ERROR] LogOutputStream:75 - [STDERR_REDIRECT] [Fatal Error] :1:1: Premature end of file.
2025-05-20 09:51:23,773 [ERROR] LogOutputStream:75 - [STDERR_REDIRECT] 
2025-05-20 09:51:24,765 [ERROR] LogOutputStream:75 - [STDERR_REDIRECT] [Fatal Error] :1:1: Premature end of file.
2025-05-20 09:51:24,765 [ERROR] LogOutputStream:75 - [STDERR_REDIRECT] 
2025-05-20 09:51:25,776 [ERROR] LogOutputStream:75 - [STDERR_REDIRECT] [Fatal Error] :1:1: Premature end of file.
2025-05-20 09:51:25,776 [ERROR] LogOutputStream:75 - [STDERR_REDIRECT] 
2025-05-20 09:51:26,385 [INFO] McuFinderGlobals:63 - Set McuFinder mode to 2 (CubeIDE integrated)
2025-05-20 09:51:26,388 [INFO] MainUpdater:2872 - connection check result : 10
2025-05-20 09:51:26,795 [ERROR] LogOutputStream:75 - [STDERR_REDIRECT] [Fatal Error] :1:1: Premature end of file.
2025-05-20 09:51:26,795 [ERROR] LogOutputStream:75 - [STDERR_REDIRECT] 
2025-05-20 09:51:26,887 [INFO] ApiDb:581 - Connected to CubeFinder SQLite database (C:\Users\hamdo\.stmcufinder\plugins\mcufinder\mcu\cube-finder-db.db)
2025-05-20 09:51:27,062 [INFO] ApiDb:668 - CubeFinder database Data Model version=2.1
2025-05-20 09:51:27,063 [INFO] ApiDb:669 - CubeFinder database Configuration version=3.0.39
2025-05-20 09:51:27,063 [INFO] ApiDb:670 - CubeFinder database generation date=2025-04-23 (1745419778)
2025-05-20 09:51:27,063 [INFO] ApiDb:671 - CubeFinder database FW Pack versions=[FP-ATR-ASTRA1_V2.0.0, FP-SNS-FLIGHT1_V5.1.0, FP-SNS-MOTENV1_V5.0.0, FP-SNS-MOTENVWB1_V1.4.0, FP-SNS-SMARTAG2_V1.2.0, FP-SNS-STBOX1_V2.0.0, STM32Cube_FW_C0_V1.4.0, STM32Cube_FW_F4_V1.28.1, STM32Cube_FW_F7_V1.17.2, STM32Cube_FW_G0_V1.6.2, STM32Cube_FW_G4_V1.6.1, STM32Cube_FW_H5_V1.5.0, STM32Cube_FW_H7RS_V1.2.0, STM32Cube_FW_H7_V1.12.1, STM32Cube_FW_L0_V1.12.2, STM32Cube_FW_L4_V1.18.1, STM32Cube_FW_L5_V1.5.1, STM32Cube_FW_N6_V1.1.1, STM32Cube_FW_U0_V1.2.0, STM32Cube_FW_U3_V1.1.0, STM32Cube_FW_U5_V1.7.0, STM32Cube_FW_WB0_V1.2.0, STM32Cube_FW_WBA_V1.6.0, STM32Cube_FW_WB_V1.22.0, STM32Cube_FW_WL3_V1.1.0, STM32Cube_FW_WL_V1.3.1, X-CUBE-ALGOBUILD_V1.4.0, X-CUBE-ALS_V1.0.2, X-CUBE-AZRTOS-F4_V1.1.0, X-CUBE-AZRTOS-F7_V1.1.0, X-CUBE-AZRTOS-G0_V1.1.0, X-CUBE-AZRTOS-G4_V2.0.0, X-CUBE-AZRTOS-H7RS_V1.1.0, X-CUBE-AZRTOS-H7_V3.3.0, X-CUBE-AZRTOS-L4_V2.0.0, X-CUBE-AZRTOS-L5_V2.0.0, X-CUBE-AZRTOS-WB_V2.0.0, X-CUBE-AZRTOS-WL_V2.0.0, X-CUBE-BLE1_V7.1.0, X-CUBE-BLE2_V3.3.0, X-CUBE-BLEMGR_V4.0.0, X-CUBE-EEPRMA1_V5.1.0, X-CUBE-FREERTOS_V1.3.0, X-CUBE-GNSS1_V6.0.0, X-CUBE-MEMS1_V11.2.0, X-CUBE-NFC4_V3.0.0, X-CUBE-NFC7_V1.0.1, X-CUBE-SFXS2LP1_V4.0.0, X-CUBE-SUBG2_V5.0.0, X-CUBE-TOF1_V3.4.3]
2025-05-20 09:51:27,205 [INFO] DbBoardsSqlite:226 - include board P-NUCLEO-WB55-NUCLEO as a kit item of type 'Nucleo-64'
2025-05-20 09:51:27,205 [INFO] DbBoardsSqlite:226 - include board P-NUCLEO-WB55-USBDONGLE as a kit item of type 'Nucleo USB Dongle'
2025-05-20 09:51:27,207 [INFO] DbBoardsSqlite:226 - include board STEVAL-IDP005V1 as a kit item of type 'Evaluation Board'
2025-05-20 09:51:27,209 [INFO] DbBoardsSqlite:226 - include board STEVAL-IDP005V2 as a kit item of type 'Evaluation Board'
2025-05-20 09:51:27,762 [INFO] ApiDb:240 - Found 895 in-development CPN: [B-G473E-ZEST1S, B-WB1M-WPAN1, B-WBA5M-WPAN, B-WL5M-SUBG1, NUCLEO-C031C6, NUCLEO-C051C8, NUCLEO-C071RB, NUCLEO-C092RC, NUCLEO-H503RB, NUCLEO-H533RE, NUCLEO-H563ZI, NUCLEO-H7S3L8, NUCLEO-N657X0-Q, NUCLEO-U031R8, NUCLEO-U083RC, NUCLEO-U385RG-Q, NUCLEO-U545RE-Q, NUCLEO-U5A5ZJ-Q, NUCLEO-WB05KZ, NUCLEO-WB07CC, NUCLEO-WB09KE, NUCLEO-WBA52CG, NUCLEO-WBA55CG, NUCLEO-WBA65RI, NUCLEO-WL33CC1, NUCLEO-WL33CC2, STEVAL-PROTEUS1, STEVAL-SMARTAG2, STEVAL-STWINBX1, STM320518-EVAL, STM32C0116-DK, STM32C011D6Y3TR, STM32C011D6Y6TR, STM32C011F4P3, STM32C011F4P6, STM32C011F4U3, STM32C011F4U6TR, STM32C011F6P3, STM32C011F6P6, STM32C011F6U3, STM32C011F6U6TR, STM32C011J4M3, STM32C011J4M6, STM32C011J6M3, STM32C011J6M6, STM32C0316-DK, STM32C031C4T3, STM32C031C4T6, STM32C031C4U3, STM32C031C4U6, STM32C031C6T3, STM32C031C6T6, STM32C031C6U3, STM32C031C6U6, STM32C031F4P3, STM32C031F4P6, STM32C031F6P3, STM32C031F6P6, STM32C031G4U3, STM32C031G4U6, STM32C031G6U3, STM32C031G6U6, STM32C031K4T3, STM32C031K4T6, STM32C031K4U3, STM32C031K4U6, STM32C031K6T3, STM32C031K6T6, STM32C031K6U3, STM32C031K6U6, STM32C051C6T6, STM32C051C6U6, STM32C051C8T6, STM32C051C8U6, STM32C051D8Y6TR, STM32C051F6P6, STM32C051F8P6, STM32C051G6U6, STM32C051G8U6, STM32C051K6T6, STM32C051K6U6, STM32C051K8T6, STM32C071C8T6, STM32C071C8T6N, STM32C071C8U6, STM32C071C8U6N, STM32C071CBT6, STM32C071CBT6N, STM32C071CBU6, STM32C071CBU6N, STM32C071F8P6, STM32C071F8P6N, STM32C071FBP6, STM32C071FBP6N, STM32C071FBY6TR, STM32C071G8U6, STM32C071G8U6N, STM32C071GBU6, STM32C071GBU6N, STM32C071K8T6, STM32C071K8T6N, STM32C071K8U6, STM32C071K8U6N, STM32C071KBT6, STM32C071KBT6N, STM32C071KBU6, STM32C071KBU6N, STM32C071R8T6, STM32C071R8T6N, STM32C071RBI6N, STM32C071RBT6, STM32C071RBT6N, STM32C091CBT6, STM32C091CBU6, STM32C091CCT6, STM32C091CCU6, STM32C091ECY6TR, STM32C091FBP6, STM32C091FCP6, STM32C091GBU6, STM32C091GCU6, STM32C091KBT6, STM32C091KBU6, STM32C091KCT6, STM32C091KCU6, STM32C091RBT6, STM32C091RCI6, STM32C091RCT6, STM32C092CBT6, STM32C092CBU6, STM32C092CCT6, STM32C092CCU6, STM32C092ECY6TR, STM32C092FBP6, STM32C092FCP6, STM32C092GBU6, STM32C092GCU6, STM32C092KBT6, STM32C092KBU6, STM32C092KCT6, STM32C092KCU6, STM32C092RBT6, STM32C092RCI6, STM32C092RCT6, STM32G071K8TXN, STM32G071K8UXN, STM32G081GBU6N, STM32G081KBT6N, STM32G081KBUXN, STM32G0B1CCT6N, STM32G0B1KCT6, STM32G0B1NEY6TR, STM32G0B1RCT6N, STM32G0C1CCT6, STM32G0C1CCT6N, STM32G0C1CCU6N, STM32G0C1CET6N, STM32G0C1CEU6N, STM32G0C1KCT6, STM32G0C1NEY6TR, STM32G0C1RCI6N, STM32G0C1RCT6N, STM32G0C1REI6N, STM32G0C1RET6N, STM32G0C1VCI6, STM32G0C1VEI6, STM32G411C6T3, STM32G411C6T6, STM32G411C6U3, STM32G411C6U6, STM32G411C8T3, STM32G411C8T6, STM32G411C8U3, STM32G411C8U6, STM32G411CBT3, STM32G411CBT6, STM32G411CBU3, STM32G411CBU6, STM32G411CCT3, STM32G411CCT6, STM32G411CCU3, STM32G411CCU6, STM32G411K6T3, STM32G411K6T6, STM32G411K6U3, STM32G411K6U6, STM32G411K8T3, STM32G411K8T6, STM32G411K8U3, STM32G411K8U6, STM32G411KBT3, STM32G411KBT6, STM32G411KBU3, STM32G411KBU6, STM32G411M6T3, STM32G411M6T6, STM32G411M8T3, STM32G411M8T6, STM32G411MBT3, STM32G411MBT6, STM32G411MCT3, STM32G411MCT6, STM32G411R6T3, STM32G411R6T6, STM32G411R8T3, STM32G411R8T6, STM32G411RBT3, STM32G411RBT6, STM32G411RCT3, STM32G411RCT6, STM32G414CBT3, STM32G414CBT6, STM32G414CBU3, STM32G414CBU6, STM32G414CCT3, STM32G414CCT6, STM32G414CCU3, STM32G414CCU6, STM32G414MBT3, STM32G414MBT6, STM32G414MCT3, STM32G414MCT6, STM32G414RBT3, STM32G414RBT6, STM32G414RCT3, STM32G414RCT6, STM32G414VBT3, STM32G414VBT6, STM32G414VCT3, STM32G414VCT6, STM32G431CBT3Z, STM32G431RBT3Z, STM32G471CCT6, STM32G471CCU6, STM32G471CET3, STM32G471CET6, STM32G471CEU3, STM32G471CEU6, STM32G471MCT6, STM32G471MET3, STM32G471MET6, STM32G471MEY6TR, STM32G471QCT6, STM32G471QET3, STM32G471RCT6, STM32G471RET3, STM32G471RET6, STM32G471VCH6, STM32G471VCI6, STM32G471VCT6, STM32G471VEH3, STM32G471VEH6, STM32G471VEI3, STM32G471VEI6, STM32G471VET3, STM32G471VET6, STM32G473QET3Z, STM32G473RET3Z, STM32G474CCT6, STM32G491RET3Z, STM32H503CBT6, STM32H503CBU6, STM32H503EBY6TR, STM32H503KBU6, STM32H503RBT6, STM32H523CCT6, STM32H523CCU6, STM32H523CET6, STM32H523CEU6, STM32H523HEY6TR, STM32H523RCT6, STM32H523RET6, STM32H523VCI6, STM32H523VCT6, STM32H523VEI6, STM32H523VET6, STM32H523ZCJ6, STM32H523ZCT6, STM32H523ZEJ6, STM32H523ZET6, STM32H533CET6, STM32H533CEU6, STM32H533HEY6TR, STM32H533RET6, STM32H533VEI6, STM32H533VET6, STM32H533ZEJ6, STM32H533ZET6, STM32H562AGI6, STM32H562AII6, STM32H562IGK6, STM32H562IGT6, STM32H562IIK6, STM32H562IIT6, STM32H562RGT6, STM32H562RGV6, STM32H562RIT6, STM32H562RIV6, STM32H562VGT6, STM32H562VIT6, STM32H562ZGT6, STM32H562ZIT6, STM32H563AGI6, STM32H563AII3Q, STM32H563AII6, STM32H563IGK6, STM32H563IGT6, STM32H563IIK3Q, STM32H563IIK6, STM32H563IIT3Q, STM32H563IIT6, STM32H563MIY3QTR, STM32H563RGT6, STM32H563RGV6, STM32H563RIT6, STM32H563RIV6, STM32H563VGT6, STM32H563VIT3Q, STM32H563VIT6, STM32H563ZGT6, STM32H563ZIT3Q, STM32H563ZIT6, STM32H573AII3Q, STM32H573AII6, STM32H573I-DK, STM32H573IIK3Q, STM32H573IIK6, STM32H573IIT3Q, STM32H573IIT6, STM32H573MIY3QTR, STM32H573RIT6, STM32H573RIV6, STM32H573VIT3Q, STM32H573VIT6, STM32H573ZIT3Q, STM32H573ZIT6, STM32H7R3A8I6, STM32H7R3I8K6, STM32H7R3I8T6, STM32H7R3L8H6, STM32H7R3L8H6H, STM32H7R3R8V6, STM32H7R3V8H6, STM32H7R3V8T6, STM32H7R3V8Y6TR, STM32H7R3Z8J6, STM32H7R3Z8T6, STM32H7R7A8I6, STM32H7R7I8K6, STM32H7R7I8T6, STM32H7R7L8H6, STM32H7R7L8H6H, STM32H7R7Z8J6, STM32H7S3A8I6, STM32H7S3I8K6, STM32H7S3I8T6, STM32H7S3L8H6, STM32H7S3L8H6H, STM32H7S3R8V6, STM32H7S3V8H6, STM32H7S3V8T6, STM32H7S3V8Y6TR, STM32H7S3Z8J6, STM32H7S3Z8T6, STM32H7S78-DK, STM32H7S7A8I6, STM32H7S7I8K6, STM32H7S7I8T6, STM32H7S7L8H6, STM32H7S7L8H6H, STM32H7S7Z8J6, STM32L4R5QGI6STR, STM32MP131AAE3, STM32MP131AAF3, STM32MP131AAG3, STM32MP131CAE3, STM32MP131CAF3, STM32MP131CAG3, STM32MP131DAE7, STM32MP131DAF7, STM32MP131DAG7, STM32MP131FAE7, STM32MP131FAF7, STM32MP131FAG7, STM32MP133AAE3, STM32MP133AAF3, STM32MP133AAG3, STM32MP133CAE3, STM32MP133CAF3, STM32MP133CAG3, STM32MP133DAE7, STM32MP133DAF7, STM32MP133DAG7, STM32MP133FAE7, STM32MP133FAF7, STM32MP133FAG7, STM32MP135AAE3, STM32MP135AAF3, STM32MP135AAG3, STM32MP135CAE3, STM32MP135CAF3, STM32MP135CAG3, STM32MP135DAE7, STM32MP135DAF7, STM32MP135DAG7, STM32MP135F-DK, STM32MP135FAE7, STM32MP135FAF7, STM32MP135FAF7T, STM32MP135FAF7U, STM32MP135FAG7, STM32MP231AAJ3, STM32MP231AAK3, STM32MP231AAL3, STM32MP231CAJ3, STM32MP231CAK3, STM32MP231CAL3, STM32MP231DAJ3, STM32MP231DAK3, STM32MP231DAL3, STM32MP231FAJ3, STM32MP231FAK3, STM32MP231FAL3, STM32MP233AAJ3, STM32MP233AAK3, STM32MP233AAL3, STM32MP233CAJ3, STM32MP233CAK3, STM32MP233CAL3, STM32MP233DAJ3, STM32MP233DAK3, STM32MP233DAL3, STM32MP233FAJ3, STM32MP233FAK3, STM32MP233FAL3, STM32MP235AAJ3, STM32MP235AAK3, STM32MP235AAL3, STM32MP235CAJ3, STM32MP235CAK3, STM32MP235CAL3, STM32MP235DAJ3, STM32MP235DAK3, STM32MP235DAL3, STM32MP235FAJ3, STM32MP235FAK3, STM32MP235FAL3, STM32MP251AAI3, STM32MP251AAJ3, STM32MP251AAK3, STM32MP251AAL3, STM32MP251CAI3, STM32MP251CAJ3, STM32MP251CAK3, STM32MP251CAL3, STM32MP251DAI3, STM32MP251DAJ3, STM32MP251DAK3, STM32MP251DAL3, STM32MP251FAI3, STM32MP251FAJ3, STM32MP251FAK3, STM32MP251FAL3, STM32MP253AAI3, STM32MP253AAJ3, STM32MP253AAK3, STM32MP253AAL3, STM32MP253CAI3, STM32MP253CAJ3, STM32MP253CAK3, STM32MP253CAL3, STM32MP253DAI3, STM32MP253DAJ3, STM32MP253DAK3, STM32MP253DAL3, STM32MP253FAI3, STM32MP253FAJ3, STM32MP253FAK3, STM32MP253FAL3, STM32MP255AAI3, STM32MP255AAJ3, STM32MP255AAK3, STM32MP255AAL3, STM32MP255CAI3, STM32MP255CAJ3, STM32MP255CAK3, STM32MP255CAL3, STM32MP255DAI3, STM32MP255DAJ3, STM32MP255DAK3, STM32MP255DAL3, STM32MP255FAI3, STM32MP255FAJ3, STM32MP255FAK3, STM32MP255FAL3, STM32MP257AAI3, STM32MP257AAJ3, STM32MP257AAK3, STM32MP257AAL3, STM32MP257CAI3, STM32MP257CAJ3, STM32MP257CAK3, STM32MP257CAL3, STM32MP257DAI3, STM32MP257DAJ3, STM32MP257DAK3, STM32MP257DAL3, STM32MP257F-DK, STM32MP257F-EV1, STM32MP257FAI3, STM32MP257FAJ3, STM32MP257FAK3, STM32MP257FAL3, STM32N645A0H3Q, STM32N645B0H3Q, STM32N645I0H3Q, STM32N645L0H3Q, STM32N645X0H3Q, STM32N645Z0H3Q, STM32N647A0H3Q, STM32N647B0H3Q, STM32N647I0H3Q, STM32N647L0H3Q, STM32N647X0H3Q, STM32N647Z0H3Q, STM32N655A0H3Q, STM32N655B0H3Q, STM32N655I0H3Q, STM32N655L0H3Q, STM32N655X0H3Q, STM32N655Z0H3Q, STM32N6570-DK, STM32N657A0H3Q, STM32N657B0H3Q, STM32N657I0H3Q, STM32N657L0H3Q, STM32N657X0H3Q, STM32N657Z0H3Q, STM32U031C6T6, STM32U031C6U6, STM32U031C8T6, STM32U031C8U6, STM32U031F4P6, STM32U031F6P6, STM32U031F8P6, STM32U031G6Y6TR, STM32U031G8Y6TR, STM32U031K4U6, STM32U031K6U6, STM32U031K8U6, STM32U031R6I6, STM32U031R6T6, STM32U031R8I6, STM32U031R8T6, STM32U073C8T6, STM32U073C8U6, STM32U073CBT6, STM32U073CBU6, STM32U073CCT6, STM32U073CCU6, STM32U073H8Y6TR, STM32U073HBY6TR, STM32U073HCY6TR, STM32U073K8U6, STM32U073KBU6, STM32U073KCU6, STM32U073M8I6, STM32U073M8T6, STM32U073MBI6, STM32U073MBT6, STM32U073MCI6, STM32U073MCT6, STM32U073R8I6, STM32U073R8T6, STM32U073RBI6, STM32U073RBT6, STM32U073RCI6, STM32U073RCT6, STM32U083C-DK, STM32U083CCT6, STM32U083CCU6, STM32U083HCY6TR, STM32U083KCU6, STM32U083MCI6, STM32U083MCT6, STM32U083RCI6, STM32U083RCT6, STM32U375CET6, STM32U375CET6Q, STM32U375CEU6, STM32U375CEU6Q, STM32U375CEY6QTR, STM32U375CGT6, STM32U375CGT6Q, STM32U375CGU6, STM32U375CGU6Q, STM32U375CGY6QTR, STM32U375KEU6, STM32U375KGU6, STM32U375REI6, STM32U375REI6Q, STM32U375RET6, STM32U375RET6Q, STM32U375REY6GTR, STM32U375REY6QTR, STM32U375RGI6, STM32U375RGI6Q, STM32U375RGT6, STM32U375RGT6Q, STM32U375RGY6GTR, STM32U375RGY6QTR, STM32U375VEI6, STM32U375VEI6Q, STM32U375VET6, STM32U375VET6Q, STM32U375VGI6, STM32U375VGI6Q, STM32U375VGT6, STM32U375VGT6Q, STM32U385CGT6, STM32U385CGT6Q, STM32U385CGU6, STM32U385CGU6Q, STM32U385CGY6QTR, STM32U385KGU6, STM32U385RGI6, STM32U385RGI6Q, STM32U385RGT6, STM32U385RGT6Q, STM32U385RGY6GTR, STM32U385RGY6QTR, STM32U385VGI6, STM32U385VGI6Q, STM32U385VGT6, STM32U385VGT6Q, STM32U535CBT6, STM32U535CBT6Q, STM32U535CBU6, STM32U535CBU6Q, STM32U535CCT6, STM32U535CCT6Q, STM32U535CCU6, STM32U535CCU6Q, STM32U535CET6, STM32U535CET6Q, STM32U535CEU6, STM32U535CEU6Q, STM32U535JEY6QTR, STM32U535NCY6QTR, STM32U535NEY6QTR, STM32U535RBI6, STM32U535RBI6Q, STM32U535RBT6, STM32U535RBT6Q, STM32U535RCI6, STM32U535RCI6Q, STM32U535RCT6, STM32U535RCT6Q, STM32U535REI6, STM32U535REI6Q, STM32U535RET6, STM32U535RET6Q, STM32U535VCI6, STM32U535VCI6Q, STM32U535VCT6, STM32U535VCT6Q, STM32U535VEI6, STM32U535VEI6Q, STM32U535VET6, STM32U535VET6Q, STM32U545CET6, STM32U545CET6Q, STM32U545CEU6, STM32U545CEU6Q, STM32U545JEY6QTR, STM32U545NEY6QTR, STM32U545REI6, STM32U545REI6Q, STM32U545RET6, STM32U545RET6Q, STM32U545VEI6, STM32U545VEI6Q, STM32U545VET6, STM32U545VET6Q, STM32U595AIH6, STM32U595AIH6Q, STM32U595AJH6, STM32U595AJH6Q, STM32U595QII6, STM32U595QII6Q, STM32U595QJI6, STM32U595QJI6Q, STM32U595RIT6, STM32U595RIT6Q, STM32U595RJT6, STM32U595RJT6Q, STM32U595VIT6, STM32U595VIT6Q, STM32U595VJT6, STM32U595VJT6Q, STM32U595ZIT6, STM32U595ZIT6Q, STM32U595ZIY6QTR, STM32U595ZJT6, STM32U595ZJT6Q, STM32U595ZJY6QTR, STM32U599BJY6QTR, STM32U599NIH6Q, STM32U599NJH6Q, STM32U599VIT6Q, STM32U599VJT6, STM32U599VJT6Q, STM32U599ZIT6Q, STM32U599ZIY6QTR, STM32U599ZJT6Q, STM32U599ZJY6QTR, STM32U5A5AJH6, STM32U5A5AJH6Q, STM32U5A5QII3Q , STM32U5A5QJI6, STM32U5A5QJI6Q, STM32U5A5RJT6, STM32U5A5RJT6Q, STM32U5A5VJT6, STM32U5A5VJT6Q, STM32U5A5ZJT6, STM32U5A5ZJT6Q, STM32U5A5ZJY6QTR, STM32U5A9BJY6QTR, STM32U5A9J-DK, STM32U5A9NJH6Q, STM32U5A9VJT6Q, STM32U5A9ZJT6Q, STM32U5A9ZJY6QTR, STM32U5F7VIT6, STM32U5F7VIT6Q, STM32U5F7VJT6, STM32U5F7VJT6Q, STM32U5F9BJY6QTR, STM32U5F9NJH6Q, STM32U5F9VIT6Q, STM32U5F9VJT6Q, STM32U5F9ZIJ6QTR, STM32U5F9ZIT6Q, STM32U5F9ZJJ6QTR, STM32U5F9ZJT6Q, STM32U5G7VJT6, STM32U5G7VJT6Q, STM32U5G9BJY6QTR, STM32U5G9J-DK1, STM32U5G9J-DK2, STM32U5G9NJH6Q, STM32U5G9VJT6Q, STM32U5G9ZJJ6QTR, STM32U5G9ZJT6Q, STM32WB05KZV6TR, STM32WB05KZV7TR, STM32WB05TZF6TR, STM32WB05TZF7TR, STM32WB06CCF6TR, STM32WB06CCF7TR, STM32WB06CCV6TR, STM32WB06CCV7TR, STM32WB06KCV6TR, STM32WB06KCV7TR, STM32WB07CCF6TR, STM32WB07CCF7TR, STM32WB07CCV6TR, STM32WB07CCV7TR, STM32WB07KCV6TR, STM32WB07KCV7TR, STM32WB09KEV6TR, STM32WB09KEV7TR, STM32WB09TEF6TR, STM32WB09TEF7TR, STM32WB1MMCH6, STM32WBA50KGU6, STM32WBA50KGU6TR, STM32WBA52CEU6, STM32WBA52CEU6TR, STM32WBA52CEU7, STM32WBA52CEU7TR, STM32WBA52CGU6, STM32WBA52CGU6TR, STM32WBA52CGU6U, STM32WBA52CGU7, STM32WBA52CGU7TR, STM32WBA52KEU6, STM32WBA52KEU6TR, STM32WBA52KGU6, STM32WBA52KGU6TR, STM32WBA54CEU6, STM32WBA54CEU6TR, STM32WBA54CEU7, STM32WBA54CEU7TR, STM32WBA54CGU6, STM32WBA54CGU6TR, STM32WBA54CGU7, STM32WBA54CGU7TR, STM32WBA54KEU6, STM32WBA54KEU6TR, STM32WBA54KEU7, STM32WBA54KEU7TR, STM32WBA54KGU6, STM32WBA54KGU6TR, STM32WBA54KGU7, STM32WBA54KGU7TR, STM32WBA55CEU6, STM32WBA55CEU6TR, STM32WBA55CEU7, STM32WBA55CEU7TR, STM32WBA55CGU6, STM32WBA55CGU6TR, STM32WBA55CGU6U, STM32WBA55CGU7, STM32WBA55CGU7TR, STM32WBA55G-DK1, STM32WBA55HEF6, STM32WBA55HEF7, STM32WBA55HGF6, STM32WBA55HGF7, STM32WBA55UEI6, STM32WBA55UEI6TR, STM32WBA55UEI7, STM32WBA55UEI7TR, STM32WBA55UGI6, STM32WBA55UGI6TR, STM32WBA55UGI7, STM32WBA55UGI7TR, STM32WBA5MJGH6TR, STM32WBA62CGU6, STM32WBA62CIU6, STM32WBA62MGF6, STM32WBA62MIF6, STM32WBA62PGI6, STM32WBA62PII6, STM32WBA63CGU6, STM32WBA63CGU7, STM32WBA63CIU6, STM32WBA63CIU7, STM32WBA64CGU6, STM32WBA64CGU7, STM32WBA64CIU6, STM32WBA64CIU7, STM32WBA65CGU6, STM32WBA65CGU7, STM32WBA65CIU6, STM32WBA65CIU7, STM32WBA65I-DK1, STM32WBA65MGF6, STM32WBA65MGF7, STM32WBA65MIF6, STM32WBA65MIF7, STM32WBA65PGI6, STM32WBA65PGI7, STM32WBA65PII6, STM32WBA65PII7, STM32WBA65RGV6, STM32WBA65RGV7, STM32WBA65RIV6, STM32WBA65RIV7, STM32WL30K8V6, STM32WL30KBV6, STM32WL31C8V6, STM32WL31CBV6, STM32WL31K8V6, STM32WL31KBV6, STM32WL33C8V6, STM32WL33C8V6TR, STM32WL33C8V7, STM32WL33C8V7TR, STM32WL33CBV6, STM32WL33CBV6TR, STM32WL33CBV7, STM32WL33CBV7TR, STM32WL33CCV6, STM32WL33CCV6TR, STM32WL33CCV7, STM32WL33CCV7A, STM32WL33CCV7ATR, STM32WL33CCV7TR, STM32WL33K8V6, STM32WL33K8V6TR, STM32WL33K8V7, STM32WL33K8V7TR, STM32WL33KBV6, STM32WL33KBV6TR, STM32WL33KBV7, STM32WL33KBV7TR, STM32WL33KCV6, STM32WL33KCV6TR, STM32WL33KCV7, STM32WL33KCV7TR, STM32WL5MOCH6, STM32WL5MOCH6TR]
2025-05-20 09:51:27,774 [ERROR] LogOutputStream:75 - [STDERR_REDIRECT] [Fatal Error] :1:1: Premature end of file.
2025-05-20 09:51:27,774 [ERROR] LogOutputStream:75 - [STDERR_REDIRECT] 
2025-05-20 09:51:28,025 [INFO] BoardInfo:889 - No configuration file found for board P-NUCLEO-WB55
2025-05-20 09:51:28,028 [INFO] DbBoards:161 - Kit is not supported: P-NUCLEO-WB55
2025-05-20 09:51:28,036 [INFO] BoardInfo:889 - No configuration file found for board STEVAL-BFA001V1B
2025-05-20 09:51:28,038 [INFO] DbBoards:161 - Kit is not supported: STEVAL-BFA001V1B
2025-05-20 09:51:28,039 [INFO] BoardInfo:889 - No configuration file found for board STEVAL-BFA001V2B
2025-05-20 09:51:28,040 [INFO] DbBoards:161 - Kit is not supported: STEVAL-BFA001V2B
2025-05-20 09:51:28,385 [INFO] DbBoards:168 - Found 211 boards, 208 are supported
2025-05-20 09:51:28,385 [INFO] DbBoards:169 - Found 211 boards, 43 of them is supported for  Bsp
2025-05-20 09:51:28,389 [INFO] ApiDb:668 - CubeFinder database Data Model version=2.1
2025-05-20 09:51:28,389 [INFO] ApiDb:669 - CubeFinder database Configuration version=3.0.39
2025-05-20 09:51:28,389 [INFO] ApiDb:670 - CubeFinder database generation date=2025-04-23 (1745419778)
2025-05-20 09:51:28,389 [INFO] ApiDb:671 - CubeFinder database FW Pack versions=[FP-ATR-ASTRA1_V2.0.0, FP-SNS-FLIGHT1_V5.1.0, FP-SNS-MOTENV1_V5.0.0, FP-SNS-MOTENVWB1_V1.4.0, FP-SNS-SMARTAG2_V1.2.0, FP-SNS-STBOX1_V2.0.0, STM32Cube_FW_C0_V1.4.0, STM32Cube_FW_F4_V1.28.1, STM32Cube_FW_F7_V1.17.2, STM32Cube_FW_G0_V1.6.2, STM32Cube_FW_G4_V1.6.1, STM32Cube_FW_H5_V1.5.0, STM32Cube_FW_H7RS_V1.2.0, STM32Cube_FW_H7_V1.12.1, STM32Cube_FW_L0_V1.12.2, STM32Cube_FW_L4_V1.18.1, STM32Cube_FW_L5_V1.5.1, STM32Cube_FW_N6_V1.1.1, STM32Cube_FW_U0_V1.2.0, STM32Cube_FW_U3_V1.1.0, STM32Cube_FW_U5_V1.7.0, STM32Cube_FW_WB0_V1.2.0, STM32Cube_FW_WBA_V1.6.0, STM32Cube_FW_WB_V1.22.0, STM32Cube_FW_WL3_V1.1.0, STM32Cube_FW_WL_V1.3.1, X-CUBE-ALGOBUILD_V1.4.0, X-CUBE-ALS_V1.0.2, X-CUBE-AZRTOS-F4_V1.1.0, X-CUBE-AZRTOS-F7_V1.1.0, X-CUBE-AZRTOS-G0_V1.1.0, X-CUBE-AZRTOS-G4_V2.0.0, X-CUBE-AZRTOS-H7RS_V1.1.0, X-CUBE-AZRTOS-H7_V3.3.0, X-CUBE-AZRTOS-L4_V2.0.0, X-CUBE-AZRTOS-L5_V2.0.0, X-CUBE-AZRTOS-WB_V2.0.0, X-CUBE-AZRTOS-WL_V2.0.0, X-CUBE-BLE1_V7.1.0, X-CUBE-BLE2_V3.3.0, X-CUBE-BLEMGR_V4.0.0, X-CUBE-EEPRMA1_V5.1.0, X-CUBE-FREERTOS_V1.3.0, X-CUBE-GNSS1_V6.0.0, X-CUBE-MEMS1_V11.2.0, X-CUBE-NFC4_V3.0.0, X-CUBE-NFC7_V1.0.1, X-CUBE-SFXS2LP1_V4.0.0, X-CUBE-SUBG2_V5.0.0, X-CUBE-TOF1_V3.4.3]
2025-05-20 09:51:28,789 [ERROR] LogOutputStream:75 - [STDERR_REDIRECT] [Fatal Error] :1:1: Premature end of file.
2025-05-20 09:51:28,789 [ERROR] LogOutputStream:75 - [STDERR_REDIRECT] 
2025-05-20 09:51:29,784 [ERROR] LogOutputStream:75 - [STDERR_REDIRECT] [Fatal Error] :1:1: Premature end of file.
2025-05-20 09:51:29,784 [ERROR] LogOutputStream:75 - [STDERR_REDIRECT] 
2025-05-20 09:51:30,791 [ERROR] LogOutputStream:75 - [STDERR_REDIRECT] [Fatal Error] :1:1: Premature end of file.
2025-05-20 09:51:30,791 [ERROR] LogOutputStream:75 - [STDERR_REDIRECT] 
2025-05-20 09:51:31,203 [INFO] ApiDb:240 - Found 895 in-development CPN: [B-G473E-ZEST1S, B-WB1M-WPAN1, B-WBA5M-WPAN, B-WL5M-SUBG1, NUCLEO-C031C6, NUCLEO-C051C8, NUCLEO-C071RB, NUCLEO-C092RC, NUCLEO-H503RB, NUCLEO-H533RE, NUCLEO-H563ZI, NUCLEO-H7S3L8, NUCLEO-N657X0-Q, NUCLEO-U031R8, NUCLEO-U083RC, NUCLEO-U385RG-Q, NUCLEO-U545RE-Q, NUCLEO-U5A5ZJ-Q, NUCLEO-WB05KZ, NUCLEO-WB07CC, NUCLEO-WB09KE, NUCLEO-WBA52CG, NUCLEO-WBA55CG, NUCLEO-WBA65RI, NUCLEO-WL33CC1, NUCLEO-WL33CC2, STEVAL-PROTEUS1, STEVAL-SMARTAG2, STEVAL-STWINBX1, STM320518-EVAL, STM32C0116-DK, STM32C011D6Y3TR, STM32C011D6Y6TR, STM32C011F4P3, STM32C011F4P6, STM32C011F4U3, STM32C011F4U6TR, STM32C011F6P3, STM32C011F6P6, STM32C011F6U3, STM32C011F6U6TR, STM32C011J4M3, STM32C011J4M6, STM32C011J6M3, STM32C011J6M6, STM32C0316-DK, STM32C031C4T3, STM32C031C4T6, STM32C031C4U3, STM32C031C4U6, STM32C031C6T3, STM32C031C6T6, STM32C031C6U3, STM32C031C6U6, STM32C031F4P3, STM32C031F4P6, STM32C031F6P3, STM32C031F6P6, STM32C031G4U3, STM32C031G4U6, STM32C031G6U3, STM32C031G6U6, STM32C031K4T3, STM32C031K4T6, STM32C031K4U3, STM32C031K4U6, STM32C031K6T3, STM32C031K6T6, STM32C031K6U3, STM32C031K6U6, STM32C051C6T6, STM32C051C6U6, STM32C051C8T6, STM32C051C8U6, STM32C051D8Y6TR, STM32C051F6P6, STM32C051F8P6, STM32C051G6U6, STM32C051G8U6, STM32C051K6T6, STM32C051K6U6, STM32C051K8T6, STM32C071C8T6, STM32C071C8T6N, STM32C071C8U6, STM32C071C8U6N, STM32C071CBT6, STM32C071CBT6N, STM32C071CBU6, STM32C071CBU6N, STM32C071F8P6, STM32C071F8P6N, STM32C071FBP6, STM32C071FBP6N, STM32C071FBY6TR, STM32C071G8U6, STM32C071G8U6N, STM32C071GBU6, STM32C071GBU6N, STM32C071K8T6, STM32C071K8T6N, STM32C071K8U6, STM32C071K8U6N, STM32C071KBT6, STM32C071KBT6N, STM32C071KBU6, STM32C071KBU6N, STM32C071R8T6, STM32C071R8T6N, STM32C071RBI6N, STM32C071RBT6, STM32C071RBT6N, STM32C091CBT6, STM32C091CBU6, STM32C091CCT6, STM32C091CCU6, STM32C091ECY6TR, STM32C091FBP6, STM32C091FCP6, STM32C091GBU6, STM32C091GCU6, STM32C091KBT6, STM32C091KBU6, STM32C091KCT6, STM32C091KCU6, STM32C091RBT6, STM32C091RCI6, STM32C091RCT6, STM32C092CBT6, STM32C092CBU6, STM32C092CCT6, STM32C092CCU6, STM32C092ECY6TR, STM32C092FBP6, STM32C092FCP6, STM32C092GBU6, STM32C092GCU6, STM32C092KBT6, STM32C092KBU6, STM32C092KCT6, STM32C092KCU6, STM32C092RBT6, STM32C092RCI6, STM32C092RCT6, STM32G071K8TXN, STM32G071K8UXN, STM32G081GBU6N, STM32G081KBT6N, STM32G081KBUXN, STM32G0B1CCT6N, STM32G0B1KCT6, STM32G0B1NEY6TR, STM32G0B1RCT6N, STM32G0C1CCT6, STM32G0C1CCT6N, STM32G0C1CCU6N, STM32G0C1CET6N, STM32G0C1CEU6N, STM32G0C1KCT6, STM32G0C1NEY6TR, STM32G0C1RCI6N, STM32G0C1RCT6N, STM32G0C1REI6N, STM32G0C1RET6N, STM32G0C1VCI6, STM32G0C1VEI6, STM32G411C6T3, STM32G411C6T6, STM32G411C6U3, STM32G411C6U6, STM32G411C8T3, STM32G411C8T6, STM32G411C8U3, STM32G411C8U6, STM32G411CBT3, STM32G411CBT6, STM32G411CBU3, STM32G411CBU6, STM32G411CCT3, STM32G411CCT6, STM32G411CCU3, STM32G411CCU6, STM32G411K6T3, STM32G411K6T6, STM32G411K6U3, STM32G411K6U6, STM32G411K8T3, STM32G411K8T6, STM32G411K8U3, STM32G411K8U6, STM32G411KBT3, STM32G411KBT6, STM32G411KBU3, STM32G411KBU6, STM32G411M6T3, STM32G411M6T6, STM32G411M8T3, STM32G411M8T6, STM32G411MBT3, STM32G411MBT6, STM32G411MCT3, STM32G411MCT6, STM32G411R6T3, STM32G411R6T6, STM32G411R8T3, STM32G411R8T6, STM32G411RBT3, STM32G411RBT6, STM32G411RCT3, STM32G411RCT6, STM32G414CBT3, STM32G414CBT6, STM32G414CBU3, STM32G414CBU6, STM32G414CCT3, STM32G414CCT6, STM32G414CCU3, STM32G414CCU6, STM32G414MBT3, STM32G414MBT6, STM32G414MCT3, STM32G414MCT6, STM32G414RBT3, STM32G414RBT6, STM32G414RCT3, STM32G414RCT6, STM32G414VBT3, STM32G414VBT6, STM32G414VCT3, STM32G414VCT6, STM32G431CBT3Z, STM32G431RBT3Z, STM32G471CCT6, STM32G471CCU6, STM32G471CET3, STM32G471CET6, STM32G471CEU3, STM32G471CEU6, STM32G471MCT6, STM32G471MET3, STM32G471MET6, STM32G471MEY6TR, STM32G471QCT6, STM32G471QET3, STM32G471RCT6, STM32G471RET3, STM32G471RET6, STM32G471VCH6, STM32G471VCI6, STM32G471VCT6, STM32G471VEH3, STM32G471VEH6, STM32G471VEI3, STM32G471VEI6, STM32G471VET3, STM32G471VET6, STM32G473QET3Z, STM32G473RET3Z, STM32G474CCT6, STM32G491RET3Z, STM32H503CBT6, STM32H503CBU6, STM32H503EBY6TR, STM32H503KBU6, STM32H503RBT6, STM32H523CCT6, STM32H523CCU6, STM32H523CET6, STM32H523CEU6, STM32H523HEY6TR, STM32H523RCT6, STM32H523RET6, STM32H523VCI6, STM32H523VCT6, STM32H523VEI6, STM32H523VET6, STM32H523ZCJ6, STM32H523ZCT6, STM32H523ZEJ6, STM32H523ZET6, STM32H533CET6, STM32H533CEU6, STM32H533HEY6TR, STM32H533RET6, STM32H533VEI6, STM32H533VET6, STM32H533ZEJ6, STM32H533ZET6, STM32H562AGI6, STM32H562AII6, STM32H562IGK6, STM32H562IGT6, STM32H562IIK6, STM32H562IIT6, STM32H562RGT6, STM32H562RGV6, STM32H562RIT6, STM32H562RIV6, STM32H562VGT6, STM32H562VIT6, STM32H562ZGT6, STM32H562ZIT6, STM32H563AGI6, STM32H563AII3Q, STM32H563AII6, STM32H563IGK6, STM32H563IGT6, STM32H563IIK3Q, STM32H563IIK6, STM32H563IIT3Q, STM32H563IIT6, STM32H563MIY3QTR, STM32H563RGT6, STM32H563RGV6, STM32H563RIT6, STM32H563RIV6, STM32H563VGT6, STM32H563VIT3Q, STM32H563VIT6, STM32H563ZGT6, STM32H563ZIT3Q, STM32H563ZIT6, STM32H573AII3Q, STM32H573AII6, STM32H573I-DK, STM32H573IIK3Q, STM32H573IIK6, STM32H573IIT3Q, STM32H573IIT6, STM32H573MIY3QTR, STM32H573RIT6, STM32H573RIV6, STM32H573VIT3Q, STM32H573VIT6, STM32H573ZIT3Q, STM32H573ZIT6, STM32H7R3A8I6, STM32H7R3I8K6, STM32H7R3I8T6, STM32H7R3L8H6, STM32H7R3L8H6H, STM32H7R3R8V6, STM32H7R3V8H6, STM32H7R3V8T6, STM32H7R3V8Y6TR, STM32H7R3Z8J6, STM32H7R3Z8T6, STM32H7R7A8I6, STM32H7R7I8K6, STM32H7R7I8T6, STM32H7R7L8H6, STM32H7R7L8H6H, STM32H7R7Z8J6, STM32H7S3A8I6, STM32H7S3I8K6, STM32H7S3I8T6, STM32H7S3L8H6, STM32H7S3L8H6H, STM32H7S3R8V6, STM32H7S3V8H6, STM32H7S3V8T6, STM32H7S3V8Y6TR, STM32H7S3Z8J6, STM32H7S3Z8T6, STM32H7S78-DK, STM32H7S7A8I6, STM32H7S7I8K6, STM32H7S7I8T6, STM32H7S7L8H6, STM32H7S7L8H6H, STM32H7S7Z8J6, STM32L4R5QGI6STR, STM32MP131AAE3, STM32MP131AAF3, STM32MP131AAG3, STM32MP131CAE3, STM32MP131CAF3, STM32MP131CAG3, STM32MP131DAE7, STM32MP131DAF7, STM32MP131DAG7, STM32MP131FAE7, STM32MP131FAF7, STM32MP131FAG7, STM32MP133AAE3, STM32MP133AAF3, STM32MP133AAG3, STM32MP133CAE3, STM32MP133CAF3, STM32MP133CAG3, STM32MP133DAE7, STM32MP133DAF7, STM32MP133DAG7, STM32MP133FAE7, STM32MP133FAF7, STM32MP133FAG7, STM32MP135AAE3, STM32MP135AAF3, STM32MP135AAG3, STM32MP135CAE3, STM32MP135CAF3, STM32MP135CAG3, STM32MP135DAE7, STM32MP135DAF7, STM32MP135DAG7, STM32MP135F-DK, STM32MP135FAE7, STM32MP135FAF7, STM32MP135FAF7T, STM32MP135FAF7U, STM32MP135FAG7, STM32MP231AAJ3, STM32MP231AAK3, STM32MP231AAL3, STM32MP231CAJ3, STM32MP231CAK3, STM32MP231CAL3, STM32MP231DAJ3, STM32MP231DAK3, STM32MP231DAL3, STM32MP231FAJ3, STM32MP231FAK3, STM32MP231FAL3, STM32MP233AAJ3, STM32MP233AAK3, STM32MP233AAL3, STM32MP233CAJ3, STM32MP233CAK3, STM32MP233CAL3, STM32MP233DAJ3, STM32MP233DAK3, STM32MP233DAL3, STM32MP233FAJ3, STM32MP233FAK3, STM32MP233FAL3, STM32MP235AAJ3, STM32MP235AAK3, STM32MP235AAL3, STM32MP235CAJ3, STM32MP235CAK3, STM32MP235CAL3, STM32MP235DAJ3, STM32MP235DAK3, STM32MP235DAL3, STM32MP235FAJ3, STM32MP235FAK3, STM32MP235FAL3, STM32MP251AAI3, STM32MP251AAJ3, STM32MP251AAK3, STM32MP251AAL3, STM32MP251CAI3, STM32MP251CAJ3, STM32MP251CAK3, STM32MP251CAL3, STM32MP251DAI3, STM32MP251DAJ3, STM32MP251DAK3, STM32MP251DAL3, STM32MP251FAI3, STM32MP251FAJ3, STM32MP251FAK3, STM32MP251FAL3, STM32MP253AAI3, STM32MP253AAJ3, STM32MP253AAK3, STM32MP253AAL3, STM32MP253CAI3, STM32MP253CAJ3, STM32MP253CAK3, STM32MP253CAL3, STM32MP253DAI3, STM32MP253DAJ3, STM32MP253DAK3, STM32MP253DAL3, STM32MP253FAI3, STM32MP253FAJ3, STM32MP253FAK3, STM32MP253FAL3, STM32MP255AAI3, STM32MP255AAJ3, STM32MP255AAK3, STM32MP255AAL3, STM32MP255CAI3, STM32MP255CAJ3, STM32MP255CAK3, STM32MP255CAL3, STM32MP255DAI3, STM32MP255DAJ3, STM32MP255DAK3, STM32MP255DAL3, STM32MP255FAI3, STM32MP255FAJ3, STM32MP255FAK3, STM32MP255FAL3, STM32MP257AAI3, STM32MP257AAJ3, STM32MP257AAK3, STM32MP257AAL3, STM32MP257CAI3, STM32MP257CAJ3, STM32MP257CAK3, STM32MP257CAL3, STM32MP257DAI3, STM32MP257DAJ3, STM32MP257DAK3, STM32MP257DAL3, STM32MP257F-DK, STM32MP257F-EV1, STM32MP257FAI3, STM32MP257FAJ3, STM32MP257FAK3, STM32MP257FAL3, STM32N645A0H3Q, STM32N645B0H3Q, STM32N645I0H3Q, STM32N645L0H3Q, STM32N645X0H3Q, STM32N645Z0H3Q, STM32N647A0H3Q, STM32N647B0H3Q, STM32N647I0H3Q, STM32N647L0H3Q, STM32N647X0H3Q, STM32N647Z0H3Q, STM32N655A0H3Q, STM32N655B0H3Q, STM32N655I0H3Q, STM32N655L0H3Q, STM32N655X0H3Q, STM32N655Z0H3Q, STM32N6570-DK, STM32N657A0H3Q, STM32N657B0H3Q, STM32N657I0H3Q, STM32N657L0H3Q, STM32N657X0H3Q, STM32N657Z0H3Q, STM32U031C6T6, STM32U031C6U6, STM32U031C8T6, STM32U031C8U6, STM32U031F4P6, STM32U031F6P6, STM32U031F8P6, STM32U031G6Y6TR, STM32U031G8Y6TR, STM32U031K4U6, STM32U031K6U6, STM32U031K8U6, STM32U031R6I6, STM32U031R6T6, STM32U031R8I6, STM32U031R8T6, STM32U073C8T6, STM32U073C8U6, STM32U073CBT6, STM32U073CBU6, STM32U073CCT6, STM32U073CCU6, STM32U073H8Y6TR, STM32U073HBY6TR, STM32U073HCY6TR, STM32U073K8U6, STM32U073KBU6, STM32U073KCU6, STM32U073M8I6, STM32U073M8T6, STM32U073MBI6, STM32U073MBT6, STM32U073MCI6, STM32U073MCT6, STM32U073R8I6, STM32U073R8T6, STM32U073RBI6, STM32U073RBT6, STM32U073RCI6, STM32U073RCT6, STM32U083C-DK, STM32U083CCT6, STM32U083CCU6, STM32U083HCY6TR, STM32U083KCU6, STM32U083MCI6, STM32U083MCT6, STM32U083RCI6, STM32U083RCT6, STM32U375CET6, STM32U375CET6Q, STM32U375CEU6, STM32U375CEU6Q, STM32U375CEY6QTR, STM32U375CGT6, STM32U375CGT6Q, STM32U375CGU6, STM32U375CGU6Q, STM32U375CGY6QTR, STM32U375KEU6, STM32U375KGU6, STM32U375REI6, STM32U375REI6Q, STM32U375RET6, STM32U375RET6Q, STM32U375REY6GTR, STM32U375REY6QTR, STM32U375RGI6, STM32U375RGI6Q, STM32U375RGT6, STM32U375RGT6Q, STM32U375RGY6GTR, STM32U375RGY6QTR, STM32U375VEI6, STM32U375VEI6Q, STM32U375VET6, STM32U375VET6Q, STM32U375VGI6, STM32U375VGI6Q, STM32U375VGT6, STM32U375VGT6Q, STM32U385CGT6, STM32U385CGT6Q, STM32U385CGU6, STM32U385CGU6Q, STM32U385CGY6QTR, STM32U385KGU6, STM32U385RGI6, STM32U385RGI6Q, STM32U385RGT6, STM32U385RGT6Q, STM32U385RGY6GTR, STM32U385RGY6QTR, STM32U385VGI6, STM32U385VGI6Q, STM32U385VGT6, STM32U385VGT6Q, STM32U535CBT6, STM32U535CBT6Q, STM32U535CBU6, STM32U535CBU6Q, STM32U535CCT6, STM32U535CCT6Q, STM32U535CCU6, STM32U535CCU6Q, STM32U535CET6, STM32U535CET6Q, STM32U535CEU6, STM32U535CEU6Q, STM32U535JEY6QTR, STM32U535NCY6QTR, STM32U535NEY6QTR, STM32U535RBI6, STM32U535RBI6Q, STM32U535RBT6, STM32U535RBT6Q, STM32U535RCI6, STM32U535RCI6Q, STM32U535RCT6, STM32U535RCT6Q, STM32U535REI6, STM32U535REI6Q, STM32U535RET6, STM32U535RET6Q, STM32U535VCI6, STM32U535VCI6Q, STM32U535VCT6, STM32U535VCT6Q, STM32U535VEI6, STM32U535VEI6Q, STM32U535VET6, STM32U535VET6Q, STM32U545CET6, STM32U545CET6Q, STM32U545CEU6, STM32U545CEU6Q, STM32U545JEY6QTR, STM32U545NEY6QTR, STM32U545REI6, STM32U545REI6Q, STM32U545RET6, STM32U545RET6Q, STM32U545VEI6, STM32U545VEI6Q, STM32U545VET6, STM32U545VET6Q, STM32U595AIH6, STM32U595AIH6Q, STM32U595AJH6, STM32U595AJH6Q, STM32U595QII6, STM32U595QII6Q, STM32U595QJI6, STM32U595QJI6Q, STM32U595RIT6, STM32U595RIT6Q, STM32U595RJT6, STM32U595RJT6Q, STM32U595VIT6, STM32U595VIT6Q, STM32U595VJT6, STM32U595VJT6Q, STM32U595ZIT6, STM32U595ZIT6Q, STM32U595ZIY6QTR, STM32U595ZJT6, STM32U595ZJT6Q, STM32U595ZJY6QTR, STM32U599BJY6QTR, STM32U599NIH6Q, STM32U599NJH6Q, STM32U599VIT6Q, STM32U599VJT6, STM32U599VJT6Q, STM32U599ZIT6Q, STM32U599ZIY6QTR, STM32U599ZJT6Q, STM32U599ZJY6QTR, STM32U5A5AJH6, STM32U5A5AJH6Q, STM32U5A5QII3Q , STM32U5A5QJI6, STM32U5A5QJI6Q, STM32U5A5RJT6, STM32U5A5RJT6Q, STM32U5A5VJT6, STM32U5A5VJT6Q, STM32U5A5ZJT6, STM32U5A5ZJT6Q, STM32U5A5ZJY6QTR, STM32U5A9BJY6QTR, STM32U5A9J-DK, STM32U5A9NJH6Q, STM32U5A9VJT6Q, STM32U5A9ZJT6Q, STM32U5A9ZJY6QTR, STM32U5F7VIT6, STM32U5F7VIT6Q, STM32U5F7VJT6, STM32U5F7VJT6Q, STM32U5F9BJY6QTR, STM32U5F9NJH6Q, STM32U5F9VIT6Q, STM32U5F9VJT6Q, STM32U5F9ZIJ6QTR, STM32U5F9ZIT6Q, STM32U5F9ZJJ6QTR, STM32U5F9ZJT6Q, STM32U5G7VJT6, STM32U5G7VJT6Q, STM32U5G9BJY6QTR, STM32U5G9J-DK1, STM32U5G9J-DK2, STM32U5G9NJH6Q, STM32U5G9VJT6Q, STM32U5G9ZJJ6QTR, STM32U5G9ZJT6Q, STM32WB05KZV6TR, STM32WB05KZV7TR, STM32WB05TZF6TR, STM32WB05TZF7TR, STM32WB06CCF6TR, STM32WB06CCF7TR, STM32WB06CCV6TR, STM32WB06CCV7TR, STM32WB06KCV6TR, STM32WB06KCV7TR, STM32WB07CCF6TR, STM32WB07CCF7TR, STM32WB07CCV6TR, STM32WB07CCV7TR, STM32WB07KCV6TR, STM32WB07KCV7TR, STM32WB09KEV6TR, STM32WB09KEV7TR, STM32WB09TEF6TR, STM32WB09TEF7TR, STM32WB1MMCH6, STM32WBA50KGU6, STM32WBA50KGU6TR, STM32WBA52CEU6, STM32WBA52CEU6TR, STM32WBA52CEU7, STM32WBA52CEU7TR, STM32WBA52CGU6, STM32WBA52CGU6TR, STM32WBA52CGU6U, STM32WBA52CGU7, STM32WBA52CGU7TR, STM32WBA52KEU6, STM32WBA52KEU6TR, STM32WBA52KGU6, STM32WBA52KGU6TR, STM32WBA54CEU6, STM32WBA54CEU6TR, STM32WBA54CEU7, STM32WBA54CEU7TR, STM32WBA54CGU6, STM32WBA54CGU6TR, STM32WBA54CGU7, STM32WBA54CGU7TR, STM32WBA54KEU6, STM32WBA54KEU6TR, STM32WBA54KEU7, STM32WBA54KEU7TR, STM32WBA54KGU6, STM32WBA54KGU6TR, STM32WBA54KGU7, STM32WBA54KGU7TR, STM32WBA55CEU6, STM32WBA55CEU6TR, STM32WBA55CEU7, STM32WBA55CEU7TR, STM32WBA55CGU6, STM32WBA55CGU6TR, STM32WBA55CGU6U, STM32WBA55CGU7, STM32WBA55CGU7TR, STM32WBA55G-DK1, STM32WBA55HEF6, STM32WBA55HEF7, STM32WBA55HGF6, STM32WBA55HGF7, STM32WBA55UEI6, STM32WBA55UEI6TR, STM32WBA55UEI7, STM32WBA55UEI7TR, STM32WBA55UGI6, STM32WBA55UGI6TR, STM32WBA55UGI7, STM32WBA55UGI7TR, STM32WBA5MJGH6TR, STM32WBA62CGU6, STM32WBA62CIU6, STM32WBA62MGF6, STM32WBA62MIF6, STM32WBA62PGI6, STM32WBA62PII6, STM32WBA63CGU6, STM32WBA63CGU7, STM32WBA63CIU6, STM32WBA63CIU7, STM32WBA64CGU6, STM32WBA64CGU7, STM32WBA64CIU6, STM32WBA64CIU7, STM32WBA65CGU6, STM32WBA65CGU7, STM32WBA65CIU6, STM32WBA65CIU7, STM32WBA65I-DK1, STM32WBA65MGF6, STM32WBA65MGF7, STM32WBA65MIF6, STM32WBA65MIF7, STM32WBA65PGI6, STM32WBA65PGI7, STM32WBA65PII6, STM32WBA65PII7, STM32WBA65RGV6, STM32WBA65RGV7, STM32WBA65RIV6, STM32WBA65RIV7, STM32WL30K8V6, STM32WL30KBV6, STM32WL31C8V6, STM32WL31CBV6, STM32WL31K8V6, STM32WL31KBV6, STM32WL33C8V6, STM32WL33C8V6TR, STM32WL33C8V7, STM32WL33C8V7TR, STM32WL33CBV6, STM32WL33CBV6TR, STM32WL33CBV7, STM32WL33CBV7TR, STM32WL33CCV6, STM32WL33CCV6TR, STM32WL33CCV7, STM32WL33CCV7A, STM32WL33CCV7ATR, STM32WL33CCV7TR, STM32WL33K8V6, STM32WL33K8V6TR, STM32WL33K8V7, STM32WL33K8V7TR, STM32WL33KBV6, STM32WL33KBV6TR, STM32WL33KBV7, STM32WL33KBV7TR, STM32WL33KCV6, STM32WL33KCV6TR, STM32WL33KCV7, STM32WL33KCV7TR, STM32WL5MOCH6, STM32WL5MOCH6TR]
2025-05-20 09:51:31,210 [INFO] DbMcus:218 - Found 4686 MCUs, 4686 are supported
2025-05-20 09:51:31,211 [INFO] ApiDb:423 - Load user favorites file C:\Users\hamdo/.stm32cubeide/favorites.mcus.txt: 1 item(s)
2025-05-20 09:51:31,212 [INFO] ApiDb:427 - User favorites MCUs=[STM32F103RCT6]
2025-05-20 09:51:31,212 [INFO] DbMcus:224 - Set 1 / 1 favorites MCUs
2025-05-20 09:51:31,681 [INFO] ApiDb:423 - Load user favorites file C:\Users\hamdo/.stm32cubeide/favorites.boards.txt: 1 item(s)
2025-05-20 09:51:31,681 [INFO] ApiDb:427 - User favorites Boards=[STM32F407G-DISC1]
2025-05-20 09:51:31,682 [INFO] DbBoards:198 - Set 1 / 1 favorites Boards
2025-05-20 09:51:31,682 [INFO] McuFinderGlobals:76 - Set McuFinderConnectedMode to true
2025-05-20 09:51:31,710 [INFO] MultiScanPanel:200 - Auto-refresh data requested => check proxy status ongoing
2025-05-20 09:51:31,716 [INFO] FinderPluginLoader:95 - Searching for filters in installed packs
2025-05-20 09:51:31,797 [ERROR] LogOutputStream:75 - [STDERR_REDIRECT] [Fatal Error] :1:1: Premature end of file.
2025-05-20 09:51:31,798 [ERROR] LogOutputStream:75 - [STDERR_REDIRECT] 
2025-05-20 09:51:32,802 [ERROR] LogOutputStream:75 - [STDERR_REDIRECT] [Fatal Error] :1:1: Premature end of file.
2025-05-20 09:51:32,802 [ERROR] LogOutputStream:75 - [STDERR_REDIRECT] 
2025-05-20 09:51:33,828 [ERROR] LogOutputStream:75 - [STDERR_REDIRECT] [Fatal Error] :1:1: Premature end of file.
2025-05-20 09:51:33,829 [ERROR] LogOutputStream:75 - [STDERR_REDIRECT] 
2025-05-20 09:51:34,243 [INFO] LoadUrlFilesThread:185 - End of LoadServerUrlFiles without Thread
2025-05-20 09:51:34,286 [INFO] DetailPanel:341 - Set advertising image to C:/Users/hamdo/STM32Cube/Repository/\en.summit-h1-25-promotion.jpg
2025-05-20 09:51:34,814 [ERROR] LogOutputStream:75 - [STDERR_REDIRECT] [Fatal Error] :1:1: Premature end of file.
2025-05-20 09:51:34,814 [ERROR] LogOutputStream:75 - [STDERR_REDIRECT] 
2025-05-20 09:51:35,926 [ERROR] LogOutputStream:75 - [STDERR_REDIRECT] [Fatal Error] :1:1: Premature end of file.
2025-05-20 09:51:35,929 [ERROR] LogOutputStream:75 - [STDERR_REDIRECT] 
2025-05-20 09:51:36,809 [ERROR] LogOutputStream:75 - [STDERR_REDIRECT] [Fatal Error] :1:1: Premature end of file.
2025-05-20 09:51:36,810 [ERROR] LogOutputStream:75 - [STDERR_REDIRECT] 
2025-05-20 09:51:37,774 [ERROR] LogOutputStream:75 - [STDERR_REDIRECT] [Fatal Error] :1:1: Premature end of file.
2025-05-20 09:51:37,774 [ERROR] LogOutputStream:75 - [STDERR_REDIRECT] 
2025-05-20 09:51:38,773 [ERROR] LogOutputStream:75 - [STDERR_REDIRECT] [Fatal Error] :1:1: Premature end of file.
2025-05-20 09:51:38,773 [ERROR] LogOutputStream:75 - [STDERR_REDIRECT] 
2025-05-20 09:51:39,766 [ERROR] LogOutputStream:75 - [STDERR_REDIRECT] [Fatal Error] :1:1: Premature end of file.
2025-05-20 09:51:39,766 [ERROR] LogOutputStream:75 - [STDERR_REDIRECT] 
2025-05-20 09:51:40,771 [ERROR] LogOutputStream:75 - [STDERR_REDIRECT] [Fatal Error] :1:1: Premature end of file.
2025-05-20 09:51:40,771 [ERROR] LogOutputStream:75 - [STDERR_REDIRECT] 
2025-05-20 09:51:41,776 [ERROR] LogOutputStream:75 - [STDERR_REDIRECT] [Fatal Error] :1:1: Premature end of file.
2025-05-20 09:51:41,776 [ERROR] LogOutputStream:75 - [STDERR_REDIRECT] 
2025-05-20 09:51:42,767 [ERROR] LogOutputStream:75 - [STDERR_REDIRECT] [Fatal Error] :1:1: Premature end of file.
2025-05-20 09:51:42,767 [ERROR] LogOutputStream:75 - [STDERR_REDIRECT] 
2025-05-20 09:51:43,766 [ERROR] LogOutputStream:75 - [STDERR_REDIRECT] [Fatal Error] :1:1: Premature end of file.
2025-05-20 09:51:43,766 [ERROR] LogOutputStream:75 - [STDERR_REDIRECT] 
2025-05-20 09:51:44,779 [ERROR] LogOutputStream:75 - [STDERR_REDIRECT] [Fatal Error] :1:1: Premature end of file.
2025-05-20 09:51:44,780 [ERROR] LogOutputStream:75 - [STDERR_REDIRECT] 
2025-05-20 09:51:45,794 [ERROR] LogOutputStream:75 - [STDERR_REDIRECT] [Fatal Error] :1:1: Premature end of file.
2025-05-20 09:51:45,795 [ERROR] LogOutputStream:75 - [STDERR_REDIRECT] 
2025-05-20 09:51:46,767 [ERROR] LogOutputStream:75 - [STDERR_REDIRECT] [Fatal Error] :1:1: Premature end of file.
2025-05-20 09:51:46,768 [ERROR] LogOutputStream:75 - [STDERR_REDIRECT] 
2025-05-20 09:51:47,769 [ERROR] LogOutputStream:75 - [STDERR_REDIRECT] [Fatal Error] :1:1: Premature end of file.
2025-05-20 09:51:47,769 [ERROR] LogOutputStream:75 - [STDERR_REDIRECT] 
2025-05-20 09:51:48,768 [ERROR] LogOutputStream:75 - [STDERR_REDIRECT] [Fatal Error] :1:1: Premature end of file.
2025-05-20 09:51:48,768 [ERROR] LogOutputStream:75 - [STDERR_REDIRECT] 
2025-05-20 09:51:49,765 [ERROR] LogOutputStream:75 - [STDERR_REDIRECT] [Fatal Error] :1:1: Premature end of file.
2025-05-20 09:51:49,765 [ERROR] LogOutputStream:75 - [STDERR_REDIRECT] 
2025-05-20 09:51:50,766 [ERROR] LogOutputStream:75 - [STDERR_REDIRECT] [Fatal Error] :1:1: Premature end of file.
2025-05-20 09:51:50,766 [ERROR] LogOutputStream:75 - [STDERR_REDIRECT] 
2025-05-20 09:51:51,776 [ERROR] LogOutputStream:75 - [STDERR_REDIRECT] [Fatal Error] :1:1: Premature end of file.
2025-05-20 09:51:51,776 [ERROR] LogOutputStream:75 - [STDERR_REDIRECT] 
2025-05-20 09:51:52,770 [ERROR] LogOutputStream:75 - [STDERR_REDIRECT] [Fatal Error] :1:1: Premature end of file.
2025-05-20 09:51:52,770 [ERROR] LogOutputStream:75 - [STDERR_REDIRECT] 
2025-05-20 09:51:53,766 [ERROR] LogOutputStream:75 - [STDERR_REDIRECT] [Fatal Error] :1:1: Premature end of file.
2025-05-20 09:51:53,766 [ERROR] LogOutputStream:75 - [STDERR_REDIRECT] 
2025-05-20 09:51:54,764 [ERROR] LogOutputStream:75 - [STDERR_REDIRECT] [Fatal Error] :1:1: Premature end of file.
2025-05-20 09:51:54,764 [ERROR] LogOutputStream:75 - [STDERR_REDIRECT] 
2025-05-20 09:51:55,773 [ERROR] LogOutputStream:75 - [STDERR_REDIRECT] [Fatal Error] :1:1: Premature end of file.
2025-05-20 09:51:55,773 [ERROR] LogOutputStream:75 - [STDERR_REDIRECT] 
2025-05-20 09:51:56,784 [ERROR] LogOutputStream:75 - [STDERR_REDIRECT] [Fatal Error] :1:1: Premature end of file.
2025-05-20 09:51:56,785 [ERROR] LogOutputStream:75 - [STDERR_REDIRECT] 
2025-05-20 09:51:57,765 [ERROR] LogOutputStream:75 - [STDERR_REDIRECT] [Fatal Error] :1:1: Premature end of file.
2025-05-20 09:51:57,765 [ERROR] LogOutputStream:75 - [STDERR_REDIRECT] 
2025-05-20 09:51:58,772 [ERROR] LogOutputStream:75 - [STDERR_REDIRECT] [Fatal Error] :1:1: Premature end of file.
2025-05-20 09:51:58,772 [ERROR] LogOutputStream:75 - [STDERR_REDIRECT] 
2025-05-20 09:51:59,781 [ERROR] LogOutputStream:75 - [STDERR_REDIRECT] [Fatal Error] :1:1: Premature end of file.
2025-05-20 09:51:59,782 [ERROR] LogOutputStream:75 - [STDERR_REDIRECT] 
2025-05-20 09:52:00,766 [ERROR] LogOutputStream:75 - [STDERR_REDIRECT] [Fatal Error] :1:1: Premature end of file.
2025-05-20 09:52:00,766 [ERROR] LogOutputStream:75 - [STDERR_REDIRECT] 
2025-05-20 09:52:01,778 [ERROR] LogOutputStream:75 - [STDERR_REDIRECT] [Fatal Error] :1:1: Premature end of file.
2025-05-20 09:52:01,778 [ERROR] LogOutputStream:75 - [STDERR_REDIRECT] 
2025-05-20 09:52:02,776 [ERROR] LogOutputStream:75 - [STDERR_REDIRECT] [Fatal Error] :1:1: Premature end of file.
2025-05-20 09:52:02,777 [ERROR] LogOutputStream:75 - [STDERR_REDIRECT] 
2025-05-20 09:52:03,771 [ERROR] LogOutputStream:75 - [STDERR_REDIRECT] [Fatal Error] :1:1: Premature end of file.
2025-05-20 09:52:03,771 [ERROR] LogOutputStream:75 - [STDERR_REDIRECT] 
2025-05-20 09:52:04,774 [ERROR] LogOutputStream:75 - [STDERR_REDIRECT] [Fatal Error] :1:1: Premature end of file.
2025-05-20 09:52:04,774 [ERROR] LogOutputStream:75 - [STDERR_REDIRECT] 
2025-05-20 09:52:05,783 [ERROR] LogOutputStream:75 - [STDERR_REDIRECT] [Fatal Error] :1:1: Premature end of file.
2025-05-20 09:52:05,783 [ERROR] LogOutputStream:75 - [STDERR_REDIRECT] 
2025-05-20 09:52:06,762 [ERROR] LogOutputStream:75 - [STDERR_REDIRECT] [Fatal Error] :1:1: Premature end of file.
2025-05-20 09:52:06,762 [ERROR] LogOutputStream:75 - [STDERR_REDIRECT] 
2025-05-20 09:52:07,771 [ERROR] LogOutputStream:75 - [STDERR_REDIRECT] [Fatal Error] :1:1: Premature end of file.
2025-05-20 09:52:07,772 [ERROR] LogOutputStream:75 - [STDERR_REDIRECT] 
2025-05-20 09:52:08,767 [ERROR] LogOutputStream:75 - [STDERR_REDIRECT] [Fatal Error] :1:1: Premature end of file.
2025-05-20 09:52:08,767 [ERROR] LogOutputStream:75 - [STDERR_REDIRECT] 
2025-05-20 09:52:09,765 [ERROR] LogOutputStream:75 - [STDERR_REDIRECT] [Fatal Error] :1:1: Premature end of file.
2025-05-20 09:52:09,765 [ERROR] LogOutputStream:75 - [STDERR_REDIRECT] 
2025-05-20 09:52:10,769 [ERROR] LogOutputStream:75 - [STDERR_REDIRECT] [Fatal Error] :1:1: Premature end of file.
2025-05-20 09:52:10,769 [ERROR] LogOutputStream:75 - [STDERR_REDIRECT] 
2025-05-20 09:52:11,771 [ERROR] LogOutputStream:75 - [STDERR_REDIRECT] [Fatal Error] :1:1: Premature end of file.
2025-05-20 09:52:11,772 [ERROR] LogOutputStream:75 - [STDERR_REDIRECT] 
2025-05-20 09:52:12,765 [ERROR] LogOutputStream:75 - [STDERR_REDIRECT] [Fatal Error] :1:1: Premature end of file.
2025-05-20 09:52:12,765 [ERROR] LogOutputStream:75 - [STDERR_REDIRECT] 
2025-05-20 09:52:13,769 [ERROR] LogOutputStream:75 - [STDERR_REDIRECT] [Fatal Error] :1:1: Premature end of file.
2025-05-20 09:52:13,769 [ERROR] LogOutputStream:75 - [STDERR_REDIRECT] 
2025-05-20 09:52:14,763 [ERROR] LogOutputStream:75 - [STDERR_REDIRECT] [Fatal Error] :1:1: Premature end of file.
2025-05-20 09:52:14,764 [ERROR] LogOutputStream:75 - [STDERR_REDIRECT] 
2025-05-20 09:52:15,768 [ERROR] LogOutputStream:75 - [STDERR_REDIRECT] [Fatal Error] :1:1: Premature end of file.
2025-05-20 09:52:15,768 [ERROR] LogOutputStream:75 - [STDERR_REDIRECT] 
2025-05-20 09:52:16,775 [ERROR] LogOutputStream:75 - [STDERR_REDIRECT] [Fatal Error] :1:1: Premature end of file.
2025-05-20 09:52:16,775 [ERROR] LogOutputStream:75 - [STDERR_REDIRECT] 
2025-05-20 09:52:17,768 [ERROR] LogOutputStream:75 - [STDERR_REDIRECT] [Fatal Error] :1:1: Premature end of file.
2025-05-20 09:52:17,768 [ERROR] LogOutputStream:75 - [STDERR_REDIRECT] 
2025-05-20 09:52:18,770 [ERROR] LogOutputStream:75 - [STDERR_REDIRECT] [Fatal Error] :1:1: Premature end of file.
2025-05-20 09:52:18,770 [ERROR] LogOutputStream:75 - [STDERR_REDIRECT] 
2025-05-20 09:52:19,793 [ERROR] LogOutputStream:75 - [STDERR_REDIRECT] [Fatal Error] :1:1: Premature end of file.
2025-05-20 09:52:19,793 [ERROR] LogOutputStream:75 - [STDERR_REDIRECT] 
2025-05-20 09:52:20,766 [ERROR] LogOutputStream:75 - [STDERR_REDIRECT] [Fatal Error] :1:1: Premature end of file.
2025-05-20 09:52:20,766 [ERROR] LogOutputStream:75 - [STDERR_REDIRECT] 
2025-05-20 09:52:21,765 [ERROR] LogOutputStream:75 - [STDERR_REDIRECT] [Fatal Error] :1:1: Premature end of file.
2025-05-20 09:52:21,765 [ERROR] LogOutputStream:75 - [STDERR_REDIRECT] 
2025-05-20 09:52:22,446 [INFO] MainUpdater:2872 - connection check result : 10
2025-05-20 09:52:22,446 [INFO] MainUpdater:2872 - connection check result : 10
2025-05-20 09:52:22,465 [INFO] MicroXplorer:468 - Change Database Path : 
2025-05-20 09:52:22,466 [INFO] MicroXplorer:498 - Change Database Version : DB.6.0.141
2025-05-20 09:52:22,471 [WARN] ThirdParty:871 - waiting for thirdparty lock release [close project]
2025-05-20 09:52:22,471 [INFO] ThirdParty:873 - entering critical section [close project]
2025-05-20 09:52:22,472 [INFO] ThirdParty:883 - exiting critical section [close project]
2025-05-20 09:52:22,475 [INFO] PinOutPanel:1589 - setPackage(No Configuration,No Configuration)
2025-05-20 09:52:22,480 [INFO] UtilMem:75 - Begin LoadConfig() Used Memory: 666297224 Bytes (976224256)
2025-05-20 09:52:22,771 [ERROR] LogOutputStream:75 - [STDERR_REDIRECT] [Fatal Error] :1:1: Premature end of file.
2025-05-20 09:52:22,771 [ERROR] LogOutputStream:75 - [STDERR_REDIRECT] 
2025-05-20 09:52:23,771 [ERROR] LogOutputStream:75 - [STDERR_REDIRECT] [Fatal Error] :1:1: Premature end of file.
2025-05-20 09:52:23,771 [ERROR] LogOutputStream:75 - [STDERR_REDIRECT] 
2025-05-20 09:52:24,766 [ERROR] LogOutputStream:75 - [STDERR_REDIRECT] [Fatal Error] :1:1: Premature end of file.
2025-05-20 09:52:24,767 [ERROR] LogOutputStream:75 - [STDERR_REDIRECT] 
2025-05-20 09:52:25,770 [ERROR] LogOutputStream:75 - [STDERR_REDIRECT] [Fatal Error] :1:1: Premature end of file.
2025-05-20 09:52:25,770 [ERROR] LogOutputStream:75 - [STDERR_REDIRECT] 
2025-05-20 09:52:26,780 [ERROR] LogOutputStream:75 - [STDERR_REDIRECT] [Fatal Error] :1:1: Premature end of file.
2025-05-20 09:52:26,780 [ERROR] LogOutputStream:75 - [STDERR_REDIRECT] 
2025-05-20 09:52:27,770 [ERROR] LogOutputStream:75 - [STDERR_REDIRECT] [Fatal Error] :1:1: Premature end of file.
2025-05-20 09:52:27,770 [ERROR] LogOutputStream:75 - [STDERR_REDIRECT] 
2025-05-20 09:52:28,772 [ERROR] LogOutputStream:75 - [STDERR_REDIRECT] [Fatal Error] :1:1: Premature end of file.
2025-05-20 09:52:28,772 [ERROR] LogOutputStream:75 - [STDERR_REDIRECT] 
2025-05-20 09:52:29,778 [ERROR] LogOutputStream:75 - [STDERR_REDIRECT] [Fatal Error] :1:1: Premature end of file.
2025-05-20 09:52:29,778 [ERROR] LogOutputStream:75 - [STDERR_REDIRECT] 
2025-05-20 09:52:30,765 [ERROR] LogOutputStream:75 - [STDERR_REDIRECT] [Fatal Error] :1:1: Premature end of file.
2025-05-20 09:52:30,765 [ERROR] LogOutputStream:75 - [STDERR_REDIRECT] 
2025-05-20 09:52:31,770 [ERROR] LogOutputStream:75 - [STDERR_REDIRECT] [Fatal Error] :1:1: Premature end of file.
2025-05-20 09:52:31,770 [ERROR] LogOutputStream:75 - [STDERR_REDIRECT] 
2025-05-20 09:52:32,768 [ERROR] LogOutputStream:75 - [STDERR_REDIRECT] [Fatal Error] :1:1: Premature end of file.
2025-05-20 09:52:32,768 [ERROR] LogOutputStream:75 - [STDERR_REDIRECT] 
2025-05-20 09:52:33,767 [ERROR] LogOutputStream:75 - [STDERR_REDIRECT] [Fatal Error] :1:1: Premature end of file.
2025-05-20 09:52:33,767 [ERROR] LogOutputStream:75 - [STDERR_REDIRECT] 
2025-05-20 09:52:34,767 [ERROR] LogOutputStream:75 - [STDERR_REDIRECT] [Fatal Error] :1:1: Premature end of file.
2025-05-20 09:52:34,767 [ERROR] LogOutputStream:75 - [STDERR_REDIRECT] 
2025-05-20 09:52:35,762 [ERROR] LogOutputStream:75 - [STDERR_REDIRECT] [Fatal Error] :1:1: Premature end of file.
2025-05-20 09:52:35,762 [ERROR] LogOutputStream:75 - [STDERR_REDIRECT] 
2025-05-20 09:52:36,772 [ERROR] LogOutputStream:75 - [STDERR_REDIRECT] [Fatal Error] :1:1: Premature end of file.
2025-05-20 09:52:36,772 [ERROR] LogOutputStream:75 - [STDERR_REDIRECT] 
2025-05-20 09:52:37,770 [ERROR] LogOutputStream:75 - [STDERR_REDIRECT] [Fatal Error] :1:1: Premature end of file.
2025-05-20 09:52:37,770 [ERROR] LogOutputStream:75 - [STDERR_REDIRECT] 
2025-05-20 09:52:38,775 [ERROR] LogOutputStream:75 - [STDERR_REDIRECT] [Fatal Error] :1:1: Premature end of file.
2025-05-20 09:52:38,775 [ERROR] LogOutputStream:75 - [STDERR_REDIRECT] 
2025-05-20 09:52:39,772 [ERROR] LogOutputStream:75 - [STDERR_REDIRECT] [Fatal Error] :1:1: Premature end of file.
2025-05-20 09:52:39,772 [ERROR] LogOutputStream:75 - [STDERR_REDIRECT] 
2025-05-20 09:52:40,771 [ERROR] LogOutputStream:75 - [STDERR_REDIRECT] [Fatal Error] :1:1: Premature end of file.
2025-05-20 09:52:40,771 [ERROR] LogOutputStream:75 - [STDERR_REDIRECT] 
2025-05-20 09:52:41,771 [ERROR] LogOutputStream:75 - [STDERR_REDIRECT] [Fatal Error] :1:1: Premature end of file.
2025-05-20 09:52:41,771 [ERROR] LogOutputStream:75 - [STDERR_REDIRECT] 
2025-05-20 09:52:42,775 [ERROR] LogOutputStream:75 - [STDERR_REDIRECT] [Fatal Error] :1:1: Premature end of file.
2025-05-20 09:52:42,776 [ERROR] LogOutputStream:75 - [STDERR_REDIRECT] 
2025-05-20 09:52:43,777 [ERROR] LogOutputStream:75 - [STDERR_REDIRECT] [Fatal Error] :1:1: Premature end of file.
2025-05-20 09:52:43,777 [ERROR] LogOutputStream:75 - [STDERR_REDIRECT] 
2025-05-20 09:52:43,920 [INFO] MicroXplorer:468 - Change Database Path : 
2025-05-20 09:52:43,920 [INFO] MicroXplorer:498 - Change Database Version : DB.6.0.141
2025-05-20 09:52:43,920 [INFO] OpenFileManager:354 - Change cursor
2025-05-20 09:52:43,933 [WARN] IntegrityCheckThread:84 - waiting for thirdparty lock release [integrity check]
2025-05-20 09:52:43,933 [INFO] IntegrityCheckThread:86 - entering critical section [integrity check]
2025-05-20 09:52:44,116 [WARN] PackLoader:240 - Cannot read IP mode file for STMicroelectronics.FP-SNS-MOTENVWB1.1.4.0
2025-05-20 09:52:44,125 [WARN] PackLoader:240 - Cannot read IP mode file for STMicroelectronics.FP-ATR-ASTRA1.2.0.2
2025-05-20 09:52:44,134 [WARN] PackLoader:240 - Cannot read IP mode file for STMicroelectronics.X-CUBE-SMBUS.2.1.0
2025-05-20 09:52:44,143 [WARN] PackLoader:240 - Cannot read IP mode file for STMicroelectronics.X-CUBE-WB05N.1.1.0
2025-05-20 09:52:44,172 [WARN] PackLoader:240 - Cannot read IP mode file for STMicroelectronics.X-CUBE-AZRTOS-F7.1.1.0
2025-05-20 09:52:44,190 [WARN] PackLoader:240 - Cannot read IP mode file for Infineon.AIROC-Wi-Fi-Bluetooth-STM32.1.7.0
2025-05-20 09:52:44,202 [WARN] PackLoader:240 - Cannot read IP mode file for STMicroelectronics.X-CUBE-DISPLAY.3.0.0
2025-05-20 09:52:44,210 [WARN] PackLoader:240 - Cannot read IP mode file for STMicroelectronics.X-CUBE-NFC10.1.0.0
2025-05-20 09:52:44,219 [WARN] PackLoader:240 - Cannot read IP mode file for STMicroelectronics.X-CUBE-BLEMGR.4.0.0
2025-05-20 09:52:44,225 [WARN] PackLoader:240 - Cannot read IP mode file for emotas.I-CUBE-CANOPEN.1.3.0
2025-05-20 09:52:44,230 [WARN] ConditionMgr:438 - getConditionDescription Invalid condition id : Cortex-A Device cause : null
2025-05-20 09:52:44,242 [WARN] ConditionMgr:1044 - genDependencies : Invalid condition id : Cortex-A Device cause : null
2025-05-20 09:52:44,242 [WARN] ConditionMgr:1044 - genDependencies : Invalid condition id : Cortex-A Device cause : null
2025-05-20 09:52:44,242 [WARN] ConditionMgr:1044 - genDependencies : Invalid condition id : Cortex-A Device cause : null
2025-05-20 09:52:44,245 [WARN] PackLoader:240 - Cannot read IP mode file for STMicroelectronics.X-CUBE-AI.10.0.0
2025-05-20 09:52:44,247 [WARN] PackLoader:240 - Cannot read IP mode file for STMicroelectronics.FP-SNS-SMARTAG2.1.2.0
2025-05-20 09:52:44,251 [WARN] PackLoader:240 - Cannot read IP mode file for STMicroelectronics.FP-SNS-FLIGHT1.5.1.0
2025-05-20 09:52:44,277 [WARN] PackLoader:240 - Cannot read IP mode file for STMicroelectronics.X-CUBE-MEMS1.11.1.0
2025-05-20 09:52:44,354 [INFO] LogOutputStream:77 - [STDOUT_REDIRECT] 1 : Invalid condition id : UX_CORESTACK_Condition cause : null
2025-05-20 09:52:44,354 [INFO] LogOutputStream:77 - [STDOUT_REDIRECT] 1 : Invalid condition id : UX_CORESTACK_Condition cause : null
2025-05-20 09:52:44,355 [INFO] LogOutputStream:77 - [STDOUT_REDIRECT] 1 : Invalid condition id : UX_CORESTACK_Condition cause : null
2025-05-20 09:52:44,355 [INFO] LogOutputStream:77 - [STDOUT_REDIRECT] 1 : Invalid condition id : UX_CORESTACK_Condition cause : null
2025-05-20 09:52:44,356 [INFO] LogOutputStream:77 - [STDOUT_REDIRECT] 1 : Invalid condition id : UX_CORESTACK_Condition cause : null
2025-05-20 09:52:44,358 [WARN] PackLoader:240 - Cannot read IP mode file for STMicroelectronics.X-CUBE-AZRTOS-WL.2.0.0
2025-05-20 09:52:44,363 [WARN] PackLoader:240 - Cannot read IP mode file for STMicroelectronics.FP-SNS-MOTENV1.5.0.0
2025-05-20 09:52:44,369 [WARN] PackLoader:240 - Cannot read IP mode file for WES.I-CUBE-Cesium.1.3.0
2025-05-20 09:52:44,374 [WARN] PackLoader:240 - Cannot read IP mode file for STMicroelectronics.X-CUBE-BLE2.3.3.0
2025-05-20 09:52:44,379 [WARN] PackLoader:240 - Cannot read IP mode file for STMicroelectronics.X-CUBE-NFC9.1.0.0
2025-05-20 09:52:44,385 [WARN] PackLoader:240 - Cannot read IP mode file for STMicroelectronics.X-CUBE-BLE1.7.1.0
2025-05-20 09:52:44,388 [WARN] PackLoader:240 - Cannot read IP mode file for wolfSSL.I-CUBE-wolfMQTT.1.19.2
2025-05-20 09:52:44,434 [WARN] PackLoader:240 - Cannot read IP mode file for STMicroelectronics.X-CUBE-MEMS1.11.2.0
2025-05-20 09:52:44,559 [WARN] PackLoader:240 - Cannot read IP mode file for STMicroelectronics.X-CUBE-AZRTOS-G0.1.1.0
2025-05-20 09:52:44,568 [WARN] PackLoader:240 - Cannot read IP mode file for STMicroelectronics.X-CUBE-SAFEA1.1.2.2
2025-05-20 09:52:44,575 [WARN] PackLoader:240 - Cannot read IP mode file for STMicroelectronics.X-CUBE-NFC4.3.0.0
2025-05-20 09:52:44,585 [WARN] PackLoader:240 - Cannot read IP mode file for EmbeddedOffice.I-CUBE-FS-RTOS.1.0.1
2025-05-20 09:52:44,592 [WARN] PackLoader:240 - Cannot read IP mode file for STMicroelectronics.X-CUBE-WB05N.2.0.0
2025-05-20 09:52:44,597 [WARN] PackLoader:240 - Cannot read IP mode file for wolfSSL.I-CUBE-wolfTPM.3.8.0
2025-05-20 09:52:44,603 [WARN] PackLoader:240 - Cannot read IP mode file for STMicroelectronics.X-CUBE-TCPP.4.2.0
2025-05-20 09:52:44,609 [WARN] PackLoader:240 - Cannot read IP mode file for RealThread.X-CUBE-RT-Thread_Nano.4.1.1
2025-05-20 09:52:44,614 [WARN] PackLoader:240 - Cannot read IP mode file for STMicroelectronics.FP-ATR-SIGFOX1.3.2.0
2025-05-20 09:52:44,618 [WARN] PackLoader:240 - Cannot read IP mode file for STMicroelectronics.X-CUBE-EEPRMA1.5.1.0
2025-05-20 09:52:44,623 [WARN] PackLoader:240 - Cannot read IP mode file for wolfSSL.I-CUBE-wolfSSL.5.7.6
2025-05-20 09:52:44,638 [WARN] PackLoader:240 - Cannot read IP mode file for ITTIA_DB.I-CUBE-ITTIADB.8.9.0
2025-05-20 09:52:44,666 [WARN] PackLoader:240 - Cannot read IP mode file for SEGGER.I-CUBE-embOS.1.3.1
2025-05-20 09:52:44,701 [WARN] PackLoader:240 - Cannot read IP mode file for STMicroelectronics.X-CUBE-ALGOBUILD.1.4.0
2025-05-20 09:52:44,715 [WARN] PackLoader:240 - Cannot read IP mode file for STMicroelectronics.X-CUBE-AZRTOS-F4.1.1.0
2025-05-20 09:52:44,722 [WARN] PackLoader:240 - Cannot read IP mode file for Avnet-IotConnect.X-CUBE-IoTC-DA16k-PMOD.1.0.0
2025-05-20 09:52:44,726 [WARN] PackLoader:240 - Cannot read IP mode file for STMicroelectronics.X-CUBE-ISPU.2.1.0
2025-05-20 09:52:44,739 [WARN] PackLoader:240 - Cannot read IP mode file for STMicroelectronics.X-CUBE-AZRTOS-L5.2.0.0
2025-05-20 09:52:44,750 [WARN] PackLoader:240 - Cannot read IP mode file for STMicroelectronics.X-CUBE-NFC6.3.1.0
2025-05-20 09:52:44,758 [WARN] PackLoader:240 - Cannot read IP mode file for STMicroelectronics.X-CUBE-FREERTOS.1.3.1
2025-05-20 09:52:44,762 [WARN] PackLoader:240 - Cannot read IP mode file for STMicroelectronics.X-CUBE-FREERTOS.1.3.0
2025-05-20 09:52:44,766 [WARN] PackLoader:240 - Cannot read IP mode file for STMicroelectronics.X-CUBE-NFC7.1.0.1
2025-05-20 09:52:44,771 [WARN] PackLoader:240 - Cannot read IP mode file for STMicroelectronics.X-CUBE-DPower.1.3.0
2025-05-20 09:52:44,775 [ERROR] LogOutputStream:75 - [STDERR_REDIRECT] [Fatal Error] :1:1: Premature end of file.
2025-05-20 09:52:44,775 [ERROR] LogOutputStream:75 - [STDERR_REDIRECT] 
2025-05-20 09:52:44,785 [WARN] ConditionMgr:438 - getConditionDescription Invalid condition id : LAN8742 Phy interface Condition cause : null
2025-05-20 09:52:44,785 [WARN] PackLoader:240 - Cannot read IP mode file for STMicroelectronics.X-CUBE-AZRTOS-L4.2.0.0
2025-05-20 09:52:44,786 [WARN] ConditionMgr:1044 - genDependencies : Invalid condition id : LAN8742 Phy interface Condition cause : null
2025-05-20 09:52:44,786 [WARN] ConditionMgr:1044 - genDependencies : Invalid condition id : LAN8742 Phy interface Condition cause : null
2025-05-20 09:52:44,786 [WARN] ConditionMgr:1044 - genDependencies : Invalid condition id : LAN8742 Phy interface Condition cause : null
2025-05-20 09:52:44,794 [WARN] PackLoader:240 - Cannot read IP mode file for STMicroelectronics.X-CUBE-SFXS2LP1.4.0.0
2025-05-20 09:52:44,803 [WARN] PackLoader:240 - Cannot read IP mode file for STMicroelectronics.X-CUBE-AZRTOS-H7.3.3.0
2025-05-20 09:52:44,812 [WARN] ConditionMgr:438 - getConditionDescription Invalid condition id : UX DEVICE CLASS RTOS Condition cause : null
2025-05-20 09:52:44,812 [WARN] ConditionMgr:438 - getConditionDescription Invalid condition id : UX DEVICE CLASS RTOS Condition cause : null
2025-05-20 09:52:44,813 [WARN] PackLoader:240 - Cannot read IP mode file for STMicroelectronics.X-CUBE-AZRTOS-WB.2.0.0
2025-05-20 09:52:44,813 [WARN] ConditionMgr:1044 - genDependencies : Invalid condition id : UX DEVICE CLASS RTOS Condition cause : null
2025-05-20 09:52:44,813 [WARN] ConditionMgr:1044 - genDependencies : Invalid condition id : UX DEVICE CLASS RTOS Condition cause : null
2025-05-20 09:52:44,814 [WARN] ConditionMgr:1044 - genDependencies : Invalid condition id : UX DEVICE CLASS RTOS Condition cause : null
2025-05-20 09:52:44,814 [WARN] ConditionMgr:1044 - genDependencies : Invalid condition id : UX DEVICE CLASS RTOS Condition cause : null
2025-05-20 09:52:44,814 [WARN] ConditionMgr:1044 - genDependencies : Invalid condition id : UX DEVICE CLASS RTOS Condition cause : null
2025-05-20 09:52:44,817 [WARN] PackLoader:240 - Cannot read IP mode file for STMicroelectronics.X-CUBE-GNSS1.7.0.1
2025-05-20 09:52:44,822 [WARN] PackLoader:240 - Cannot read IP mode file for STMicroelectronics.X-CUBE-TOUCHGFX.4.25.0
2025-05-20 09:52:44,827 [WARN] PackLoader:240 - Cannot read IP mode file for STMicroelectronics.FP-SNS-STBOX1.2.0.0
2025-05-20 09:52:44,833 [WARN] PackLoader:240 - Cannot read IP mode file for STMicroelectronics.X-CUBE-SUBG2.5.0.0
2025-05-20 09:52:44,844 [WARN] PackLoader:240 - Cannot read IP mode file for STMicroelectronics.X-CUBE-AZRTOS-H7RS.1.1.0
2025-05-20 09:52:44,848 [WARN] PackLoader:240 - Cannot read IP mode file for Cesanta.I-CUBE-Mongoose.7.13.0
2025-05-20 09:52:44,854 [WARN] PackLoader:240 - Cannot read IP mode file for STMicroelectronics.X-CUBE-AZRTOS-G4.2.0.0
2025-05-20 09:52:44,858 [WARN] PackLoader:240 - Cannot read IP mode file for wolfSSL.I-CUBE-wolfSSH.1.4.20
2025-05-20 09:52:44,861 [WARN] PackLoader:240 - Cannot read IP mode file for STMicroelectronics.X-CUBE-NFC7.2.0.0
2025-05-20 09:52:44,867 [WARN] PackLoader:240 - Cannot read IP mode file for STMicroelectronics.X-CUBE-IPS.3.1.0
2025-05-20 09:52:44,872 [WARN] PackLoader:240 - Cannot read IP mode file for STMicroelectronics.X-CUBE-ALS.1.0.2
2025-05-20 09:52:44,876 [WARN] PackLoader:240 - Cannot read IP mode file for portGmbH.I-Cube-SoM-uGOAL.1.1.0
2025-05-20 09:52:44,882 [WARN] PackLoader:240 - Cannot read IP mode file for STMicroelectronics.X-CUBE-TOF1.3.4.2
2025-05-20 09:52:44,892 [WARN] PackLoader:240 - Cannot read IP mode file for STMicroelectronics.X-CUBE-TOF1.3.4.3
2025-05-20 09:52:44,897 [INFO] ThirdParty:978 - Integrity check success = true
2025-05-20 09:52:44,897 [INFO] IntegrityCheckThread:100 - exiting critical section [integrity check]
2025-05-20 09:52:44,897 [INFO] IntegrityCheckThread:103 - End integrity checks thread
2025-05-20 09:52:44,915 [INFO] Mcu:2011 - Initializing MCU STM32F407V(E-G)Tx STM32F407VGTx STM32F407VGT6
2025-05-20 09:52:45,773 [ERROR] LogOutputStream:75 - [STDERR_REDIRECT] [Fatal Error] :1:1: Premature end of file.
2025-05-20 09:52:45,774 [ERROR] LogOutputStream:75 - [STDERR_REDIRECT] 
2025-05-20 09:52:46,311 [INFO] Context:756 - Trying to add GPIOservice into a context  which must be forbidden
2025-05-20 09:52:46,689 [INFO] Rule:225 - rule Adapt Old IOC CSI. is applicable
2025-05-20 09:52:46,689 [INFO] DbConfProperties:307 - Apply Compatibility (0/1 Rules)
2025-05-20 09:52:46,706 [INFO] ImportTextPane:218 - (OptionalMessage_ERROR) Pin36 (VP_RIF_VS_RIF1) cannot be retrieved for this MCU
2025-05-20 09:52:46,771 [ERROR] LogOutputStream:75 - [STDERR_REDIRECT] [Fatal Error] :1:1: Premature end of file.
2025-05-20 09:52:46,772 [ERROR] LogOutputStream:75 - [STDERR_REDIRECT] 
2025-05-20 09:52:46,863 [INFO] RtosManager:558 - Registered RTOS mode: class=CMSIS, group=RTOS, mode=CMSIS_V1, owner=FREERTOS
2025-05-20 09:52:46,863 [INFO] RtosManager:558 - Registered RTOS mode: class=CMSIS, group=RTOS2, mode=CMSIS_V2, owner=FREERTOS
2025-05-20 09:52:46,863 [INFO] RtosManager:558 - Registered RTOS mode: class=RTOS, group=Core, mode=CMSIS_V1, owner=FREERTOS
2025-05-20 09:52:46,863 [INFO] RtosManager:558 - Registered RTOS mode: class=RTOS, group=Core, mode=CMSIS_V2, owner=FREERTOS
2025-05-20 09:52:46,863 [WARN] ModelIntegratedComponent:184 - Missing modes for component STMicroelectronics:FreeRTOS:0.0.1:STMicroelectronics:RTOS:FreeRTOS:Core:::10.2.0:
2025-05-20 09:52:46,882 [WARN] ModelIntegratedComponent:63 - No mode defined for component null
2025-05-20 09:52:46,882 [WARN] ModelIntegratedComponent:63 - No mode defined for component null
2025-05-20 09:52:46,882 [WARN] ModelIntegratedComponent:63 - No mode defined for component null
2025-05-20 09:52:46,882 [WARN] ModelIntegratedComponent:63 - No mode defined for component null
2025-05-20 09:52:46,882 [WARN] ModelIntegratedComponent:63 - No mode defined for component null
2025-05-20 09:52:46,882 [WARN] ModelIntegratedComponent:63 - No mode defined for component null
2025-05-20 09:52:46,882 [WARN] ModelIntegratedComponent:63 - No mode defined for component null
2025-05-20 09:52:46,882 [WARN] ModelIntegratedComponent:63 - No mode defined for component null
2025-05-20 09:52:46,883 [WARN] ModelIntegratedComponent:63 - No mode defined for component null
2025-05-20 09:52:46,883 [WARN] ModelIntegratedComponent:63 - No mode defined for component null
2025-05-20 09:52:46,883 [WARN] ModelIntegratedComponent:63 - No mode defined for component null
2025-05-20 09:52:46,883 [WARN] ModelIntegratedComponent:63 - No mode defined for component null
2025-05-20 09:52:46,883 [WARN] ModelIntegratedComponent:63 - No mode defined for component null
2025-05-20 09:52:46,883 [WARN] ModelIntegratedComponent:63 - No mode defined for component null
2025-05-20 09:52:46,883 [WARN] ModelIntegratedComponent:63 - No mode defined for component null
2025-05-20 09:52:46,883 [WARN] ModelIntegratedComponent:63 - No mode defined for component null
2025-05-20 09:52:46,883 [WARN] ModelIntegratedComponent:63 - No mode defined for component null
2025-05-20 09:52:46,883 [WARN] ModelIntegratedComponent:63 - No mode defined for component null
2025-05-20 09:52:46,883 [WARN] ModelIntegratedComponent:63 - No mode defined for component null
2025-05-20 09:52:46,883 [WARN] ModelIntegratedComponent:63 - No mode defined for component null
2025-05-20 09:52:46,883 [WARN] ModelIntegratedComponent:63 - No mode defined for component null
2025-05-20 09:52:46,883 [WARN] ModelIntegratedComponent:63 - No mode defined for component null
2025-05-20 09:52:46,883 [WARN] ModelIntegratedComponent:63 - No mode defined for component null
2025-05-20 09:52:46,883 [WARN] ModelIntegratedComponent:63 - No mode defined for component null
2025-05-20 09:52:46,884 [WARN] ModelIntegratedComponent:63 - No mode defined for component null
2025-05-20 09:52:46,884 [WARN] ModelIntegratedComponent:63 - No mode defined for component null
2025-05-20 09:52:46,884 [WARN] ModelIntegratedComponent:63 - No mode defined for component null
2025-05-20 09:52:46,884 [WARN] ModelIntegratedComponent:63 - No mode defined for component null
2025-05-20 09:52:46,884 [WARN] ModelIntegratedComponent:63 - No mode defined for component null
2025-05-20 09:52:46,884 [WARN] ModelIntegratedComponent:63 - No mode defined for component null
2025-05-20 09:52:46,884 [WARN] ModelIntegratedComponent:63 - No mode defined for component null
2025-05-20 09:52:46,884 [WARN] ModelIntegratedComponent:63 - No mode defined for component null
2025-05-20 09:52:46,884 [WARN] ModelIntegratedComponent:63 - No mode defined for component null
2025-05-20 09:52:46,884 [WARN] ModelIntegratedComponent:63 - No mode defined for component null
2025-05-20 09:52:46,884 [WARN] ModelIntegratedComponent:63 - No mode defined for component null
2025-05-20 09:52:46,884 [WARN] ModelPack:524 - Component already loaded: STMicroelectronics:HAL Drivers:0.0.0:STMicroelectronics:Device:STMicro_Driver:XSPI:HAL::0.0.1:HAL_XSPI
2025-05-20 09:52:46,942 [INFO] ThirdPartyModel:298 - Start build external matchings
2025-05-20 09:52:47,468 [INFO] ThirdPartyModel:316 - End build external matchings
2025-05-20 09:52:47,493 [INFO] ImportTextPane:218 - (OptionalMessage_ERROR) IP (RCC) : Parameter (RTCHSEDivFreq_Value) has invalid value (4000000)
2025-05-20 09:52:47,773 [ERROR] LogOutputStream:75 - [STDERR_REDIRECT] [Fatal Error] :1:1: Premature end of file.
2025-05-20 09:52:47,773 [ERROR] LogOutputStream:75 - [STDERR_REDIRECT] 
2025-05-20 09:52:47,803 [INFO] UtilMem:75 - End LoadConfig() Used Memory: 693535968 Bytes (1073741824)
2025-05-20 09:52:47,936 [WARN] ThirdParty:833 - waiting for thirdparty lock release [change project]
2025-05-20 09:52:47,936 [INFO] ThirdParty:835 - entering critical section [change project]
2025-05-20 09:52:47,936 [INFO] ThirdParty:1030 - CMSIS Pack Vendor :STMicroelectronics USBPD 4.1
2025-05-20 09:52:47,936 [INFO] ThirdParty:1030 - CMSIS Pack Vendor :STMicroelectronics X-CUBE-AZRTOS-H7 3.3.0
2025-05-20 09:52:47,936 [INFO] ThirdParty:1030 - CMSIS Pack Vendor :STMicroelectronics X-CUBE-NFC9 1.0.0
2025-05-20 09:52:47,936 [INFO] ThirdParty:1030 - CMSIS Pack Vendor :STMicroelectronics USB_HOST 2.0.0
2025-05-20 09:52:47,936 [INFO] ThirdParty:1030 - CMSIS Pack Vendor :STMicroelectronics FP-SNS-MOTENVWB1 1.4.0
2025-05-20 09:52:47,936 [INFO] ThirdParty:1030 - CMSIS Pack Vendor :STMicroelectronics X-CUBE-AZRTOS-F4 1.1.0
2025-05-20 09:52:47,936 [INFO] ThirdParty:1030 - CMSIS Pack Vendor :STMicroelectronics LIBJPEG 8.0.0
2025-05-20 09:52:47,936 [INFO] ThirdParty:1030 - CMSIS Pack Vendor :STMicroelectronics FP-ATR-ASTRA1 2.0.2
2025-05-20 09:52:47,936 [INFO] ThirdParty:1030 - CMSIS Pack Vendor :STMicroelectronics X-CUBE-BLE1 7.1.0
2025-05-20 09:52:47,936 [INFO] ThirdParty:1030 - CMSIS Pack Vendor :Avnet-IotConnect X-CUBE-IoTC-DA16k-PMOD 1.0.0
2025-05-20 09:52:47,936 [INFO] ThirdParty:1030 - CMSIS Pack Vendor :STMicroelectronics X-CUBE-SMBUS 2.1.0
2025-05-20 09:52:47,936 [INFO] ThirdParty:1030 - CMSIS Pack Vendor :STMicroelectronics X-CUBE-WB05N 1.1.0
2025-05-20 09:52:47,936 [INFO] ThirdParty:1030 - CMSIS Pack Vendor :wolfSSL I-CUBE-wolfMQTT 1.19.2
2025-05-20 09:52:47,936 [INFO] ThirdParty:1030 - CMSIS Pack Vendor :STMicroelectronics USB_DEVICE 3.0.0
2025-05-20 09:52:47,936 [INFO] ThirdParty:1030 - CMSIS Pack Vendor :STMicroelectronics X-CUBE-ISPU 2.1.0
2025-05-20 09:52:47,936 [INFO] ThirdParty:1030 - CMSIS Pack Vendor :STMicroelectronics X-CUBE-AZRTOS-WB 2.0.0
2025-05-20 09:52:47,936 [INFO] ThirdParty:1030 - CMSIS Pack Vendor :STMicroelectronics X-CUBE-GNSS1 7.0.1
2025-05-20 09:52:47,936 [INFO] ThirdParty:1030 - CMSIS Pack Vendor :STMicroelectronics X-CUBE-AZRTOS-F7 1.1.0
2025-05-20 09:52:47,936 [INFO] ThirdParty:1030 - CMSIS Pack Vendor :STMicroelectronics X-CUBE-AZRTOS-L5 2.0.0
2025-05-20 09:52:47,936 [INFO] ThirdParty:1030 - CMSIS Pack Vendor :STMicroelectronics X-CUBE-TOUCHGFX 4.25.0
2025-05-20 09:52:47,936 [INFO] ThirdParty:1030 - CMSIS Pack Vendor :STMicroelectronics USB_DEVICE 2.0.0
2025-05-20 09:52:47,936 [INFO] ThirdParty:1030 - CMSIS Pack Vendor :STMicroelectronics X-CUBE-NFC6 3.1.0
2025-05-20 09:52:47,936 [INFO] ThirdParty:1030 - CMSIS Pack Vendor :STMicroelectronics FP-SNS-STBOX1 2.0.0
2025-05-20 09:52:47,936 [INFO] ThirdParty:1030 - CMSIS Pack Vendor :STMicroelectronics X-CUBE-MEMS1 11.2.0
2025-05-20 09:52:47,936 [INFO] ThirdParty:1030 - CMSIS Pack Vendor :STMicroelectronics FreeRTOS 0.0.1
2025-05-20 09:52:47,936 [INFO] ThirdParty:1030 - CMSIS Pack Vendor :STMicroelectronics X-CUBE-AZRTOS-G0 1.1.0
2025-05-20 09:52:47,937 [INFO] ThirdParty:1030 - CMSIS Pack Vendor :STMicroelectronics X-CUBE-SAFEA1 1.2.2
2025-05-20 09:52:47,937 [INFO] ThirdParty:1030 - CMSIS Pack Vendor :STMicroelectronics X-CUBE-NFC4 3.0.0
2025-05-20 09:52:47,937 [INFO] ThirdParty:1030 - CMSIS Pack Vendor :STMicroelectronics X-CUBE-SUBG2 5.0.0
2025-05-20 09:52:47,937 [INFO] ThirdParty:1030 - CMSIS Pack Vendor :STMicroelectronics X-CUBE-AZRTOS-H7RS 1.1.0
2025-05-20 09:52:47,937 [INFO] ThirdParty:1030 - CMSIS Pack Vendor :STMicroelectronics STM32_WPAN 1.0.0
2025-05-20 09:52:47,937 [INFO] ThirdParty:1030 - CMSIS Pack Vendor :EmbeddedOffice I-CUBE-FS-RTOS 1.0.1
2025-05-20 09:52:47,937 [INFO] ThirdParty:1030 - CMSIS Pack Vendor :STMicroelectronics lwIP 2.0.3
2025-05-20 09:52:47,937 [INFO] ThirdParty:1030 - CMSIS Pack Vendor :Cesanta I-CUBE-Mongoose 7.13.0
2025-05-20 09:52:47,937 [INFO] ThirdParty:1030 - CMSIS Pack Vendor :STMicroelectronics USB_HOST 1.0.0
2025-05-20 09:52:47,937 [INFO] ThirdParty:1030 - CMSIS Pack Vendor :Infineon AIROC-Wi-Fi-Bluetooth-STM32 1.7.0
2025-05-20 09:52:47,937 [INFO] ThirdParty:1030 - CMSIS Pack Vendor :STMicroelectronics X-CUBE-AZRTOS-G4 2.0.0
2025-05-20 09:52:47,937 [INFO] ThirdParty:1030 - CMSIS Pack Vendor :STMicroelectronics X-CUBE-WB05N 2.0.0
2025-05-20 09:52:47,937 [INFO] ThirdParty:1030 - CMSIS Pack Vendor :STMicroelectronics PDM2PCM 3.1.0
2025-05-20 09:52:47,937 [INFO] ThirdParty:1030 - CMSIS Pack Vendor :STMicroelectronics PDM2PCM 3.3.0
2025-05-20 09:52:47,937 [INFO] ThirdParty:1030 - CMSIS Pack Vendor :wolfSSL I-CUBE-wolfTPM 3.8.0
2025-05-20 09:52:47,937 [INFO] ThirdParty:1030 - CMSIS Pack Vendor :STMicroelectronics X-CUBE-DISPLAY 3.0.0
2025-05-20 09:52:47,937 [INFO] ThirdParty:1030 - CMSIS Pack Vendor :wolfSSL I-CUBE-wolfSSH 1.4.20
2025-05-20 09:52:47,937 [INFO] ThirdParty:1030 - CMSIS Pack Vendor :STMicroelectronics X-CUBE-NFC7 2.0.0
2025-05-20 09:52:47,937 [INFO] ThirdParty:1030 - CMSIS Pack Vendor :STMicroelectronics X-CUBE-TCPP 4.2.0
2025-05-20 09:52:47,937 [INFO] ThirdParty:1030 - CMSIS Pack Vendor :RealThread X-CUBE-RT-Thread_Nano 4.1.1
2025-05-20 09:52:47,937 [INFO] ThirdParty:1030 - CMSIS Pack Vendor :STMicroelectronics FP-ATR-SIGFOX1 3.2.0
2025-05-20 09:52:47,937 [INFO] ThirdParty:1030 - CMSIS Pack Vendor :STMicroelectronics X-CUBE-NFC10 1.0.0
2025-05-20 09:52:47,937 [INFO] ThirdParty:1030 - CMSIS Pack Vendor :STMicroelectronics X-CUBE-BLEMGR 4.0.0
2025-05-20 09:52:47,937 [INFO] ThirdParty:1030 - CMSIS Pack Vendor :STMicroelectronics X-CUBE-EEPRMA1 5.1.0
2025-05-20 09:52:47,937 [INFO] ThirdParty:1030 - CMSIS Pack Vendor :STMicroelectronics X-CUBE-FREERTOS 1.3.1
2025-05-20 09:52:47,937 [INFO] ThirdParty:1030 - CMSIS Pack Vendor :STMicroelectronics HAL Drivers 0.0.0
2025-05-20 09:52:47,937 [INFO] ThirdParty:1030 - CMSIS Pack Vendor :STMicroelectronics MBEDTLS 2.16.2
2025-05-20 09:52:47,937 [INFO] ThirdParty:1030 - CMSIS Pack Vendor :STMicroelectronics X-CUBE-IPS 3.1.0
2025-05-20 09:52:47,937 [INFO] ThirdParty:1030 - CMSIS Pack Vendor :STMicroelectronics X-CUBE-ALS 1.0.2
2025-05-20 09:52:47,937 [INFO] ThirdParty:1030 - CMSIS Pack Vendor :emotas I-CUBE-CANOPEN 1.3.0
2025-05-20 09:52:47,937 [INFO] ThirdParty:1030 - CMSIS Pack Vendor :STMicroelectronics X-CUBE-FREERTOS 1.3.0
2025-05-20 09:52:47,937 [INFO] ThirdParty:1030 - CMSIS Pack Vendor :STMicroelectronics X-CUBE-NFC7 1.0.1
2025-05-20 09:52:47,937 [INFO] ThirdParty:1030 - CMSIS Pack Vendor :STMicroelectronics MBEDTLS 2.14.1
2025-05-20 09:52:47,937 [INFO] ThirdParty:1030 - CMSIS Pack Vendor :wolfSSL I-CUBE-wolfSSL 5.7.6
2025-05-20 09:52:47,937 [INFO] ThirdParty:1030 - CMSIS Pack Vendor :ITTIA_DB I-CUBE-ITTIADB 8.9.0
2025-05-20 09:52:47,937 [INFO] ThirdParty:1030 - CMSIS Pack Vendor :portGmbH I-Cube-SoM-uGOAL 1.1.0
2025-05-20 09:52:47,937 [INFO] ThirdParty:1030 - CMSIS Pack Vendor :quantropi X-CUBE-qispace-sdk-base 2.0.0
2025-05-20 09:52:47,937 [INFO] ThirdParty:1030 - CMSIS Pack Vendor :STMicroelectronics X-CUBE-AI 10.0.0
2025-05-20 09:52:47,937 [INFO] ThirdParty:1030 - CMSIS Pack Vendor :STMicroelectronics ThreadX 1.0.0
2025-05-20 09:52:47,937 [INFO] ThirdParty:1030 - CMSIS Pack Vendor :STMicroelectronics FP-SNS-SMARTAG2 1.2.0
2025-05-20 09:52:47,937 [INFO] ThirdParty:1030 - CMSIS Pack Vendor :STMicroelectronics FP-SNS-FLIGHT1 5.1.0
2025-05-20 09:52:47,937 [INFO] ThirdParty:1030 - CMSIS Pack Vendor :STMicroelectronics X-CUBE-MEMS1 11.1.0
2025-05-20 09:52:47,937 [INFO] ThirdParty:1030 - CMSIS Pack Vendor :STMicroelectronics X-CUBE-AZRTOS-WL 2.0.0
2025-05-20 09:52:47,937 [INFO] ThirdParty:1030 - CMSIS Pack Vendor :SEGGER I-CUBE-embOS 1.3.1
2025-05-20 09:52:47,937 [INFO] ThirdParty:1030 - CMSIS Pack Vendor :STMicroelectronics X-CUBE-ALGOBUILD 1.4.0
2025-05-20 09:52:47,937 [INFO] ThirdParty:1030 - CMSIS Pack Vendor :STMicroelectronics X-CUBE-DPower 1.3.0
2025-05-20 09:52:47,937 [INFO] ThirdParty:1030 - CMSIS Pack Vendor :STMicroelectronics FP-SNS-MOTENV1 5.0.0
2025-05-20 09:52:47,937 [INFO] ThirdParty:1030 - CMSIS Pack Vendor :STMicroelectronics USB_DEVICE 1.0.0
2025-05-20 09:52:47,938 [INFO] ThirdParty:1030 - CMSIS Pack Vendor :STMicroelectronics X-CUBE-AZRTOS-L4 2.0.0
2025-05-20 09:52:47,938 [INFO] ThirdParty:1030 - CMSIS Pack Vendor :STMicroelectronics ThreadX 0.0.2
2025-05-20 09:52:47,938 [INFO] ThirdParty:1030 - CMSIS Pack Vendor :WES I-CUBE-Cesium 1.3.0
2025-05-20 09:52:47,938 [INFO] ThirdParty:1030 - CMSIS Pack Vendor :STMicroelectronics lwIP 2.1.2
2025-05-20 09:52:47,938 [INFO] ThirdParty:1030 - CMSIS Pack Vendor :STMicroelectronics X-CUBE-SFXS2LP1 4.0.0
2025-05-20 09:52:47,938 [INFO] ThirdParty:1030 - CMSIS Pack Vendor :STMicroelectronics X-CUBE-BLE2 3.3.0
2025-05-20 09:52:47,938 [INFO] ThirdParty:1030 - CMSIS Pack Vendor :STMicroelectronics X-CUBE-TOF1 3.4.2
2025-05-20 09:52:47,938 [INFO] ThirdParty:1030 - CMSIS Pack Vendor :STMicroelectronics X-CUBE-TOF1 3.4.3
2025-05-20 09:52:47,938 [INFO] ThirdParty:1030 - CMSIS Pack Vendor :STMicroelectronics PDM2PCM 3.2.0
2025-05-20 09:52:47,938 [INFO] ThirdParty:841 - exiting critical section [change project]
2025-05-20 09:52:48,415 [INFO] PinOutPanel:1589 - setPackage(No Configuration,No Configuration)
2025-05-20 09:52:48,418 [INFO] PinOutPanel:1589 - setPackage(STM32F407VGTx,LQFP100)
2025-05-20 09:52:48,787 [ERROR] LogOutputStream:75 - [STDERR_REDIRECT] [Fatal Error] :1:1: Premature end of file.
2025-05-20 09:52:48,787 [ERROR] LogOutputStream:75 - [STDERR_REDIRECT] 
2025-05-20 09:52:48,979 [INFO] UtilMem:75 - Before build in PCC Used Memory: 910174008 Bytes (1073741824)
2025-05-20 09:52:49,783 [ERROR] LogOutputStream:75 - [STDERR_REDIRECT] [Fatal Error] :1:1: Premature end of file.
2025-05-20 09:52:49,784 [ERROR] LogOutputStream:75 - [STDERR_REDIRECT] 
2025-05-20 09:52:50,095 [INFO] UtilMem:75 - After build in PCC Used Memory: 974663480 Bytes (1073741824)
2025-05-20 09:52:50,282 [INFO] ApiDbMcu:508 - Load IP Config File for USB_HOST
2025-05-20 09:52:50,284 [WARN] BspModel:444 - BSP dependency skipped because of component: name='IOExpander', api='Unknown'
2025-05-20 09:52:50,352 [INFO] IPUIPlugin:80 - create IPUIPlugin
2025-05-20 09:52:50,352 [INFO] IPUIPlugin:80 - create IPUIPlugin
2025-05-20 09:52:50,352 [INFO] IPUIPlugin:80 - create IPUIPlugin
2025-05-20 09:52:50,352 [INFO] IPUIPlugin:80 - create IPUIPlugin
2025-05-20 09:52:50,352 [INFO] IPUIPlugin:80 - create IPUIPlugin
2025-05-20 09:52:50,353 [INFO] IPUIPlugin:80 - create IPUIPlugin
2025-05-20 09:52:50,353 [INFO] IPUIPlugin:80 - create IPUIPlugin
2025-05-20 09:52:50,353 [INFO] IPUIPlugin:80 - create IPUIPlugin
2025-05-20 09:52:50,353 [INFO] IPUIPlugin:80 - create IPUIPlugin
2025-05-20 09:52:50,353 [INFO] IPUIPlugin:80 - create IPUIPlugin
2025-05-20 09:52:50,353 [INFO] IPUIPlugin:80 - create IPUIPlugin
2025-05-20 09:52:50,353 [INFO] IPUIPlugin:80 - create IPUIPlugin
2025-05-20 09:52:50,353 [INFO] IPUIPlugin:80 - create IPUIPlugin
2025-05-20 09:52:50,353 [INFO] IPUIPlugin:80 - create IPUIPlugin
2025-05-20 09:52:50,354 [INFO] IPUIPlugin:80 - create IPUIPlugin
2025-05-20 09:52:50,354 [INFO] IPUIPlugin:80 - create IPUIPlugin
2025-05-20 09:52:50,354 [INFO] IPUIPlugin:80 - create IPUIPlugin
2025-05-20 09:52:50,354 [INFO] IPUIPlugin:80 - create IPUIPlugin
2025-05-20 09:52:50,354 [INFO] IPUIPlugin:80 - create IPUIPlugin
2025-05-20 09:52:50,354 [INFO] IPUIPlugin:80 - create IPUIPlugin
2025-05-20 09:52:50,355 [INFO] IPUIPlugin:80 - create IPUIPlugin
2025-05-20 09:52:50,355 [INFO] IPUIPlugin:80 - create IPUIPlugin
2025-05-20 09:52:50,355 [INFO] IPUIPlugin:80 - create IPUIPlugin
2025-05-20 09:52:50,355 [INFO] IPUIPlugin:80 - create IPUIPlugin
2025-05-20 09:52:50,355 [INFO] IPUIPlugin:80 - create IPUIPlugin
2025-05-20 09:52:50,355 [INFO] IPUIPlugin:80 - create IPUIPlugin
2025-05-20 09:52:50,355 [INFO] IPUIPlugin:80 - create IPUIPlugin
2025-05-20 09:52:50,356 [INFO] IPUIPlugin:80 - create IPUIPlugin
2025-05-20 09:52:50,356 [INFO] IPUIPlugin:80 - create IPUIPlugin
2025-05-20 09:52:50,356 [INFO] IPUIPlugin:80 - create IPUIPlugin
2025-05-20 09:52:50,356 [INFO] IPUIPlugin:80 - create IPUIPlugin
2025-05-20 09:52:50,357 [INFO] IPUIPlugin:80 - create IPUIPlugin
2025-05-20 09:52:50,357 [INFO] IPUIPlugin:80 - create IPUIPlugin
2025-05-20 09:52:50,357 [INFO] IPUIPlugin:80 - create IPUIPlugin
2025-05-20 09:52:50,358 [INFO] IPUIPlugin:80 - create IPUIPlugin
2025-05-20 09:52:50,358 [INFO] IPUIPlugin:80 - create IPUIPlugin
2025-05-20 09:52:50,358 [INFO] IPUIPlugin:80 - create IPUIPlugin
2025-05-20 09:52:50,359 [INFO] IPUIPlugin:80 - create IPUIPlugin
2025-05-20 09:52:50,359 [INFO] IPUIPlugin:80 - create IPUIPlugin
2025-05-20 09:52:50,359 [INFO] IPUIPlugin:80 - create IPUIPlugin
2025-05-20 09:52:50,359 [INFO] IPUIPlugin:80 - create IPUIPlugin
2025-05-20 09:52:50,359 [INFO] IPUIPlugin:80 - create IPUIPlugin
2025-05-20 09:52:50,359 [INFO] IPUIPlugin:80 - create IPUIPlugin
2025-05-20 09:52:50,360 [INFO] IPUIPlugin:80 - create IPUIPlugin
2025-05-20 09:52:50,360 [INFO] IPUIPlugin:80 - create IPUIPlugin
2025-05-20 09:52:50,360 [INFO] IPUIPlugin:80 - create IPUIPlugin
2025-05-20 09:52:50,360 [INFO] IPUIPlugin:80 - create IPUIPlugin
2025-05-20 09:52:50,361 [INFO] IPUIPlugin:80 - create IPUIPlugin
2025-05-20 09:52:50,361 [INFO] IPUIPlugin:80 - create IPUIPlugin
2025-05-20 09:52:50,361 [INFO] IPUIPlugin:80 - create IPUIPlugin
2025-05-20 09:52:50,361 [INFO] IPUIPlugin:80 - create IPUIPlugin
2025-05-20 09:52:50,361 [INFO] IPUIPlugin:80 - create IPUIPlugin
2025-05-20 09:52:50,362 [INFO] IPUIPlugin:80 - create IPUIPlugin
2025-05-20 09:52:50,362 [INFO] IPUIPlugin:80 - create IPUIPlugin
2025-05-20 09:52:50,362 [INFO] IPUIPlugin:80 - create IPUIPlugin
2025-05-20 09:52:50,362 [INFO] IPUIPlugin:80 - create IPUIPlugin
2025-05-20 09:52:50,363 [INFO] IPUIPlugin:80 - create IPUIPlugin
2025-05-20 09:52:50,363 [INFO] IPUIPlugin:80 - create IPUIPlugin
2025-05-20 09:52:50,382 [INFO] ApiDbMcu:508 - Load IP Config File for PDM2PCM
2025-05-20 09:52:50,400 [WARN] IP:2250 - I2C_Coeff_DF not found: check if there is a RefParameter without a condition.
2025-05-20 09:52:50,400 [WARN] IP:2250 - Analog_Filter not found: check if there is a RefParameter without a condition.
2025-05-20 09:52:50,418 [INFO] I2sManager:658 - 9.6E7
2025-05-20 09:52:50,419 [INFO] I2sManager:195 - I2S Clock Value : 9.6E7
2025-05-20 09:52:50,426 [INFO] I2sManager:553 - AudioClock : 93750Divider : 2Odd : 0
2025-05-20 09:52:50,735 [INFO] CADModel:165 - CPN selected for project levelSTM32F407VGT6
2025-05-20 09:52:50,735 [INFO] CADModel:114 - Register for checkConnection events
2025-05-20 09:52:50,777 [ERROR] LogOutputStream:75 - [STDERR_REDIRECT] [Fatal Error] :1:1: Premature end of file.
2025-05-20 09:52:50,777 [ERROR] LogOutputStream:75 - [STDERR_REDIRECT] 
2025-05-20 09:52:50,794 [INFO] OpenFileManager:385 - Restore cursor
2025-05-20 09:52:50,985 [WARN] IP:2250 - I2C_Coeff_DF not found: check if there is a RefParameter without a condition.
2025-05-20 09:52:50,985 [WARN] IP:2250 - Analog_Filter not found: check if there is a RefParameter without a condition.
2025-05-20 09:52:50,985 [WARN] IP:2250 - I2C_Coeff_DF not found: check if there is a RefParameter without a condition.
2025-05-20 09:52:50,985 [WARN] IP:2250 - Analog_Filter not found: check if there is a RefParameter without a condition.
2025-05-20 09:52:51,843 [INFO] UtilMem:75 - End SaveConfig() Used Memory: 742975568 Bytes (1073741824)
2025-05-20 09:52:51,846 [ERROR] LogOutputStream:75 - [STDERR_REDIRECT] [Fatal Error] :1:1: Premature end of file.
2025-05-20 09:52:51,847 [ERROR] LogOutputStream:75 - [STDERR_REDIRECT] 
2025-05-20 09:52:52,011 [INFO] UtilMem:75 - End SaveConfig() Used Memory: 764939680 Bytes (1073741824)
2025-05-20 09:52:52,861 [ERROR] LogOutputStream:75 - [STDERR_REDIRECT] [Fatal Error] :1:1: Premature end of file.
2025-05-20 09:52:52,863 [ERROR] LogOutputStream:75 - [STDERR_REDIRECT] 
2025-05-20 09:52:53,017 [INFO] BlockDiagram:2775 - set Specific Code input for plugin: SPI
2025-05-20 09:52:53,018 [INFO] BlockDiagram:2775 - set Specific Code input for plugin: I2S
2025-05-20 09:52:53,018 [INFO] BlockDiagram:2775 - set Specific Code input for plugin: SYS
2025-05-20 09:52:53,018 [INFO] BlockDiagram:2775 - set Specific Code input for plugin: RCC
2025-05-20 09:52:53,018 [INFO] BlockDiagram:2775 - set Specific Code input for plugin: I2C
2025-05-20 09:52:53,018 [INFO] BlockDiagram:2775 - set Specific Code input for plugin: USB_OTG_FS
2025-05-20 09:52:53,019 [INFO] BlockDiagram:2775 - set Specific Code input for plugin: NVIC
2025-05-20 09:52:53,019 [INFO] BlockDiagram:2775 - set Specific Code input for plugin: USB_HOST
2025-05-20 09:52:53,020 [INFO] BlockDiagram:2775 - set Specific Code input for plugin: GPIO
2025-05-20 09:52:53,023 [INFO] CodeGenerator:882 - code generatio: config db path: C:\ST\STM32CubeIDE_1.18.0\STM32CubeIDE\plugins\com.st.stm32cube.common.mx_6.14.1.202504091515\\db\
2025-05-20 09:52:53,038 [WARN] IP:2250 - I2C_Coeff_DF not found: check if there is a RefParameter without a condition.
2025-05-20 09:52:53,038 [WARN] IP:2250 - Analog_Filter not found: check if there is a RefParameter without a condition.
2025-05-20 09:52:53,530 [INFO] CodeEngine:263 - oldGeneratedFile, C:\Users\hamdo\Desktop\E_SYSTEMS\STM-CUBE-IDE\STM32407G_MotorControllerChallenge\MXTmpFiles\license.tmp_save
2025-05-20 09:52:53,795 [ERROR] LogOutputStream:75 - [STDERR_REDIRECT] [Fatal Error] :1:1: Premature end of file.
2025-05-20 09:52:53,796 [ERROR] LogOutputStream:75 - [STDERR_REDIRECT] 
2025-05-20 09:52:54,142 [INFO] CodeEngine:287 - Generated code: C:\Users\hamdo\Desktop\E_SYSTEMS\STM-CUBE-IDE\STM32407G_MotorControllerChallenge\MXTmpFiles\license.tmp
2025-05-20 09:52:54,303 [INFO] CodeEngine:263 - oldGeneratedFile, C:\Users\hamdo\Desktop\E_SYSTEMS\STM-CUBE-IDE\STM32407G_MotorControllerChallenge\MXTmpFiles\gpio.tmp_save
2025-05-20 09:52:54,528 [INFO] CodeEngine:287 - Generated code: C:\Users\hamdo\Desktop\E_SYSTEMS\STM-CUBE-IDE\STM32407G_MotorControllerChallenge\MXTmpFiles\gpio.tmp
2025-05-20 09:52:54,720 [WARN] IPConfigManager:3217 - Warning: the RefConfig PWREx_EnableUSBVoltageDetector is not available in your config.xml file
2025-05-20 09:52:54,741 [INFO] CodeEngine:263 - oldGeneratedFile, C:\Users\hamdo\Desktop\E_SYSTEMS\STM-CUBE-IDE\STM32407G_MotorControllerChallenge\MXTmpFiles\usb_otg_fs_vars.tmp_save
2025-05-20 09:52:54,808 [ERROR] LogOutputStream:75 - [STDERR_REDIRECT] [Fatal Error] :1:1: Premature end of file.
2025-05-20 09:52:54,809 [ERROR] LogOutputStream:75 - [STDERR_REDIRECT] 
2025-05-20 09:52:54,874 [INFO] CodeEngine:287 - Generated code: C:\Users\hamdo\Desktop\E_SYSTEMS\STM-CUBE-IDE\STM32407G_MotorControllerChallenge\MXTmpFiles\usb_otg_fs_vars.tmp
2025-05-20 09:52:54,886 [INFO] CodeEngine:263 - oldGeneratedFile, C:\Users\hamdo\Desktop\E_SYSTEMS\STM-CUBE-IDE\STM32407G_MotorControllerChallenge\MXTmpFiles\usb_otg_fs_inc.tmp_save
2025-05-20 09:52:54,994 [INFO] CodeEngine:287 - Generated code: C:\Users\hamdo\Desktop\E_SYSTEMS\STM-CUBE-IDE\STM32407G_MotorControllerChallenge\MXTmpFiles\usb_otg_fs_inc.tmp
2025-05-20 09:52:55,006 [INFO] CodeEngine:263 - oldGeneratedFile, C:\Users\hamdo\Desktop\E_SYSTEMS\STM-CUBE-IDE\STM32407G_MotorControllerChallenge\MXTmpFiles\usb_otg_fs_HalInit.tmp_save
2025-05-20 09:52:55,120 [INFO] CodeEngine:287 - Generated code: C:\Users\hamdo\Desktop\E_SYSTEMS\STM-CUBE-IDE\STM32407G_MotorControllerChallenge\MXTmpFiles\usb_otg_fs_HalInit.tmp
2025-05-20 09:52:55,130 [INFO] CodeEngine:263 - oldGeneratedFile, C:\Users\hamdo\Desktop\E_SYSTEMS\STM-CUBE-IDE\STM32407G_MotorControllerChallenge\MXTmpFiles\usb_otg_fs_Msp.tmp_save
2025-05-20 09:52:55,332 [INFO] CodeEngine:287 - Generated code: C:\Users\hamdo\Desktop\E_SYSTEMS\STM-CUBE-IDE\STM32407G_MotorControllerChallenge\MXTmpFiles\usb_otg_fs_Msp.tmp
2025-05-20 09:52:55,868 [ERROR] LogOutputStream:75 - [STDERR_REDIRECT] [Fatal Error] :1:1: Premature end of file.
2025-05-20 09:52:55,869 [ERROR] LogOutputStream:75 - [STDERR_REDIRECT] 
2025-05-20 09:52:56,032 [INFO] CodeEngine:263 - oldGeneratedFile, C:\Users\hamdo\Desktop\E_SYSTEMS\STM-CUBE-IDE\STM32407G_MotorControllerChallenge\USB_HOST\App\usb_host.c_save
2025-05-20 09:52:56,194 [INFO] CodeEngine:287 - Generated code: C:\Users\hamdo\Desktop\E_SYSTEMS\STM-CUBE-IDE\STM32407G_MotorControllerChallenge\USB_HOST\App\usb_host.c
2025-05-20 09:52:56,201 [INFO] CodeEngine:263 - oldGeneratedFile, C:\Users\hamdo\Desktop\E_SYSTEMS\STM-CUBE-IDE\STM32407G_MotorControllerChallenge\USB_HOST\App\usb_host.h_save
2025-05-20 09:52:56,381 [INFO] CodeEngine:287 - Generated code: C:\Users\hamdo\Desktop\E_SYSTEMS\STM-CUBE-IDE\STM32407G_MotorControllerChallenge\USB_HOST\App\usb_host.h
2025-05-20 09:52:56,387 [INFO] CodeEngine:263 - oldGeneratedFile, C:\Users\hamdo\Desktop\E_SYSTEMS\STM-CUBE-IDE\STM32407G_MotorControllerChallenge\USB_HOST\Target\usbh_conf.h_save
2025-05-20 09:52:56,494 [INFO] CodeEngine:287 - Generated code: C:\Users\hamdo\Desktop\E_SYSTEMS\STM-CUBE-IDE\STM32407G_MotorControllerChallenge\USB_HOST\Target\usbh_conf.h
2025-05-20 09:52:56,501 [INFO] CodeEngine:263 - oldGeneratedFile, C:\Users\hamdo\Desktop\E_SYSTEMS\STM-CUBE-IDE\STM32407G_MotorControllerChallenge\USB_HOST\Target\usbh_conf.c_save
2025-05-20 09:52:56,585 [INFO] CodeEngine:287 - Generated code: C:\Users\hamdo\Desktop\E_SYSTEMS\STM-CUBE-IDE\STM32407G_MotorControllerChallenge\USB_HOST\Target\usbh_conf.c
2025-05-20 09:52:56,593 [INFO] CodeEngine:263 - oldGeneratedFile, C:\Users\hamdo\Desktop\E_SYSTEMS\STM-CUBE-IDE\STM32407G_MotorControllerChallenge\USB_HOST\Target\usbh_platform.c_save
2025-05-20 09:52:56,704 [INFO] CodeEngine:287 - Generated code: C:\Users\hamdo\Desktop\E_SYSTEMS\STM-CUBE-IDE\STM32407G_MotorControllerChallenge\USB_HOST\Target\usbh_platform.c
2025-05-20 09:52:56,712 [INFO] CodeEngine:263 - oldGeneratedFile, C:\Users\hamdo\Desktop\E_SYSTEMS\STM-CUBE-IDE\STM32407G_MotorControllerChallenge\USB_HOST\Target\usbh_platform.h_save
2025-05-20 09:52:56,788 [INFO] CodeEngine:287 - Generated code: C:\Users\hamdo\Desktop\E_SYSTEMS\STM-CUBE-IDE\STM32407G_MotorControllerChallenge\USB_HOST\Target\usbh_platform.h
2025-05-20 09:52:56,811 [ERROR] LogOutputStream:75 - [STDERR_REDIRECT] [Fatal Error] :1:1: Premature end of file.
2025-05-20 09:52:56,811 [ERROR] LogOutputStream:75 - [STDERR_REDIRECT] 
2025-05-20 09:52:56,812 [INFO] CodeEngine:263 - oldGeneratedFile, C:\Users\hamdo\Desktop\E_SYSTEMS\STM-CUBE-IDE\STM32407G_MotorControllerChallenge\Core\Src\stm32f4xx_it.c_save
2025-05-20 09:52:56,996 [INFO] CodeEngine:287 - Generated code: C:\Users\hamdo\Desktop\E_SYSTEMS\STM-CUBE-IDE\STM32407G_MotorControllerChallenge\Core\Src\stm32f4xx_it.c
2025-05-20 09:52:57,012 [INFO] CodeEngine:263 - oldGeneratedFile, C:\Users\hamdo\Desktop\E_SYSTEMS\STM-CUBE-IDE\STM32407G_MotorControllerChallenge\Core\Inc\stm32f4xx_it.h_save
2025-05-20 09:52:57,143 [INFO] CodeEngine:287 - Generated code: C:\Users\hamdo\Desktop\E_SYSTEMS\STM-CUBE-IDE\STM32407G_MotorControllerChallenge\Core\Inc\stm32f4xx_it.h
2025-05-20 09:52:57,167 [INFO] CodeEngine:263 - oldGeneratedFile, C:\Users\hamdo\Desktop\E_SYSTEMS\STM-CUBE-IDE\STM32407G_MotorControllerChallenge\Core\Src\stm32f4xx_hal_msp.c_save
2025-05-20 09:52:57,361 [INFO] CodeEngine:287 - Generated code: C:\Users\hamdo\Desktop\E_SYSTEMS\STM-CUBE-IDE\STM32407G_MotorControllerChallenge\Core\Src\stm32f4xx_hal_msp.c
2025-05-20 09:52:57,368 [INFO] CodeEngine:263 - oldGeneratedFile, C:\Users\hamdo\Desktop\E_SYSTEMS\STM-CUBE-IDE\STM32407G_MotorControllerChallenge\MXTmpFiles\system.tmp_save
2025-05-20 09:52:57,444 [INFO] CodeEngine:287 - Generated code: C:\Users\hamdo\Desktop\E_SYSTEMS\STM-CUBE-IDE\STM32407G_MotorControllerChallenge\MXTmpFiles\system.tmp
2025-05-20 09:52:57,462 [INFO] CodeEngine:319 - oldGeneratedFile, C:\Users\hamdo\Desktop\E_SYSTEMS\STM-CUBE-IDE\STM32407G_MotorControllerChallenge\Core\Inc\stm32f4xx_hal_conf.h_save
2025-05-20 09:52:57,546 [INFO] CodeEngine:343 - Generated code: C:\Users\hamdo\Desktop\E_SYSTEMS\STM-CUBE-IDE\STM32407G_MotorControllerChallenge\Core\Inc\stm32f4xx_hal_conf.h
2025-05-20 09:52:57,588 [INFO] ApiDbMcu:508 - Load IP Config File for I2C1
2025-05-20 09:52:57,591 [INFO] ApiDbMcu:508 - Load IP Config File for I2S3
2025-05-20 09:52:57,595 [INFO] ApiDbMcu:508 - Load IP Config File for SPI1
2025-05-20 09:52:57,599 [INFO] ApiDbMcu:508 - Load IP Config File for RCC
2025-05-20 09:52:57,614 [INFO] CodeEngine:263 - oldGeneratedFile, C:\Users\hamdo\Desktop\E_SYSTEMS\STM-CUBE-IDE\STM32407G_MotorControllerChallenge\Core\Inc\main.h_save
2025-05-20 09:52:57,726 [INFO] CodeEngine:287 - Generated code: C:\Users\hamdo\Desktop\E_SYSTEMS\STM-CUBE-IDE\STM32407G_MotorControllerChallenge\Core\Inc\main.h
2025-05-20 09:52:57,733 [INFO] CodeEngine:263 - oldGeneratedFile, C:\Users\hamdo\Desktop\E_SYSTEMS\STM-CUBE-IDE\STM32407G_MotorControllerChallenge\Core\Src\main.c_save
2025-05-20 09:52:57,847 [ERROR] LogOutputStream:75 - [STDERR_REDIRECT] [Fatal Error] :1:1: Premature end of file.
2025-05-20 09:52:57,848 [ERROR] LogOutputStream:75 - [STDERR_REDIRECT] 
2025-05-20 09:52:57,899 [INFO] CodeEngine:287 - Generated code: C:\Users\hamdo\Desktop\E_SYSTEMS\STM-CUBE-IDE\STM32407G_MotorControllerChallenge\Core\Src\main.c
2025-05-20 09:52:58,495 [INFO] ProjectBuilder:3324 - Time for Copy HAL[1] : 382mS.
2025-05-20 09:52:58,518 [INFO] ProjectBuilder:4912 - Project Generator version: 4.6.0.1-B1
2025-05-20 09:52:58,663 [INFO] ConfigFileManager:1590 - The Die is : DIE413
2025-05-20 09:52:58,669 [INFO] ApiDbMcu:508 - Load IP Config File for FATFS
2025-05-20 09:52:58,678 [INFO] ApiDbMcu:508 - Load IP Config File for FREERTOS
2025-05-20 09:52:58,683 [INFO] ApiDbMcu:508 - Load IP Config File for LIBJPEG
2025-05-20 09:52:58,693 [INFO] ApiDbMcu:508 - Load IP Config File for LWIP
2025-05-20 09:52:58,701 [INFO] ApiDbMcu:508 - Load IP Config File for MBEDTLS
2025-05-20 09:52:58,713 [INFO] ApiDbMcu:508 - Load IP Config File for USB_DEVICE
2025-05-20 09:52:58,798 [ERROR] LogOutputStream:75 - [STDERR_REDIRECT] [Fatal Error] :1:1: Premature end of file.
2025-05-20 09:52:58,799 [ERROR] LogOutputStream:75 - [STDERR_REDIRECT] 
2025-05-20 09:52:59,227 [INFO] LogOutputStream:77 - [STDOUT_REDIRECT] 
2025-05-20 09:52:59,471 [INFO] WebApp:194 - Connection lost
2025-05-20 09:52:59,598 [INFO] WebApp:191 - Connection restablished
2025-05-20 09:52:59,810 [ERROR] LogOutputStream:75 - [STDERR_REDIRECT] [Fatal Error] :1:1: Premature end of file.
2025-05-20 09:52:59,812 [ERROR] LogOutputStream:75 - [STDERR_REDIRECT] 
2025-05-20 09:53:00,789 [ERROR] LogOutputStream:75 - [STDERR_REDIRECT] [Fatal Error] :1:1: Premature end of file.
2025-05-20 09:53:00,790 [ERROR] LogOutputStream:75 - [STDERR_REDIRECT] 
2025-05-20 09:53:01,777 [ERROR] LogOutputStream:75 - [STDERR_REDIRECT] [Fatal Error] :1:1: Premature end of file.
2025-05-20 09:53:01,777 [ERROR] LogOutputStream:75 - [STDERR_REDIRECT] 
2025-05-20 09:53:02,842 [ERROR] LogOutputStream:75 - [STDERR_REDIRECT] [Fatal Error] :1:1: Premature end of file.
2025-05-20 09:53:02,843 [ERROR] LogOutputStream:75 - [STDERR_REDIRECT] 
2025-05-20 09:53:02,868 [INFO] ProjectBuilder:5191 - Time for Generating toolchain IDE Files: 4350mS.
2025-05-20 09:53:02,870 [INFO] ProjectBuilder:3181 - Time for Copy CMSIS : 2mS.
2025-05-20 09:53:02,879 [INFO] ProjectBuilder:3181 - Time for Copy CMSIS : 0mS.
2025-05-20 09:53:03,797 [ERROR] LogOutputStream:75 - [STDERR_REDIRECT] [Fatal Error] :1:1: Premature end of file.
2025-05-20 09:53:03,798 [ERROR] LogOutputStream:75 - [STDERR_REDIRECT] 
2025-05-20 09:53:03,821 [INFO] McuFinderGlobals:76 - Set McuFinderConnectedMode to true
2025-05-20 09:53:03,826 [INFO] ApiDb:448 - Save user favorites file C:\Users\hamdo/.stm32cubeide/favorites.mcus.txt: 1 item(s)
2025-05-20 09:53:03,826 [INFO] ApiDb:452 - User favorites MCUs=[STM32F103RCT6]
2025-05-20 09:53:04,781 [ERROR] LogOutputStream:75 - [STDERR_REDIRECT] [Fatal Error] :1:1: Premature end of file.
2025-05-20 09:53:04,782 [ERROR] LogOutputStream:75 - [STDERR_REDIRECT] 
2025-05-20 09:53:05,795 [ERROR] LogOutputStream:75 - [STDERR_REDIRECT] [Fatal Error] :1:1: Premature end of file.
2025-05-20 09:53:05,795 [ERROR] LogOutputStream:75 - [STDERR_REDIRECT] 
2025-05-20 09:53:06,788 [ERROR] LogOutputStream:75 - [STDERR_REDIRECT] [Fatal Error] :1:1: Premature end of file.
2025-05-20 09:53:06,788 [ERROR] LogOutputStream:75 - [STDERR_REDIRECT] 
2025-05-20 09:53:07,768 [ERROR] LogOutputStream:75 - [STDERR_REDIRECT] [Fatal Error] :1:1: Premature end of file.
2025-05-20 09:53:07,768 [ERROR] LogOutputStream:75 - [STDERR_REDIRECT] 
2025-05-20 09:53:08,768 [ERROR] LogOutputStream:75 - [STDERR_REDIRECT] [Fatal Error] :1:1: Premature end of file.
2025-05-20 09:53:08,768 [ERROR] LogOutputStream:75 - [STDERR_REDIRECT] 
2025-05-20 09:53:09,773 [ERROR] LogOutputStream:75 - [STDERR_REDIRECT] [Fatal Error] :1:1: Premature end of file.
2025-05-20 09:53:09,773 [ERROR] LogOutputStream:75 - [STDERR_REDIRECT] 
2025-05-20 09:53:10,781 [ERROR] LogOutputStream:75 - [STDERR_REDIRECT] [Fatal Error] :1:1: Premature end of file.
2025-05-20 09:53:10,781 [ERROR] LogOutputStream:75 - [STDERR_REDIRECT] 
2025-05-20 09:53:11,777 [ERROR] LogOutputStream:75 - [STDERR_REDIRECT] [Fatal Error] :1:1: Premature end of file.
2025-05-20 09:53:11,778 [ERROR] LogOutputStream:75 - [STDERR_REDIRECT] 
2025-05-20 09:53:12,779 [ERROR] LogOutputStream:75 - [STDERR_REDIRECT] [Fatal Error] :1:1: Premature end of file.
2025-05-20 09:53:12,779 [ERROR] LogOutputStream:75 - [STDERR_REDIRECT] 
2025-05-20 09:53:13,764 [ERROR] LogOutputStream:75 - [STDERR_REDIRECT] [Fatal Error] :1:1: Premature end of file.
2025-05-20 09:53:13,764 [ERROR] LogOutputStream:75 - [STDERR_REDIRECT] 
2025-05-20 09:53:14,770 [ERROR] LogOutputStream:75 - [STDERR_REDIRECT] [Fatal Error] :1:1: Premature end of file.
2025-05-20 09:53:14,770 [ERROR] LogOutputStream:75 - [STDERR_REDIRECT] 
2025-05-20 09:53:15,766 [ERROR] LogOutputStream:75 - [STDERR_REDIRECT] [Fatal Error] :1:1: Premature end of file.
2025-05-20 09:53:15,767 [ERROR] LogOutputStream:75 - [STDERR_REDIRECT] 
2025-05-20 09:53:16,763 [ERROR] LogOutputStream:75 - [STDERR_REDIRECT] [Fatal Error] :1:1: Premature end of file.
2025-05-20 09:53:16,763 [ERROR] LogOutputStream:75 - [STDERR_REDIRECT] 
2025-05-20 09:53:17,768 [ERROR] LogOutputStream:75 - [STDERR_REDIRECT] [Fatal Error] :1:1: Premature end of file.
2025-05-20 09:53:17,768 [ERROR] LogOutputStream:75 - [STDERR_REDIRECT] 
2025-05-20 09:53:18,774 [ERROR] LogOutputStream:75 - [STDERR_REDIRECT] [Fatal Error] :1:1: Premature end of file.
2025-05-20 09:53:18,774 [ERROR] LogOutputStream:75 - [STDERR_REDIRECT] 
2025-05-20 09:53:19,771 [ERROR] LogOutputStream:75 - [STDERR_REDIRECT] [Fatal Error] :1:1: Premature end of file.
2025-05-20 09:53:19,771 [ERROR] LogOutputStream:75 - [STDERR_REDIRECT] 
2025-05-20 09:53:20,775 [ERROR] LogOutputStream:75 - [STDERR_REDIRECT] [Fatal Error] :1:1: Premature end of file.
2025-05-20 09:53:20,776 [ERROR] LogOutputStream:75 - [STDERR_REDIRECT] 
2025-05-20 09:53:21,764 [ERROR] LogOutputStream:75 - [STDERR_REDIRECT] [Fatal Error] :1:1: Premature end of file.
2025-05-20 09:53:21,764 [ERROR] LogOutputStream:75 - [STDERR_REDIRECT] 
2025-05-20 09:53:22,775 [ERROR] LogOutputStream:75 - [STDERR_REDIRECT] [Fatal Error] :1:1: Premature end of file.
2025-05-20 09:53:22,775 [ERROR] LogOutputStream:75 - [STDERR_REDIRECT] 
2025-05-20 09:53:23,774 [ERROR] LogOutputStream:75 - [STDERR_REDIRECT] [Fatal Error] :1:1: Premature end of file.
2025-05-20 09:53:23,774 [ERROR] LogOutputStream:75 - [STDERR_REDIRECT] 
2025-05-20 09:53:24,778 [ERROR] LogOutputStream:75 - [STDERR_REDIRECT] [Fatal Error] :1:1: Premature end of file.
2025-05-20 09:53:24,778 [ERROR] LogOutputStream:75 - [STDERR_REDIRECT] 
2025-05-20 09:53:25,773 [ERROR] LogOutputStream:75 - [STDERR_REDIRECT] [Fatal Error] :1:1: Premature end of file.
2025-05-20 09:53:25,773 [ERROR] LogOutputStream:75 - [STDERR_REDIRECT] 
2025-05-20 09:53:26,779 [ERROR] LogOutputStream:75 - [STDERR_REDIRECT] [Fatal Error] :1:1: Premature end of file.
2025-05-20 09:53:26,779 [ERROR] LogOutputStream:75 - [STDERR_REDIRECT] 
2025-05-20 09:53:27,775 [ERROR] LogOutputStream:75 - [STDERR_REDIRECT] [Fatal Error] :1:1: Premature end of file.
2025-05-20 09:53:27,775 [ERROR] LogOutputStream:75 - [STDERR_REDIRECT] 
2025-05-20 09:53:28,770 [ERROR] LogOutputStream:75 - [STDERR_REDIRECT] [Fatal Error] :1:1: Premature end of file.
2025-05-20 09:53:28,770 [ERROR] LogOutputStream:75 - [STDERR_REDIRECT] 
2025-05-20 09:53:29,782 [ERROR] LogOutputStream:75 - [STDERR_REDIRECT] [Fatal Error] :1:1: Premature end of file.
2025-05-20 09:53:29,782 [ERROR] LogOutputStream:75 - [STDERR_REDIRECT] 
2025-05-20 09:53:30,774 [ERROR] LogOutputStream:75 - [STDERR_REDIRECT] [Fatal Error] :1:1: Premature end of file.
2025-05-20 09:53:30,774 [ERROR] LogOutputStream:75 - [STDERR_REDIRECT] 
2025-05-20 09:53:31,771 [ERROR] LogOutputStream:75 - [STDERR_REDIRECT] [Fatal Error] :1:1: Premature end of file.
2025-05-20 09:53:31,771 [ERROR] LogOutputStream:75 - [STDERR_REDIRECT] 
2025-05-20 09:53:32,765 [ERROR] LogOutputStream:75 - [STDERR_REDIRECT] [Fatal Error] :1:1: Premature end of file.
2025-05-20 09:53:32,765 [ERROR] LogOutputStream:75 - [STDERR_REDIRECT] 
2025-05-20 09:53:33,770 [ERROR] LogOutputStream:75 - [STDERR_REDIRECT] [Fatal Error] :1:1: Premature end of file.
2025-05-20 09:53:33,770 [ERROR] LogOutputStream:75 - [STDERR_REDIRECT] 
2025-05-20 09:53:34,772 [ERROR] LogOutputStream:75 - [STDERR_REDIRECT] [Fatal Error] :1:1: Premature end of file.
2025-05-20 09:53:34,772 [ERROR] LogOutputStream:75 - [STDERR_REDIRECT] 
2025-05-20 09:53:35,775 [ERROR] LogOutputStream:75 - [STDERR_REDIRECT] [Fatal Error] :1:1: Premature end of file.
2025-05-20 09:53:35,775 [ERROR] LogOutputStream:75 - [STDERR_REDIRECT] 
2025-05-20 09:53:36,775 [ERROR] LogOutputStream:75 - [STDERR_REDIRECT] [Fatal Error] :1:1: Premature end of file.
2025-05-20 09:53:36,775 [ERROR] LogOutputStream:75 - [STDERR_REDIRECT] 
2025-05-20 09:53:37,771 [ERROR] LogOutputStream:75 - [STDERR_REDIRECT] [Fatal Error] :1:1: Premature end of file.
2025-05-20 09:53:37,771 [ERROR] LogOutputStream:75 - [STDERR_REDIRECT] 
2025-05-20 09:53:38,771 [ERROR] LogOutputStream:75 - [STDERR_REDIRECT] [Fatal Error] :1:1: Premature end of file.
2025-05-20 09:53:38,771 [ERROR] LogOutputStream:75 - [STDERR_REDIRECT] 
2025-05-20 09:53:39,783 [ERROR] LogOutputStream:75 - [STDERR_REDIRECT] [Fatal Error] :1:1: Premature end of file.
2025-05-20 09:53:39,783 [ERROR] LogOutputStream:75 - [STDERR_REDIRECT] 
2025-05-20 09:53:40,401 [INFO] WebApp:194 - Connection lost
2025-05-20 09:53:40,576 [INFO] WebApp:191 - Connection restablished
2025-05-20 09:53:40,777 [ERROR] LogOutputStream:75 - [STDERR_REDIRECT] [Fatal Error] :1:1: Premature end of file.
2025-05-20 09:53:40,777 [ERROR] LogOutputStream:75 - [STDERR_REDIRECT] 
2025-05-20 09:53:41,775 [ERROR] LogOutputStream:75 - [STDERR_REDIRECT] [Fatal Error] :1:1: Premature end of file.
2025-05-20 09:53:41,775 [ERROR] LogOutputStream:75 - [STDERR_REDIRECT] 
2025-05-20 09:53:42,770 [ERROR] LogOutputStream:75 - [STDERR_REDIRECT] [Fatal Error] :1:1: Premature end of file.
2025-05-20 09:53:42,770 [ERROR] LogOutputStream:75 - [STDERR_REDIRECT] 
2025-05-20 09:53:43,785 [ERROR] LogOutputStream:75 - [STDERR_REDIRECT] [Fatal Error] :1:1: Premature end of file.
2025-05-20 09:53:43,785 [ERROR] LogOutputStream:75 - [STDERR_REDIRECT] 
2025-05-20 09:53:44,624 [WARN] BspModel:444 - BSP dependency skipped because of component: name='IOExpander', api='Unknown'
2025-05-20 09:53:44,775 [ERROR] LogOutputStream:75 - [STDERR_REDIRECT] [Fatal Error] :1:1: Premature end of file.
2025-05-20 09:53:44,776 [ERROR] LogOutputStream:75 - [STDERR_REDIRECT] 
2025-05-20 09:53:45,762 [ERROR] LogOutputStream:75 - [STDERR_REDIRECT] [Fatal Error] :1:1: Premature end of file.
2025-05-20 09:53:45,762 [ERROR] LogOutputStream:75 - [STDERR_REDIRECT] 
2025-05-20 09:53:46,774 [ERROR] LogOutputStream:75 - [STDERR_REDIRECT] [Fatal Error] :1:1: Premature end of file.
2025-05-20 09:53:46,774 [ERROR] LogOutputStream:75 - [STDERR_REDIRECT] 
2025-05-20 09:53:47,774 [ERROR] LogOutputStream:75 - [STDERR_REDIRECT] [Fatal Error] :1:1: Premature end of file.
2025-05-20 09:53:47,775 [ERROR] LogOutputStream:75 - [STDERR_REDIRECT] 
2025-05-20 09:53:48,769 [ERROR] LogOutputStream:75 - [STDERR_REDIRECT] [Fatal Error] :1:1: Premature end of file.
2025-05-20 09:53:48,769 [ERROR] LogOutputStream:75 - [STDERR_REDIRECT] 
2025-05-20 09:53:49,768 [ERROR] LogOutputStream:75 - [STDERR_REDIRECT] [Fatal Error] :1:1: Premature end of file.
2025-05-20 09:53:49,769 [ERROR] LogOutputStream:75 - [STDERR_REDIRECT] 
2025-05-20 09:53:50,768 [ERROR] LogOutputStream:75 - [STDERR_REDIRECT] [Fatal Error] :1:1: Premature end of file.
2025-05-20 09:53:50,768 [ERROR] LogOutputStream:75 - [STDERR_REDIRECT] 
2025-05-20 09:53:51,767 [ERROR] LogOutputStream:75 - [STDERR_REDIRECT] [Fatal Error] :1:1: Premature end of file.
2025-05-20 09:53:51,767 [ERROR] LogOutputStream:75 - [STDERR_REDIRECT] 
2025-05-20 09:53:52,765 [ERROR] LogOutputStream:75 - [STDERR_REDIRECT] [Fatal Error] :1:1: Premature end of file.
2025-05-20 09:53:52,765 [ERROR] LogOutputStream:75 - [STDERR_REDIRECT] 
2025-05-20 09:53:53,761 [ERROR] LogOutputStream:75 - [STDERR_REDIRECT] [Fatal Error] :1:1: Premature end of file.
2025-05-20 09:53:53,761 [ERROR] LogOutputStream:75 - [STDERR_REDIRECT] 
2025-05-20 09:53:54,768 [ERROR] LogOutputStream:75 - [STDERR_REDIRECT] [Fatal Error] :1:1: Premature end of file.
2025-05-20 09:53:54,768 [ERROR] LogOutputStream:75 - [STDERR_REDIRECT] 
2025-05-20 09:53:55,768 [ERROR] LogOutputStream:75 - [STDERR_REDIRECT] [Fatal Error] :1:1: Premature end of file.
2025-05-20 09:53:55,768 [ERROR] LogOutputStream:75 - [STDERR_REDIRECT] 
2025-05-20 09:53:56,765 [ERROR] LogOutputStream:75 - [STDERR_REDIRECT] [Fatal Error] :1:1: Premature end of file.
2025-05-20 09:53:56,766 [ERROR] LogOutputStream:75 - [STDERR_REDIRECT] 
2025-05-20 09:53:57,767 [ERROR] LogOutputStream:75 - [STDERR_REDIRECT] [Fatal Error] :1:1: Premature end of file.
2025-05-20 09:53:57,767 [ERROR] LogOutputStream:75 - [STDERR_REDIRECT] 
2025-05-20 09:53:58,766 [ERROR] LogOutputStream:75 - [STDERR_REDIRECT] [Fatal Error] :1:1: Premature end of file.
2025-05-20 09:53:58,767 [ERROR] LogOutputStream:75 - [STDERR_REDIRECT] 
2025-05-20 09:53:59,767 [ERROR] LogOutputStream:75 - [STDERR_REDIRECT] [Fatal Error] :1:1: Premature end of file.
2025-05-20 09:53:59,767 [ERROR] LogOutputStream:75 - [STDERR_REDIRECT] 
2025-05-20 09:54:00,767 [ERROR] LogOutputStream:75 - [STDERR_REDIRECT] [Fatal Error] :1:1: Premature end of file.
2025-05-20 09:54:00,767 [ERROR] LogOutputStream:75 - [STDERR_REDIRECT] 
2025-05-20 09:54:01,774 [ERROR] LogOutputStream:75 - [STDERR_REDIRECT] [Fatal Error] :1:1: Premature end of file.
2025-05-20 09:54:01,774 [ERROR] LogOutputStream:75 - [STDERR_REDIRECT] 
2025-05-20 09:54:02,763 [ERROR] LogOutputStream:75 - [STDERR_REDIRECT] [Fatal Error] :1:1: Premature end of file.
2025-05-20 09:54:02,764 [ERROR] LogOutputStream:75 - [STDERR_REDIRECT] 
2025-05-20 09:54:03,771 [ERROR] LogOutputStream:75 - [STDERR_REDIRECT] [Fatal Error] :1:1: Premature end of file.
2025-05-20 09:54:03,771 [ERROR] LogOutputStream:75 - [STDERR_REDIRECT] 
2025-05-20 09:54:04,777 [ERROR] LogOutputStream:75 - [STDERR_REDIRECT] [Fatal Error] :1:1: Premature end of file.
2025-05-20 09:54:04,777 [ERROR] LogOutputStream:75 - [STDERR_REDIRECT] 
2025-05-20 09:54:05,769 [ERROR] LogOutputStream:75 - [STDERR_REDIRECT] [Fatal Error] :1:1: Premature end of file.
2025-05-20 09:54:05,769 [ERROR] LogOutputStream:75 - [STDERR_REDIRECT] 
2025-05-20 09:54:06,767 [ERROR] LogOutputStream:75 - [STDERR_REDIRECT] [Fatal Error] :1:1: Premature end of file.
2025-05-20 09:54:06,767 [ERROR] LogOutputStream:75 - [STDERR_REDIRECT] 
2025-05-20 09:54:07,768 [ERROR] LogOutputStream:75 - [STDERR_REDIRECT] [Fatal Error] :1:1: Premature end of file.
2025-05-20 09:54:07,768 [ERROR] LogOutputStream:75 - [STDERR_REDIRECT] 
2025-05-20 09:54:08,770 [ERROR] LogOutputStream:75 - [STDERR_REDIRECT] [Fatal Error] :1:1: Premature end of file.
2025-05-20 09:54:08,770 [ERROR] LogOutputStream:75 - [STDERR_REDIRECT] 
2025-05-20 09:54:09,765 [ERROR] LogOutputStream:75 - [STDERR_REDIRECT] [Fatal Error] :1:1: Premature end of file.
2025-05-20 09:54:09,766 [ERROR] LogOutputStream:75 - [STDERR_REDIRECT] 
2025-05-20 09:54:10,767 [ERROR] LogOutputStream:75 - [STDERR_REDIRECT] [Fatal Error] :1:1: Premature end of file.
2025-05-20 09:54:10,767 [ERROR] LogOutputStream:75 - [STDERR_REDIRECT] 
2025-05-20 09:54:11,768 [ERROR] LogOutputStream:75 - [STDERR_REDIRECT] [Fatal Error] :1:1: Premature end of file.
2025-05-20 09:54:11,768 [ERROR] LogOutputStream:75 - [STDERR_REDIRECT] 
2025-05-20 09:54:12,763 [ERROR] LogOutputStream:75 - [STDERR_REDIRECT] [Fatal Error] :1:1: Premature end of file.
2025-05-20 09:54:12,763 [ERROR] LogOutputStream:75 - [STDERR_REDIRECT] 
2025-05-20 09:54:13,762 [ERROR] LogOutputStream:75 - [STDERR_REDIRECT] [Fatal Error] :1:1: Premature end of file.
2025-05-20 09:54:13,762 [ERROR] LogOutputStream:75 - [STDERR_REDIRECT] 
2025-05-20 09:54:14,764 [ERROR] LogOutputStream:75 - [STDERR_REDIRECT] [Fatal Error] :1:1: Premature end of file.
2025-05-20 09:54:14,765 [ERROR] LogOutputStream:75 - [STDERR_REDIRECT] 
2025-05-20 09:54:15,766 [ERROR] LogOutputStream:75 - [STDERR_REDIRECT] [Fatal Error] :1:1: Premature end of file.
2025-05-20 09:54:15,766 [ERROR] LogOutputStream:75 - [STDERR_REDIRECT] 
2025-05-20 09:54:16,780 [ERROR] LogOutputStream:75 - [STDERR_REDIRECT] [Fatal Error] :1:1: Premature end of file.
2025-05-20 09:54:16,780 [ERROR] LogOutputStream:75 - [STDERR_REDIRECT] 
2025-05-20 09:54:17,772 [ERROR] LogOutputStream:75 - [STDERR_REDIRECT] [Fatal Error] :1:1: Premature end of file.
2025-05-20 09:54:17,772 [ERROR] LogOutputStream:75 - [STDERR_REDIRECT] 
2025-05-20 09:54:18,767 [ERROR] LogOutputStream:75 - [STDERR_REDIRECT] [Fatal Error] :1:1: Premature end of file.
2025-05-20 09:54:18,767 [ERROR] LogOutputStream:75 - [STDERR_REDIRECT] 
2025-05-20 09:54:19,775 [ERROR] LogOutputStream:75 - [STDERR_REDIRECT] [Fatal Error] :1:1: Premature end of file.
2025-05-20 09:54:19,775 [ERROR] LogOutputStream:75 - [STDERR_REDIRECT] 
2025-05-20 09:54:20,767 [ERROR] LogOutputStream:75 - [STDERR_REDIRECT] [Fatal Error] :1:1: Premature end of file.
2025-05-20 09:54:20,767 [ERROR] LogOutputStream:75 - [STDERR_REDIRECT] 
2025-05-20 09:54:21,775 [ERROR] LogOutputStream:75 - [STDERR_REDIRECT] [Fatal Error] :1:1: Premature end of file.
2025-05-20 09:54:21,775 [ERROR] LogOutputStream:75 - [STDERR_REDIRECT] 
2025-05-20 09:54:22,769 [ERROR] LogOutputStream:75 - [STDERR_REDIRECT] [Fatal Error] :1:1: Premature end of file.
2025-05-20 09:54:22,769 [ERROR] LogOutputStream:75 - [STDERR_REDIRECT] 
2025-05-20 09:54:23,775 [ERROR] LogOutputStream:75 - [STDERR_REDIRECT] [Fatal Error] :1:1: Premature end of file.
2025-05-20 09:54:23,775 [ERROR] LogOutputStream:75 - [STDERR_REDIRECT] 
2025-05-20 09:54:24,789 [ERROR] LogOutputStream:75 - [STDERR_REDIRECT] [Fatal Error] :1:1: Premature end of file.
2025-05-20 09:54:24,789 [ERROR] LogOutputStream:75 - [STDERR_REDIRECT] 
2025-05-20 09:54:25,764 [ERROR] LogOutputStream:75 - [STDERR_REDIRECT] [Fatal Error] :1:1: Premature end of file.
2025-05-20 09:54:25,764 [ERROR] LogOutputStream:75 - [STDERR_REDIRECT] 
2025-05-20 09:54:26,765 [ERROR] LogOutputStream:75 - [STDERR_REDIRECT] [Fatal Error] :1:1: Premature end of file.
2025-05-20 09:54:26,765 [ERROR] LogOutputStream:75 - [STDERR_REDIRECT] 
2025-05-20 09:54:27,770 [ERROR] LogOutputStream:75 - [STDERR_REDIRECT] [Fatal Error] :1:1: Premature end of file.
2025-05-20 09:54:27,770 [ERROR] LogOutputStream:75 - [STDERR_REDIRECT] 
2025-05-20 09:54:28,769 [ERROR] LogOutputStream:75 - [STDERR_REDIRECT] [Fatal Error] :1:1: Premature end of file.
2025-05-20 09:54:28,769 [ERROR] LogOutputStream:75 - [STDERR_REDIRECT] 
2025-05-20 09:54:29,770 [ERROR] LogOutputStream:75 - [STDERR_REDIRECT] [Fatal Error] :1:1: Premature end of file.
2025-05-20 09:54:29,770 [ERROR] LogOutputStream:75 - [STDERR_REDIRECT] 
2025-05-20 09:54:30,770 [ERROR] LogOutputStream:75 - [STDERR_REDIRECT] [Fatal Error] :1:1: Premature end of file.
2025-05-20 09:54:30,771 [ERROR] LogOutputStream:75 - [STDERR_REDIRECT] 
2025-05-20 09:54:31,778 [ERROR] LogOutputStream:75 - [STDERR_REDIRECT] [Fatal Error] :1:1: Premature end of file.
2025-05-20 09:54:31,779 [ERROR] LogOutputStream:75 - [STDERR_REDIRECT] 
2025-05-20 09:54:32,775 [ERROR] LogOutputStream:75 - [STDERR_REDIRECT] [Fatal Error] :1:1: Premature end of file.
2025-05-20 09:54:32,775 [ERROR] LogOutputStream:75 - [STDERR_REDIRECT] 
2025-05-20 09:54:33,770 [ERROR] LogOutputStream:75 - [STDERR_REDIRECT] [Fatal Error] :1:1: Premature end of file.
2025-05-20 09:54:33,770 [ERROR] LogOutputStream:75 - [STDERR_REDIRECT] 
2025-05-20 09:54:34,786 [ERROR] LogOutputStream:75 - [STDERR_REDIRECT] [Fatal Error] :1:1: Premature end of file.
2025-05-20 09:54:34,787 [ERROR] LogOutputStream:75 - [STDERR_REDIRECT] 
2025-05-20 09:54:35,777 [ERROR] LogOutputStream:75 - [STDERR_REDIRECT] [Fatal Error] :1:1: Premature end of file.
2025-05-20 09:54:35,777 [ERROR] LogOutputStream:75 - [STDERR_REDIRECT] 
2025-05-20 09:54:36,774 [ERROR] LogOutputStream:75 - [STDERR_REDIRECT] [Fatal Error] :1:1: Premature end of file.
2025-05-20 09:54:36,775 [ERROR] LogOutputStream:75 - [STDERR_REDIRECT] 
2025-05-20 09:54:37,773 [ERROR] LogOutputStream:75 - [STDERR_REDIRECT] [Fatal Error] :1:1: Premature end of file.
2025-05-20 09:54:37,773 [ERROR] LogOutputStream:75 - [STDERR_REDIRECT] 
2025-05-20 09:54:38,782 [ERROR] LogOutputStream:75 - [STDERR_REDIRECT] [Fatal Error] :1:1: Premature end of file.
2025-05-20 09:54:38,782 [ERROR] LogOutputStream:75 - [STDERR_REDIRECT] 
2025-05-20 09:54:39,784 [ERROR] LogOutputStream:75 - [STDERR_REDIRECT] [Fatal Error] :1:1: Premature end of file.
2025-05-20 09:54:39,785 [ERROR] LogOutputStream:75 - [STDERR_REDIRECT] 
2025-05-20 09:54:40,767 [ERROR] LogOutputStream:75 - [STDERR_REDIRECT] [Fatal Error] :1:1: Premature end of file.
2025-05-20 09:54:40,767 [ERROR] LogOutputStream:75 - [STDERR_REDIRECT] 
2025-05-20 09:54:41,776 [ERROR] LogOutputStream:75 - [STDERR_REDIRECT] [Fatal Error] :1:1: Premature end of file.
2025-05-20 09:54:41,776 [ERROR] LogOutputStream:75 - [STDERR_REDIRECT] 
2025-05-20 09:54:41,907 [INFO] WebApp:194 - Connection lost
2025-05-20 09:54:42,093 [INFO] WebApp:191 - Connection restablished
2025-05-20 09:54:42,776 [ERROR] LogOutputStream:75 - [STDERR_REDIRECT] [Fatal Error] :1:1: Premature end of file.
2025-05-20 09:54:42,776 [ERROR] LogOutputStream:75 - [STDERR_REDIRECT] 
2025-05-20 09:54:43,783 [ERROR] LogOutputStream:75 - [STDERR_REDIRECT] [Fatal Error] :1:1: Premature end of file.
2025-05-20 09:54:43,784 [ERROR] LogOutputStream:75 - [STDERR_REDIRECT] 
2025-05-20 09:54:44,794 [ERROR] LogOutputStream:75 - [STDERR_REDIRECT] [Fatal Error] :1:1: Premature end of file.
2025-05-20 09:54:44,794 [ERROR] LogOutputStream:75 - [STDERR_REDIRECT] 
2025-05-20 09:54:45,810 [ERROR] LogOutputStream:75 - [STDERR_REDIRECT] [Fatal Error] :1:1: Premature end of file.
2025-05-20 09:54:45,811 [ERROR] LogOutputStream:75 - [STDERR_REDIRECT] 
2025-05-20 09:54:46,773 [ERROR] LogOutputStream:75 - [STDERR_REDIRECT] [Fatal Error] :1:1: Premature end of file.
2025-05-20 09:54:46,773 [ERROR] LogOutputStream:75 - [STDERR_REDIRECT] 
2025-05-20 09:54:47,774 [ERROR] LogOutputStream:75 - [STDERR_REDIRECT] [Fatal Error] :1:1: Premature end of file.
2025-05-20 09:54:47,774 [ERROR] LogOutputStream:75 - [STDERR_REDIRECT] 
2025-05-20 09:54:48,770 [ERROR] LogOutputStream:75 - [STDERR_REDIRECT] [Fatal Error] :1:1: Premature end of file.
2025-05-20 09:54:48,771 [ERROR] LogOutputStream:75 - [STDERR_REDIRECT] 
2025-05-20 09:54:49,786 [ERROR] LogOutputStream:75 - [STDERR_REDIRECT] [Fatal Error] :1:1: Premature end of file.
2025-05-20 09:54:49,786 [ERROR] LogOutputStream:75 - [STDERR_REDIRECT] 
2025-05-20 09:54:50,800 [ERROR] LogOutputStream:75 - [STDERR_REDIRECT] [Fatal Error] :1:1: Premature end of file.
2025-05-20 09:54:50,800 [ERROR] LogOutputStream:75 - [STDERR_REDIRECT] 
2025-05-20 09:54:51,796 [ERROR] LogOutputStream:75 - [STDERR_REDIRECT] [Fatal Error] :1:1: Premature end of file.
2025-05-20 09:54:51,797 [ERROR] LogOutputStream:75 - [STDERR_REDIRECT] 
2025-05-20 09:54:52,801 [ERROR] LogOutputStream:75 - [STDERR_REDIRECT] [Fatal Error] :1:1: Premature end of file.
2025-05-20 09:54:52,801 [ERROR] LogOutputStream:75 - [STDERR_REDIRECT] 
2025-05-20 09:54:53,811 [ERROR] LogOutputStream:75 - [STDERR_REDIRECT] [Fatal Error] :1:1: Premature end of file.
2025-05-20 09:54:53,811 [ERROR] LogOutputStream:75 - [STDERR_REDIRECT] 
2025-05-20 09:54:54,775 [ERROR] LogOutputStream:75 - [STDERR_REDIRECT] [Fatal Error] :1:1: Premature end of file.
2025-05-20 09:54:54,775 [ERROR] LogOutputStream:75 - [STDERR_REDIRECT] 
2025-05-20 09:54:55,780 [ERROR] LogOutputStream:75 - [STDERR_REDIRECT] [Fatal Error] :1:1: Premature end of file.
2025-05-20 09:54:55,781 [ERROR] LogOutputStream:75 - [STDERR_REDIRECT] 
2025-05-20 09:54:56,779 [ERROR] LogOutputStream:75 - [STDERR_REDIRECT] [Fatal Error] :1:1: Premature end of file.
2025-05-20 09:54:56,779 [ERROR] LogOutputStream:75 - [STDERR_REDIRECT] 
2025-05-20 09:54:57,782 [ERROR] LogOutputStream:75 - [STDERR_REDIRECT] [Fatal Error] :1:1: Premature end of file.
2025-05-20 09:54:57,782 [ERROR] LogOutputStream:75 - [STDERR_REDIRECT] 
2025-05-20 09:54:58,809 [ERROR] LogOutputStream:75 - [STDERR_REDIRECT] [Fatal Error] :1:1: Premature end of file.
2025-05-20 09:54:58,809 [ERROR] LogOutputStream:75 - [STDERR_REDIRECT] 
2025-05-20 09:54:59,408 [INFO] WebApp:194 - Connection lost
2025-05-20 09:54:59,518 [INFO] WebApp:191 - Connection restablished
2025-05-20 09:54:59,810 [ERROR] LogOutputStream:75 - [STDERR_REDIRECT] [Fatal Error] :1:1: Premature end of file.
2025-05-20 09:54:59,810 [ERROR] LogOutputStream:75 - [STDERR_REDIRECT] 
2025-05-20 09:55:00,775 [ERROR] LogOutputStream:75 - [STDERR_REDIRECT] [Fatal Error] :1:1: Premature end of file.
2025-05-20 09:55:00,775 [ERROR] LogOutputStream:75 - [STDERR_REDIRECT] 
2025-05-20 09:55:01,776 [ERROR] LogOutputStream:75 - [STDERR_REDIRECT] [Fatal Error] :1:1: Premature end of file.
2025-05-20 09:55:01,776 [ERROR] LogOutputStream:75 - [STDERR_REDIRECT] 
2025-05-20 09:55:02,764 [ERROR] LogOutputStream:75 - [STDERR_REDIRECT] [Fatal Error] :1:1: Premature end of file.
2025-05-20 09:55:02,765 [ERROR] LogOutputStream:75 - [STDERR_REDIRECT] 
2025-05-20 09:55:03,781 [ERROR] LogOutputStream:75 - [STDERR_REDIRECT] [Fatal Error] :1:1: Premature end of file.
2025-05-20 09:55:03,781 [ERROR] LogOutputStream:75 - [STDERR_REDIRECT] 
2025-05-20 09:55:04,782 [ERROR] LogOutputStream:75 - [STDERR_REDIRECT] [Fatal Error] :1:1: Premature end of file.
2025-05-20 09:55:04,793 [ERROR] LogOutputStream:75 - [STDERR_REDIRECT] 
2025-05-20 09:55:05,775 [ERROR] LogOutputStream:75 - [STDERR_REDIRECT] [Fatal Error] :1:1: Premature end of file.
2025-05-20 09:55:05,775 [ERROR] LogOutputStream:75 - [STDERR_REDIRECT] 
2025-05-20 09:55:06,763 [ERROR] LogOutputStream:75 - [STDERR_REDIRECT] [Fatal Error] :1:1: Premature end of file.
2025-05-20 09:55:06,763 [ERROR] LogOutputStream:75 - [STDERR_REDIRECT] 
2025-05-20 09:55:07,770 [ERROR] LogOutputStream:75 - [STDERR_REDIRECT] [Fatal Error] :1:1: Premature end of file.
2025-05-20 09:55:07,770 [ERROR] LogOutputStream:75 - [STDERR_REDIRECT] 
2025-05-20 09:55:08,804 [ERROR] LogOutputStream:75 - [STDERR_REDIRECT] [Fatal Error] :1:1: Premature end of file.
2025-05-20 09:55:08,805 [ERROR] LogOutputStream:75 - [STDERR_REDIRECT] 
2025-05-20 09:55:09,787 [ERROR] LogOutputStream:75 - [STDERR_REDIRECT] [Fatal Error] :1:1: Premature end of file.
2025-05-20 09:55:09,787 [ERROR] LogOutputStream:75 - [STDERR_REDIRECT] 
2025-05-20 09:55:10,780 [ERROR] LogOutputStream:75 - [STDERR_REDIRECT] [Fatal Error] :1:1: Premature end of file.
2025-05-20 09:55:10,780 [ERROR] LogOutputStream:75 - [STDERR_REDIRECT] 
2025-05-20 09:55:11,797 [ERROR] LogOutputStream:75 - [STDERR_REDIRECT] [Fatal Error] :1:1: Premature end of file.
2025-05-20 09:55:11,797 [ERROR] LogOutputStream:75 - [STDERR_REDIRECT] 
2025-05-20 09:55:12,803 [ERROR] LogOutputStream:75 - [STDERR_REDIRECT] [Fatal Error] :1:1: Premature end of file.
2025-05-20 09:55:12,804 [ERROR] LogOutputStream:75 - [STDERR_REDIRECT] 
2025-05-20 09:55:13,784 [ERROR] LogOutputStream:75 - [STDERR_REDIRECT] [Fatal Error] :1:1: Premature end of file.
2025-05-20 09:55:13,785 [ERROR] LogOutputStream:75 - [STDERR_REDIRECT] 
2025-05-20 09:55:14,789 [ERROR] LogOutputStream:75 - [STDERR_REDIRECT] [Fatal Error] :1:1: Premature end of file.
2025-05-20 09:55:14,789 [ERROR] LogOutputStream:75 - [STDERR_REDIRECT] 
2025-05-20 09:55:15,788 [ERROR] LogOutputStream:75 - [STDERR_REDIRECT] [Fatal Error] :1:1: Premature end of file.
2025-05-20 09:55:15,788 [ERROR] LogOutputStream:75 - [STDERR_REDIRECT] 
2025-05-20 09:55:16,794 [ERROR] LogOutputStream:75 - [STDERR_REDIRECT] [Fatal Error] :1:1: Premature end of file.
2025-05-20 09:55:16,794 [ERROR] LogOutputStream:75 - [STDERR_REDIRECT] 
2025-05-20 09:55:17,815 [ERROR] LogOutputStream:75 - [STDERR_REDIRECT] [Fatal Error] :1:1: Premature end of file.
2025-05-20 09:55:17,815 [ERROR] LogOutputStream:75 - [STDERR_REDIRECT] 
2025-05-20 09:55:18,799 [ERROR] LogOutputStream:75 - [STDERR_REDIRECT] [Fatal Error] :1:1: Premature end of file.
2025-05-20 09:55:18,799 [ERROR] LogOutputStream:75 - [STDERR_REDIRECT] 
2025-05-20 09:55:19,810 [ERROR] LogOutputStream:75 - [STDERR_REDIRECT] [Fatal Error] :1:1: Premature end of file.
2025-05-20 09:55:19,810 [ERROR] LogOutputStream:75 - [STDERR_REDIRECT] 
2025-05-20 09:55:20,801 [ERROR] LogOutputStream:75 - [STDERR_REDIRECT] [Fatal Error] :1:1: Premature end of file.
2025-05-20 09:55:20,801 [ERROR] LogOutputStream:75 - [STDERR_REDIRECT] 
2025-05-20 09:55:21,775 [ERROR] LogOutputStream:75 - [STDERR_REDIRECT] [Fatal Error] :1:1: Premature end of file.
2025-05-20 09:55:21,775 [ERROR] LogOutputStream:75 - [STDERR_REDIRECT] 
2025-05-20 09:55:22,790 [ERROR] LogOutputStream:75 - [STDERR_REDIRECT] [Fatal Error] :1:1: Premature end of file.
2025-05-20 09:55:22,790 [ERROR] LogOutputStream:75 - [STDERR_REDIRECT] 
2025-05-20 09:55:23,807 [ERROR] LogOutputStream:75 - [STDERR_REDIRECT] [Fatal Error] :1:1: Premature end of file.
2025-05-20 09:55:23,808 [ERROR] LogOutputStream:75 - [STDERR_REDIRECT] 
2025-05-20 09:55:24,786 [ERROR] LogOutputStream:75 - [STDERR_REDIRECT] [Fatal Error] :1:1: Premature end of file.
2025-05-20 09:55:24,786 [ERROR] LogOutputStream:75 - [STDERR_REDIRECT] 
2025-05-20 09:55:25,783 [ERROR] LogOutputStream:75 - [STDERR_REDIRECT] [Fatal Error] :1:1: Premature end of file.
2025-05-20 09:55:25,783 [ERROR] LogOutputStream:75 - [STDERR_REDIRECT] 
2025-05-20 09:55:26,798 [ERROR] LogOutputStream:75 - [STDERR_REDIRECT] [Fatal Error] :1:1: Premature end of file.
2025-05-20 09:55:26,798 [ERROR] LogOutputStream:75 - [STDERR_REDIRECT] 
2025-05-20 09:55:27,785 [ERROR] LogOutputStream:75 - [STDERR_REDIRECT] [Fatal Error] :1:1: Premature end of file.
2025-05-20 09:55:27,786 [ERROR] LogOutputStream:75 - [STDERR_REDIRECT] 
2025-05-20 09:55:28,783 [ERROR] LogOutputStream:75 - [STDERR_REDIRECT] [Fatal Error] :1:1: Premature end of file.
2025-05-20 09:55:28,784 [ERROR] LogOutputStream:75 - [STDERR_REDIRECT] 
2025-05-20 09:55:29,768 [ERROR] LogOutputStream:75 - [STDERR_REDIRECT] [Fatal Error] :1:1: Premature end of file.
2025-05-20 09:55:29,770 [ERROR] LogOutputStream:75 - [STDERR_REDIRECT] 
2025-05-20 09:55:30,775 [ERROR] LogOutputStream:75 - [STDERR_REDIRECT] [Fatal Error] :1:1: Premature end of file.
2025-05-20 09:55:30,775 [ERROR] LogOutputStream:75 - [STDERR_REDIRECT] 
2025-05-20 09:55:31,797 [ERROR] LogOutputStream:75 - [STDERR_REDIRECT] [Fatal Error] :1:1: Premature end of file.
2025-05-20 09:55:31,797 [ERROR] LogOutputStream:75 - [STDERR_REDIRECT] 
2025-05-20 09:55:32,798 [ERROR] LogOutputStream:75 - [STDERR_REDIRECT] [Fatal Error] :1:1: Premature end of file.
2025-05-20 09:55:32,799 [ERROR] LogOutputStream:75 - [STDERR_REDIRECT] 
2025-05-20 09:55:33,778 [ERROR] LogOutputStream:75 - [STDERR_REDIRECT] [Fatal Error] :1:1: Premature end of file.
2025-05-20 09:55:33,778 [ERROR] LogOutputStream:75 - [STDERR_REDIRECT] 
2025-05-20 09:55:34,803 [ERROR] LogOutputStream:75 - [STDERR_REDIRECT] [Fatal Error] :1:1: Premature end of file.
2025-05-20 09:55:34,803 [ERROR] LogOutputStream:75 - [STDERR_REDIRECT] 
2025-05-20 09:55:35,424 [INFO] WebApp:194 - Connection lost
2025-05-20 09:55:35,549 [INFO] WebApp:191 - Connection restablished
2025-05-20 09:55:35,777 [ERROR] LogOutputStream:75 - [STDERR_REDIRECT] [Fatal Error] :1:1: Premature end of file.
2025-05-20 09:55:35,777 [ERROR] LogOutputStream:75 - [STDERR_REDIRECT] 
2025-05-20 09:55:36,779 [ERROR] LogOutputStream:75 - [STDERR_REDIRECT] [Fatal Error] :1:1: Premature end of file.
2025-05-20 09:55:36,779 [ERROR] LogOutputStream:75 - [STDERR_REDIRECT] 
2025-05-20 09:55:37,784 [ERROR] LogOutputStream:75 - [STDERR_REDIRECT] [Fatal Error] :1:1: Premature end of file.
2025-05-20 09:55:37,784 [ERROR] LogOutputStream:75 - [STDERR_REDIRECT] 
2025-05-20 09:55:38,768 [ERROR] LogOutputStream:75 - [STDERR_REDIRECT] [Fatal Error] :1:1: Premature end of file.
2025-05-20 09:55:38,768 [ERROR] LogOutputStream:75 - [STDERR_REDIRECT] 
2025-05-20 09:55:39,773 [ERROR] LogOutputStream:75 - [STDERR_REDIRECT] [Fatal Error] :1:1: Premature end of file.
2025-05-20 09:55:39,773 [ERROR] LogOutputStream:75 - [STDERR_REDIRECT] 
2025-05-20 09:55:40,777 [ERROR] LogOutputStream:75 - [STDERR_REDIRECT] [Fatal Error] :1:1: Premature end of file.
2025-05-20 09:55:40,777 [ERROR] LogOutputStream:75 - [STDERR_REDIRECT] 
2025-05-20 09:55:41,785 [ERROR] LogOutputStream:75 - [STDERR_REDIRECT] [Fatal Error] :1:1: Premature end of file.
2025-05-20 09:55:41,785 [ERROR] LogOutputStream:75 - [STDERR_REDIRECT] 
2025-05-20 09:55:42,783 [ERROR] LogOutputStream:75 - [STDERR_REDIRECT] [Fatal Error] :1:1: Premature end of file.
2025-05-20 09:55:42,783 [ERROR] LogOutputStream:75 - [STDERR_REDIRECT] 
2025-05-20 09:55:43,782 [ERROR] LogOutputStream:75 - [STDERR_REDIRECT] [Fatal Error] :1:1: Premature end of file.
2025-05-20 09:55:43,782 [ERROR] LogOutputStream:75 - [STDERR_REDIRECT] 
2025-05-20 09:55:44,781 [ERROR] LogOutputStream:75 - [STDERR_REDIRECT] [Fatal Error] :1:1: Premature end of file.
2025-05-20 09:55:44,781 [ERROR] LogOutputStream:75 - [STDERR_REDIRECT] 
2025-05-20 09:55:45,771 [ERROR] LogOutputStream:75 - [STDERR_REDIRECT] [Fatal Error] :1:1: Premature end of file.
2025-05-20 09:55:45,771 [ERROR] LogOutputStream:75 - [STDERR_REDIRECT] 
2025-05-20 09:55:46,782 [ERROR] LogOutputStream:75 - [STDERR_REDIRECT] [Fatal Error] :1:1: Premature end of file.
2025-05-20 09:55:46,783 [ERROR] LogOutputStream:75 - [STDERR_REDIRECT] 
2025-05-20 09:55:47,767 [ERROR] LogOutputStream:75 - [STDERR_REDIRECT] [Fatal Error] :1:1: Premature end of file.
2025-05-20 09:55:47,767 [ERROR] LogOutputStream:75 - [STDERR_REDIRECT] 
2025-05-20 09:55:48,778 [ERROR] LogOutputStream:75 - [STDERR_REDIRECT] [Fatal Error] :1:1: Premature end of file.
2025-05-20 09:55:48,778 [ERROR] LogOutputStream:75 - [STDERR_REDIRECT] 
2025-05-20 09:55:49,776 [ERROR] LogOutputStream:75 - [STDERR_REDIRECT] [Fatal Error] :1:1: Premature end of file.
2025-05-20 09:55:49,776 [ERROR] LogOutputStream:75 - [STDERR_REDIRECT] 
2025-05-20 09:55:50,783 [ERROR] LogOutputStream:75 - [STDERR_REDIRECT] [Fatal Error] :1:1: Premature end of file.
2025-05-20 09:55:50,783 [ERROR] LogOutputStream:75 - [STDERR_REDIRECT] 
2025-05-20 09:55:51,789 [ERROR] LogOutputStream:75 - [STDERR_REDIRECT] [Fatal Error] :1:1: Premature end of file.
2025-05-20 09:55:51,789 [ERROR] LogOutputStream:75 - [STDERR_REDIRECT] 
2025-05-20 09:55:52,787 [ERROR] LogOutputStream:75 - [STDERR_REDIRECT] [Fatal Error] :1:1: Premature end of file.
2025-05-20 09:55:52,787 [ERROR] LogOutputStream:75 - [STDERR_REDIRECT] 
2025-05-20 09:55:53,772 [ERROR] LogOutputStream:75 - [STDERR_REDIRECT] [Fatal Error] :1:1: Premature end of file.
2025-05-20 09:55:53,772 [ERROR] LogOutputStream:75 - [STDERR_REDIRECT] 
2025-05-20 09:55:54,807 [ERROR] LogOutputStream:75 - [STDERR_REDIRECT] [Fatal Error] :1:1: Premature end of file.
2025-05-20 09:55:54,808 [ERROR] LogOutputStream:75 - [STDERR_REDIRECT] 
2025-05-20 09:55:55,793 [ERROR] LogOutputStream:75 - [STDERR_REDIRECT] [Fatal Error] :1:1: Premature end of file.
2025-05-20 09:55:55,794 [ERROR] LogOutputStream:75 - [STDERR_REDIRECT] 
2025-05-20 09:55:56,805 [ERROR] LogOutputStream:75 - [STDERR_REDIRECT] [Fatal Error] :1:1: Premature end of file.
2025-05-20 09:55:56,805 [ERROR] LogOutputStream:75 - [STDERR_REDIRECT] 
2025-05-20 09:55:57,784 [ERROR] LogOutputStream:75 - [STDERR_REDIRECT] [Fatal Error] :1:1: Premature end of file.
2025-05-20 09:55:57,784 [ERROR] LogOutputStream:75 - [STDERR_REDIRECT] 
2025-05-20 09:55:58,808 [ERROR] LogOutputStream:75 - [STDERR_REDIRECT] [Fatal Error] :1:1: Premature end of file.
2025-05-20 09:55:58,808 [ERROR] LogOutputStream:75 - [STDERR_REDIRECT] 
2025-05-20 09:55:59,806 [ERROR] LogOutputStream:75 - [STDERR_REDIRECT] [Fatal Error] :1:1: Premature end of file.
2025-05-20 09:55:59,806 [ERROR] LogOutputStream:75 - [STDERR_REDIRECT] 
2025-05-20 09:56:00,784 [ERROR] LogOutputStream:75 - [STDERR_REDIRECT] [Fatal Error] :1:1: Premature end of file.
2025-05-20 09:56:00,784 [ERROR] LogOutputStream:75 - [STDERR_REDIRECT] 
2025-05-20 09:56:01,803 [ERROR] LogOutputStream:75 - [STDERR_REDIRECT] [Fatal Error] :1:1: Premature end of file.
2025-05-20 09:56:01,804 [ERROR] LogOutputStream:75 - [STDERR_REDIRECT] 
2025-05-20 09:56:02,789 [ERROR] LogOutputStream:75 - [STDERR_REDIRECT] [Fatal Error] :1:1: Premature end of file.
2025-05-20 09:56:02,789 [ERROR] LogOutputStream:75 - [STDERR_REDIRECT] 
2025-05-20 09:56:03,793 [ERROR] LogOutputStream:75 - [STDERR_REDIRECT] [Fatal Error] :1:1: Premature end of file.
2025-05-20 09:56:03,794 [ERROR] LogOutputStream:75 - [STDERR_REDIRECT] 
2025-05-20 09:56:04,811 [ERROR] LogOutputStream:75 - [STDERR_REDIRECT] [Fatal Error] :1:1: Premature end of file.
2025-05-20 09:56:04,811 [ERROR] LogOutputStream:75 - [STDERR_REDIRECT] 
2025-05-20 09:56:05,794 [ERROR] LogOutputStream:75 - [STDERR_REDIRECT] [Fatal Error] :1:1: Premature end of file.
2025-05-20 09:56:05,794 [ERROR] LogOutputStream:75 - [STDERR_REDIRECT] 
2025-05-20 09:56:05,915 [INFO] WebApp:194 - Connection lost
2025-05-20 09:56:06,041 [INFO] WebApp:191 - Connection restablished
2025-05-20 09:56:06,802 [ERROR] LogOutputStream:75 - [STDERR_REDIRECT] [Fatal Error] :1:1: Premature end of file.
2025-05-20 09:56:06,804 [ERROR] LogOutputStream:75 - [STDERR_REDIRECT] 
2025-05-20 09:56:07,803 [ERROR] LogOutputStream:75 - [STDERR_REDIRECT] [Fatal Error] :1:1: Premature end of file.
2025-05-20 09:56:07,803 [ERROR] LogOutputStream:75 - [STDERR_REDIRECT] 
2025-05-20 09:56:08,789 [ERROR] LogOutputStream:75 - [STDERR_REDIRECT] [Fatal Error] :1:1: Premature end of file.
2025-05-20 09:56:08,790 [ERROR] LogOutputStream:75 - [STDERR_REDIRECT] 
2025-05-20 09:56:09,799 [ERROR] LogOutputStream:75 - [STDERR_REDIRECT] [Fatal Error] :1:1: Premature end of file.
2025-05-20 09:56:09,799 [ERROR] LogOutputStream:75 - [STDERR_REDIRECT] 
2025-05-20 09:56:10,790 [ERROR] LogOutputStream:75 - [STDERR_REDIRECT] [Fatal Error] :1:1: Premature end of file.
2025-05-20 09:56:10,790 [ERROR] LogOutputStream:75 - [STDERR_REDIRECT] 
2025-05-20 09:56:11,775 [ERROR] LogOutputStream:75 - [STDERR_REDIRECT] [Fatal Error] :1:1: Premature end of file.
2025-05-20 09:56:11,775 [ERROR] LogOutputStream:75 - [STDERR_REDIRECT] 
2025-05-20 09:56:12,785 [ERROR] LogOutputStream:75 - [STDERR_REDIRECT] [Fatal Error] :1:1: Premature end of file.
2025-05-20 09:56:12,787 [ERROR] LogOutputStream:75 - [STDERR_REDIRECT] 
2025-05-20 09:56:13,800 [ERROR] LogOutputStream:75 - [STDERR_REDIRECT] [Fatal Error] :1:1: Premature end of file.
2025-05-20 09:56:13,803 [ERROR] LogOutputStream:75 - [STDERR_REDIRECT] 
2025-05-20 09:56:14,791 [ERROR] LogOutputStream:75 - [STDERR_REDIRECT] [Fatal Error] :1:1: Premature end of file.
2025-05-20 09:56:14,791 [ERROR] LogOutputStream:75 - [STDERR_REDIRECT] 
2025-05-20 09:56:15,789 [ERROR] LogOutputStream:75 - [STDERR_REDIRECT] [Fatal Error] :1:1: Premature end of file.
2025-05-20 09:56:15,790 [ERROR] LogOutputStream:75 - [STDERR_REDIRECT] 
2025-05-20 09:56:16,794 [ERROR] LogOutputStream:75 - [STDERR_REDIRECT] [Fatal Error] :1:1: Premature end of file.
2025-05-20 09:56:16,794 [ERROR] LogOutputStream:75 - [STDERR_REDIRECT] 
2025-05-20 09:56:17,793 [ERROR] LogOutputStream:75 - [STDERR_REDIRECT] [Fatal Error] :1:1: Premature end of file.
2025-05-20 09:56:17,793 [ERROR] LogOutputStream:75 - [STDERR_REDIRECT] 
2025-05-20 09:56:18,783 [ERROR] LogOutputStream:75 - [STDERR_REDIRECT] [Fatal Error] :1:1: Premature end of file.
2025-05-20 09:56:18,783 [ERROR] LogOutputStream:75 - [STDERR_REDIRECT] 
2025-05-20 09:56:19,776 [ERROR] LogOutputStream:75 - [STDERR_REDIRECT] [Fatal Error] :1:1: Premature end of file.
2025-05-20 09:56:19,777 [ERROR] LogOutputStream:75 - [STDERR_REDIRECT] 
2025-05-20 09:56:20,773 [ERROR] LogOutputStream:75 - [STDERR_REDIRECT] [Fatal Error] :1:1: Premature end of file.
2025-05-20 09:56:20,773 [ERROR] LogOutputStream:75 - [STDERR_REDIRECT] 
2025-05-20 09:56:21,776 [ERROR] LogOutputStream:75 - [STDERR_REDIRECT] [Fatal Error] :1:1: Premature end of file.
2025-05-20 09:56:21,776 [ERROR] LogOutputStream:75 - [STDERR_REDIRECT] 
2025-05-20 09:56:22,790 [ERROR] LogOutputStream:75 - [STDERR_REDIRECT] [Fatal Error] :1:1: Premature end of file.
2025-05-20 09:56:22,791 [ERROR] LogOutputStream:75 - [STDERR_REDIRECT] 
2025-05-20 09:56:23,766 [ERROR] LogOutputStream:75 - [STDERR_REDIRECT] [Fatal Error] :1:1: Premature end of file.
2025-05-20 09:56:23,766 [ERROR] LogOutputStream:75 - [STDERR_REDIRECT] 
2025-05-20 09:56:24,806 [ERROR] LogOutputStream:75 - [STDERR_REDIRECT] [Fatal Error] :1:1: Premature end of file.
2025-05-20 09:56:24,806 [ERROR] LogOutputStream:75 - [STDERR_REDIRECT] 
2025-05-20 09:56:25,795 [ERROR] LogOutputStream:75 - [STDERR_REDIRECT] [Fatal Error] :1:1: Premature end of file.
2025-05-20 09:56:25,795 [ERROR] LogOutputStream:75 - [STDERR_REDIRECT] 
2025-05-20 09:56:26,774 [ERROR] LogOutputStream:75 - [STDERR_REDIRECT] [Fatal Error] :1:1: Premature end of file.
2025-05-20 09:56:26,775 [ERROR] LogOutputStream:75 - [STDERR_REDIRECT] 
2025-05-20 09:56:27,793 [ERROR] LogOutputStream:75 - [STDERR_REDIRECT] [Fatal Error] :1:1: Premature end of file.
2025-05-20 09:56:27,793 [ERROR] LogOutputStream:75 - [STDERR_REDIRECT] 
2025-05-20 09:56:28,774 [ERROR] LogOutputStream:75 - [STDERR_REDIRECT] [Fatal Error] :1:1: Premature end of file.
2025-05-20 09:56:28,774 [ERROR] LogOutputStream:75 - [STDERR_REDIRECT] 
2025-05-20 09:56:29,776 [ERROR] LogOutputStream:75 - [STDERR_REDIRECT] [Fatal Error] :1:1: Premature end of file.
2025-05-20 09:56:29,776 [ERROR] LogOutputStream:75 - [STDERR_REDIRECT] 
2025-05-20 09:56:30,785 [ERROR] LogOutputStream:75 - [STDERR_REDIRECT] [Fatal Error] :1:1: Premature end of file.
2025-05-20 09:56:30,786 [ERROR] LogOutputStream:75 - [STDERR_REDIRECT] 
2025-05-20 09:56:31,784 [ERROR] LogOutputStream:75 - [STDERR_REDIRECT] [Fatal Error] :1:1: Premature end of file.
2025-05-20 09:56:31,785 [ERROR] LogOutputStream:75 - [STDERR_REDIRECT] 
2025-05-20 09:56:32,789 [ERROR] LogOutputStream:75 - [STDERR_REDIRECT] [Fatal Error] :1:1: Premature end of file.
2025-05-20 09:56:32,790 [ERROR] LogOutputStream:75 - [STDERR_REDIRECT] 
2025-05-20 09:56:33,785 [ERROR] LogOutputStream:75 - [STDERR_REDIRECT] [Fatal Error] :1:1: Premature end of file.
2025-05-20 09:56:33,785 [ERROR] LogOutputStream:75 - [STDERR_REDIRECT] 
2025-05-20 09:56:34,802 [ERROR] LogOutputStream:75 - [STDERR_REDIRECT] [Fatal Error] :1:1: Premature end of file.
2025-05-20 09:56:34,802 [ERROR] LogOutputStream:75 - [STDERR_REDIRECT] 
2025-05-20 09:56:35,797 [ERROR] LogOutputStream:75 - [STDERR_REDIRECT] [Fatal Error] :1:1: Premature end of file.
2025-05-20 09:56:35,798 [ERROR] LogOutputStream:75 - [STDERR_REDIRECT] 
2025-05-20 09:56:36,772 [ERROR] LogOutputStream:75 - [STDERR_REDIRECT] [Fatal Error] :1:1: Premature end of file.
2025-05-20 09:56:36,772 [ERROR] LogOutputStream:75 - [STDERR_REDIRECT] 
2025-05-20 09:56:37,775 [ERROR] LogOutputStream:75 - [STDERR_REDIRECT] [Fatal Error] :1:1: Premature end of file.
2025-05-20 09:56:37,775 [ERROR] LogOutputStream:75 - [STDERR_REDIRECT] 
2025-05-20 09:56:38,780 [ERROR] LogOutputStream:75 - [STDERR_REDIRECT] [Fatal Error] :1:1: Premature end of file.
2025-05-20 09:56:38,782 [ERROR] LogOutputStream:75 - [STDERR_REDIRECT] 
2025-05-20 09:56:39,797 [ERROR] LogOutputStream:75 - [STDERR_REDIRECT] [Fatal Error] :1:1: Premature end of file.
2025-05-20 09:56:39,797 [ERROR] LogOutputStream:75 - [STDERR_REDIRECT] 
2025-05-20 09:56:40,805 [ERROR] LogOutputStream:75 - [STDERR_REDIRECT] [Fatal Error] :1:1: Premature end of file.
2025-05-20 09:56:40,806 [ERROR] LogOutputStream:75 - [STDERR_REDIRECT] 
2025-05-20 09:56:41,800 [ERROR] LogOutputStream:75 - [STDERR_REDIRECT] [Fatal Error] :1:1: Premature end of file.
2025-05-20 09:56:41,801 [ERROR] LogOutputStream:75 - [STDERR_REDIRECT] 
2025-05-20 09:56:42,803 [ERROR] LogOutputStream:75 - [STDERR_REDIRECT] [Fatal Error] :1:1: Premature end of file.
2025-05-20 09:56:42,803 [ERROR] LogOutputStream:75 - [STDERR_REDIRECT] 
2025-05-20 09:56:43,796 [ERROR] LogOutputStream:75 - [STDERR_REDIRECT] [Fatal Error] :1:1: Premature end of file.
2025-05-20 09:56:43,796 [ERROR] LogOutputStream:75 - [STDERR_REDIRECT] 
2025-05-20 09:56:44,795 [ERROR] LogOutputStream:75 - [STDERR_REDIRECT] [Fatal Error] :1:1: Premature end of file.
2025-05-20 09:56:44,796 [ERROR] LogOutputStream:75 - [STDERR_REDIRECT] 
2025-05-20 09:56:45,801 [ERROR] LogOutputStream:75 - [STDERR_REDIRECT] [Fatal Error] :1:1: Premature end of file.
2025-05-20 09:56:45,801 [ERROR] LogOutputStream:75 - [STDERR_REDIRECT] 
2025-05-20 09:56:46,790 [ERROR] LogOutputStream:75 - [STDERR_REDIRECT] [Fatal Error] :1:1: Premature end of file.
2025-05-20 09:56:46,790 [ERROR] LogOutputStream:75 - [STDERR_REDIRECT] 
2025-05-20 09:56:47,786 [ERROR] LogOutputStream:75 - [STDERR_REDIRECT] [Fatal Error] :1:1: Premature end of file.
2025-05-20 09:56:47,787 [ERROR] LogOutputStream:75 - [STDERR_REDIRECT] 
2025-05-20 09:56:48,812 [ERROR] LogOutputStream:75 - [STDERR_REDIRECT] [Fatal Error] :1:1: Premature end of file.
2025-05-20 09:56:48,812 [ERROR] LogOutputStream:75 - [STDERR_REDIRECT] 
2025-05-20 09:56:49,785 [ERROR] LogOutputStream:75 - [STDERR_REDIRECT] [Fatal Error] :1:1: Premature end of file.
2025-05-20 09:56:49,785 [ERROR] LogOutputStream:75 - [STDERR_REDIRECT] 
2025-05-20 09:56:50,795 [ERROR] LogOutputStream:75 - [STDERR_REDIRECT] [Fatal Error] :1:1: Premature end of file.
2025-05-20 09:56:50,796 [ERROR] LogOutputStream:75 - [STDERR_REDIRECT] 
2025-05-20 09:56:51,780 [ERROR] LogOutputStream:75 - [STDERR_REDIRECT] [Fatal Error] :1:1: Premature end of file.
2025-05-20 09:56:51,780 [ERROR] LogOutputStream:75 - [STDERR_REDIRECT] 
2025-05-20 09:56:52,774 [ERROR] LogOutputStream:75 - [STDERR_REDIRECT] [Fatal Error] :1:1: Premature end of file.
2025-05-20 09:56:52,775 [ERROR] LogOutputStream:75 - [STDERR_REDIRECT] 
2025-05-20 09:56:53,774 [ERROR] LogOutputStream:75 - [STDERR_REDIRECT] [Fatal Error] :1:1: Premature end of file.
2025-05-20 09:56:53,774 [ERROR] LogOutputStream:75 - [STDERR_REDIRECT] 
2025-05-20 09:56:54,771 [ERROR] LogOutputStream:75 - [STDERR_REDIRECT] [Fatal Error] :1:1: Premature end of file.
2025-05-20 09:56:54,771 [ERROR] LogOutputStream:75 - [STDERR_REDIRECT] 
2025-05-20 09:56:55,788 [ERROR] LogOutputStream:75 - [STDERR_REDIRECT] [Fatal Error] :1:1: Premature end of file.
2025-05-20 09:56:55,788 [ERROR] LogOutputStream:75 - [STDERR_REDIRECT] 
2025-05-20 09:56:56,781 [ERROR] LogOutputStream:75 - [STDERR_REDIRECT] [Fatal Error] :1:1: Premature end of file.
2025-05-20 09:56:56,781 [ERROR] LogOutputStream:75 - [STDERR_REDIRECT] 
2025-05-20 09:56:57,769 [ERROR] LogOutputStream:75 - [STDERR_REDIRECT] [Fatal Error] :1:1: Premature end of file.
2025-05-20 09:56:57,769 [ERROR] LogOutputStream:75 - [STDERR_REDIRECT] 
2025-05-20 09:56:58,788 [ERROR] LogOutputStream:75 - [STDERR_REDIRECT] [Fatal Error] :1:1: Premature end of file.
2025-05-20 09:56:58,789 [ERROR] LogOutputStream:75 - [STDERR_REDIRECT] 
2025-05-20 09:56:59,780 [ERROR] LogOutputStream:75 - [STDERR_REDIRECT] [Fatal Error] :1:1: Premature end of file.
2025-05-20 09:56:59,781 [ERROR] LogOutputStream:75 - [STDERR_REDIRECT] 
2025-05-20 09:57:00,768 [ERROR] LogOutputStream:75 - [STDERR_REDIRECT] [Fatal Error] :1:1: Premature end of file.
2025-05-20 09:57:00,768 [ERROR] LogOutputStream:75 - [STDERR_REDIRECT] 
2025-05-20 09:57:01,773 [ERROR] LogOutputStream:75 - [STDERR_REDIRECT] [Fatal Error] :1:1: Premature end of file.
2025-05-20 09:57:01,774 [ERROR] LogOutputStream:75 - [STDERR_REDIRECT] 
2025-05-20 09:57:02,782 [ERROR] LogOutputStream:75 - [STDERR_REDIRECT] [Fatal Error] :1:1: Premature end of file.
2025-05-20 09:57:02,782 [ERROR] LogOutputStream:75 - [STDERR_REDIRECT] 
2025-05-20 09:57:03,793 [ERROR] LogOutputStream:75 - [STDERR_REDIRECT] [Fatal Error] :1:1: Premature end of file.
2025-05-20 09:57:03,793 [ERROR] LogOutputStream:75 - [STDERR_REDIRECT] 
2025-05-20 09:57:04,786 [ERROR] LogOutputStream:75 - [STDERR_REDIRECT] [Fatal Error] :1:1: Premature end of file.
2025-05-20 09:57:04,786 [ERROR] LogOutputStream:75 - [STDERR_REDIRECT] 
2025-05-20 09:57:05,783 [ERROR] LogOutputStream:75 - [STDERR_REDIRECT] [Fatal Error] :1:1: Premature end of file.
2025-05-20 09:57:05,784 [ERROR] LogOutputStream:75 - [STDERR_REDIRECT] 
2025-05-20 09:57:06,774 [ERROR] LogOutputStream:75 - [STDERR_REDIRECT] [Fatal Error] :1:1: Premature end of file.
2025-05-20 09:57:06,774 [ERROR] LogOutputStream:75 - [STDERR_REDIRECT] 
2025-05-20 09:57:07,772 [ERROR] LogOutputStream:75 - [STDERR_REDIRECT] [Fatal Error] :1:1: Premature end of file.
2025-05-20 09:57:07,772 [ERROR] LogOutputStream:75 - [STDERR_REDIRECT] 
2025-05-20 09:57:08,778 [ERROR] LogOutputStream:75 - [STDERR_REDIRECT] [Fatal Error] :1:1: Premature end of file.
2025-05-20 09:57:08,778 [ERROR] LogOutputStream:75 - [STDERR_REDIRECT] 
2025-05-20 09:57:09,781 [ERROR] LogOutputStream:75 - [STDERR_REDIRECT] [Fatal Error] :1:1: Premature end of file.
2025-05-20 09:57:09,781 [ERROR] LogOutputStream:75 - [STDERR_REDIRECT] 
2025-05-20 09:57:10,784 [ERROR] LogOutputStream:75 - [STDERR_REDIRECT] [Fatal Error] :1:1: Premature end of file.
2025-05-20 09:57:10,784 [ERROR] LogOutputStream:75 - [STDERR_REDIRECT] 
2025-05-20 09:57:11,771 [ERROR] LogOutputStream:75 - [STDERR_REDIRECT] [Fatal Error] :1:1: Premature end of file.
2025-05-20 09:57:11,771 [ERROR] LogOutputStream:75 - [STDERR_REDIRECT] 
2025-05-20 09:57:12,776 [ERROR] LogOutputStream:75 - [STDERR_REDIRECT] [Fatal Error] :1:1: Premature end of file.
2025-05-20 09:57:12,776 [ERROR] LogOutputStream:75 - [STDERR_REDIRECT] 
2025-05-20 09:57:13,774 [ERROR] LogOutputStream:75 - [STDERR_REDIRECT] [Fatal Error] :1:1: Premature end of file.
2025-05-20 09:57:13,774 [ERROR] LogOutputStream:75 - [STDERR_REDIRECT] 
2025-05-20 09:57:14,810 [ERROR] LogOutputStream:75 - [STDERR_REDIRECT] [Fatal Error] :1:1: Premature end of file.
2025-05-20 09:57:14,810 [ERROR] LogOutputStream:75 - [STDERR_REDIRECT] 
2025-05-20 09:57:15,785 [ERROR] LogOutputStream:75 - [STDERR_REDIRECT] [Fatal Error] :1:1: Premature end of file.
2025-05-20 09:57:15,785 [ERROR] LogOutputStream:75 - [STDERR_REDIRECT] 
2025-05-20 09:57:16,764 [ERROR] LogOutputStream:75 - [STDERR_REDIRECT] [Fatal Error] :1:1: Premature end of file.
2025-05-20 09:57:16,764 [ERROR] LogOutputStream:75 - [STDERR_REDIRECT] 
2025-05-20 09:57:17,768 [ERROR] LogOutputStream:75 - [STDERR_REDIRECT] [Fatal Error] :1:1: Premature end of file.
2025-05-20 09:57:17,768 [ERROR] LogOutputStream:75 - [STDERR_REDIRECT] 
2025-05-20 09:57:18,773 [ERROR] LogOutputStream:75 - [STDERR_REDIRECT] [Fatal Error] :1:1: Premature end of file.
2025-05-20 09:57:18,773 [ERROR] LogOutputStream:75 - [STDERR_REDIRECT] 
2025-05-20 09:57:19,771 [ERROR] LogOutputStream:75 - [STDERR_REDIRECT] [Fatal Error] :1:1: Premature end of file.
2025-05-20 09:57:19,771 [ERROR] LogOutputStream:75 - [STDERR_REDIRECT] 
2025-05-20 09:57:20,779 [ERROR] LogOutputStream:75 - [STDERR_REDIRECT] [Fatal Error] :1:1: Premature end of file.
2025-05-20 09:57:20,779 [ERROR] LogOutputStream:75 - [STDERR_REDIRECT] 
2025-05-20 09:57:21,791 [ERROR] LogOutputStream:75 - [STDERR_REDIRECT] [Fatal Error] :1:1: Premature end of file.
2025-05-20 09:57:21,791 [ERROR] LogOutputStream:75 - [STDERR_REDIRECT] 
2025-05-20 09:57:22,770 [ERROR] LogOutputStream:75 - [STDERR_REDIRECT] [Fatal Error] :1:1: Premature end of file.
2025-05-20 09:57:22,770 [ERROR] LogOutputStream:75 - [STDERR_REDIRECT] 
2025-05-20 09:57:23,775 [ERROR] LogOutputStream:75 - [STDERR_REDIRECT] [Fatal Error] :1:1: Premature end of file.
2025-05-20 09:57:23,776 [ERROR] LogOutputStream:75 - [STDERR_REDIRECT] 
2025-05-20 09:57:24,767 [ERROR] LogOutputStream:75 - [STDERR_REDIRECT] [Fatal Error] :1:1: Premature end of file.
2025-05-20 09:57:24,767 [ERROR] LogOutputStream:75 - [STDERR_REDIRECT] 
2025-05-20 09:57:25,775 [ERROR] LogOutputStream:75 - [STDERR_REDIRECT] [Fatal Error] :1:1: Premature end of file.
2025-05-20 09:57:25,775 [ERROR] LogOutputStream:75 - [STDERR_REDIRECT] 
2025-05-20 09:57:26,774 [ERROR] LogOutputStream:75 - [STDERR_REDIRECT] [Fatal Error] :1:1: Premature end of file.
2025-05-20 09:57:26,774 [ERROR] LogOutputStream:75 - [STDERR_REDIRECT] 
2025-05-20 09:57:27,782 [ERROR] LogOutputStream:75 - [STDERR_REDIRECT] [Fatal Error] :1:1: Premature end of file.
2025-05-20 09:57:27,782 [ERROR] LogOutputStream:75 - [STDERR_REDIRECT] 
2025-05-20 09:57:28,763 [ERROR] LogOutputStream:75 - [STDERR_REDIRECT] [Fatal Error] :1:1: Premature end of file.
2025-05-20 09:57:28,764 [ERROR] LogOutputStream:75 - [STDERR_REDIRECT] 
2025-05-20 09:57:29,773 [ERROR] LogOutputStream:75 - [STDERR_REDIRECT] [Fatal Error] :1:1: Premature end of file.
2025-05-20 09:57:29,773 [ERROR] LogOutputStream:75 - [STDERR_REDIRECT] 
2025-05-20 09:57:30,770 [ERROR] LogOutputStream:75 - [STDERR_REDIRECT] [Fatal Error] :1:1: Premature end of file.
2025-05-20 09:57:30,771 [ERROR] LogOutputStream:75 - [STDERR_REDIRECT] 
2025-05-20 09:57:31,785 [ERROR] LogOutputStream:75 - [STDERR_REDIRECT] [Fatal Error] :1:1: Premature end of file.
2025-05-20 09:57:31,785 [ERROR] LogOutputStream:75 - [STDERR_REDIRECT] 
2025-05-20 09:57:32,773 [ERROR] LogOutputStream:75 - [STDERR_REDIRECT] [Fatal Error] :1:1: Premature end of file.
2025-05-20 09:57:32,773 [ERROR] LogOutputStream:75 - [STDERR_REDIRECT] 
2025-05-20 09:57:33,772 [ERROR] LogOutputStream:75 - [STDERR_REDIRECT] [Fatal Error] :1:1: Premature end of file.
2025-05-20 09:57:33,772 [ERROR] LogOutputStream:75 - [STDERR_REDIRECT] 
2025-05-20 09:57:34,771 [ERROR] LogOutputStream:75 - [STDERR_REDIRECT] [Fatal Error] :1:1: Premature end of file.
2025-05-20 09:57:34,771 [ERROR] LogOutputStream:75 - [STDERR_REDIRECT] 
2025-05-20 09:57:35,767 [ERROR] LogOutputStream:75 - [STDERR_REDIRECT] [Fatal Error] :1:1: Premature end of file.
2025-05-20 09:57:35,768 [ERROR] LogOutputStream:75 - [STDERR_REDIRECT] 
2025-05-20 09:57:36,769 [ERROR] LogOutputStream:75 - [STDERR_REDIRECT] [Fatal Error] :1:1: Premature end of file.
2025-05-20 09:57:36,770 [ERROR] LogOutputStream:75 - [STDERR_REDIRECT] 
2025-05-20 09:57:37,774 [ERROR] LogOutputStream:75 - [STDERR_REDIRECT] [Fatal Error] :1:1: Premature end of file.
2025-05-20 09:57:37,774 [ERROR] LogOutputStream:75 - [STDERR_REDIRECT] 
2025-05-20 09:57:38,767 [ERROR] LogOutputStream:75 - [STDERR_REDIRECT] [Fatal Error] :1:1: Premature end of file.
2025-05-20 09:57:38,767 [ERROR] LogOutputStream:75 - [STDERR_REDIRECT] 
2025-05-20 09:57:39,771 [ERROR] LogOutputStream:75 - [STDERR_REDIRECT] [Fatal Error] :1:1: Premature end of file.
2025-05-20 09:57:39,771 [ERROR] LogOutputStream:75 - [STDERR_REDIRECT] 
2025-05-20 09:57:40,774 [ERROR] LogOutputStream:75 - [STDERR_REDIRECT] [Fatal Error] :1:1: Premature end of file.
2025-05-20 09:57:40,775 [ERROR] LogOutputStream:75 - [STDERR_REDIRECT] 
2025-05-20 09:57:41,777 [ERROR] LogOutputStream:75 - [STDERR_REDIRECT] [Fatal Error] :1:1: Premature end of file.
2025-05-20 09:57:41,778 [ERROR] LogOutputStream:75 - [STDERR_REDIRECT] 
2025-05-20 09:57:42,773 [ERROR] LogOutputStream:75 - [STDERR_REDIRECT] [Fatal Error] :1:1: Premature end of file.
2025-05-20 09:57:42,774 [ERROR] LogOutputStream:75 - [STDERR_REDIRECT] 
2025-05-20 09:57:43,790 [ERROR] LogOutputStream:75 - [STDERR_REDIRECT] [Fatal Error] :1:1: Premature end of file.
2025-05-20 09:57:43,790 [ERROR] LogOutputStream:75 - [STDERR_REDIRECT] 
2025-05-20 09:57:44,774 [ERROR] LogOutputStream:75 - [STDERR_REDIRECT] [Fatal Error] :1:1: Premature end of file.
2025-05-20 09:57:44,774 [ERROR] LogOutputStream:75 - [STDERR_REDIRECT] 
2025-05-20 09:57:45,787 [ERROR] LogOutputStream:75 - [STDERR_REDIRECT] [Fatal Error] :1:1: Premature end of file.
2025-05-20 09:57:45,787 [ERROR] LogOutputStream:75 - [STDERR_REDIRECT] 
2025-05-20 09:57:46,781 [ERROR] LogOutputStream:75 - [STDERR_REDIRECT] [Fatal Error] :1:1: Premature end of file.
2025-05-20 09:57:46,782 [ERROR] LogOutputStream:75 - [STDERR_REDIRECT] 
2025-05-20 09:57:47,780 [ERROR] LogOutputStream:75 - [STDERR_REDIRECT] [Fatal Error] :1:1: Premature end of file.
2025-05-20 09:57:47,780 [ERROR] LogOutputStream:75 - [STDERR_REDIRECT] 
2025-05-20 09:57:48,768 [ERROR] LogOutputStream:75 - [STDERR_REDIRECT] [Fatal Error] :1:1: Premature end of file.
2025-05-20 09:57:48,769 [ERROR] LogOutputStream:75 - [STDERR_REDIRECT] 
2025-05-20 09:57:49,767 [ERROR] LogOutputStream:75 - [STDERR_REDIRECT] [Fatal Error] :1:1: Premature end of file.
2025-05-20 09:57:49,768 [ERROR] LogOutputStream:75 - [STDERR_REDIRECT] 
2025-05-20 09:57:50,761 [ERROR] LogOutputStream:75 - [STDERR_REDIRECT] [Fatal Error] :1:1: Premature end of file.
2025-05-20 09:57:50,761 [ERROR] LogOutputStream:75 - [STDERR_REDIRECT] 
2025-05-20 09:57:51,769 [ERROR] LogOutputStream:75 - [STDERR_REDIRECT] [Fatal Error] :1:1: Premature end of file.
2025-05-20 09:57:51,769 [ERROR] LogOutputStream:75 - [STDERR_REDIRECT] 
2025-05-20 09:57:52,768 [ERROR] LogOutputStream:75 - [STDERR_REDIRECT] [Fatal Error] :1:1: Premature end of file.
2025-05-20 09:57:52,768 [ERROR] LogOutputStream:75 - [STDERR_REDIRECT] 
2025-05-20 09:57:53,771 [ERROR] LogOutputStream:75 - [STDERR_REDIRECT] [Fatal Error] :1:1: Premature end of file.
2025-05-20 09:57:53,771 [ERROR] LogOutputStream:75 - [STDERR_REDIRECT] 
2025-05-20 09:57:54,744 [WARN] BspModel:444 - BSP dependency skipped because of component: name='IOExpander', api='Unknown'
2025-05-20 09:57:54,772 [ERROR] LogOutputStream:75 - [STDERR_REDIRECT] [Fatal Error] :1:1: Premature end of file.
2025-05-20 09:57:54,773 [ERROR] LogOutputStream:75 - [STDERR_REDIRECT] 
2025-05-20 09:57:54,817 [INFO] ParamManager:896 - [Generic UI] PropertyChangeEvent: TAB_STATUS_CHANGED , "dont care", "never mind"
2025-05-20 09:57:54,840 [INFO] ParamManager:896 - [Generic UI] PropertyChangeEvent: TAB_STATUS_CHANGED , "dont care", "never mind"
2025-05-20 09:57:54,852 [INFO] ADCParametersView:116 -                Rank 1 : false
2025-05-20 09:57:54,964 [INFO] ADCParametersView:116 -                Rank 1 : false
2025-05-20 09:57:54,965 [INFO] ADCParametersView:116 -                Rank 1 : false
2025-05-20 09:57:54,965 [INFO] ADCParametersView:116 -                Rank 1 : false
2025-05-20 09:57:54,965 [INFO] ADCParametersView:116 -                Rank 1 : false
2025-05-20 09:57:54,965 [INFO] ADCParametersView:116 -                Rank 1 : false
2025-05-20 09:57:54,965 [INFO] ADCParametersView:116 -                Rank 1 : false
2025-05-20 09:57:54,965 [INFO] ADCParametersView:116 -                Rank 1 : false
2025-05-20 09:57:54,965 [INFO] ADCParametersView:116 -                Rank 1 : false
2025-05-20 09:57:54,965 [INFO] ADCParametersView:116 -                Rank 1 : false
2025-05-20 09:57:54,965 [INFO] ADCParametersView:116 -                Rank 1 : false
2025-05-20 09:57:54,965 [INFO] ADCParametersView:116 -                Rank 1 : false
2025-05-20 09:57:54,965 [INFO] ADCParametersView:116 -                Rank 1 : false
2025-05-20 09:57:54,965 [INFO] ADCParametersView:116 -                Rank 1 : false
2025-05-20 09:57:54,965 [INFO] ADCParametersView:116 -                Rank 1 : false
2025-05-20 09:57:54,975 [INFO] ADCParametersView:116 -                Rank 1 : false
2025-05-20 09:57:54,984 [WARN] BspModel:444 - BSP dependency skipped because of component: name='IOExpander', api='Unknown'
2025-05-20 09:57:55,063 [INFO] NvicIntPanel:101 - NVIC parent = com.st.microxplorer.plugins.ip.nvic.MultiNvicIntPanel[,0,0,0x0,invalid,layout=javax.swing.BoxLayout,alignmentX=0.0,alignmentY=0.0,border=,flags=9,maximumSize=,minimumSize=,preferredSize=]
2025-05-20 09:57:55,175 [INFO] NvicIntPanel:101 - NVIC parent = com.st.microxplorer.plugins.ip.nvic.MultiNvicIntPanel[,0,0,0x0,invalid,layout=javax.swing.BoxLayout,alignmentX=0.0,alignmentY=0.0,border=,flags=9,maximumSize=,minimumSize=,preferredSize=]
2025-05-20 09:57:55,252 [INFO] ADCParametersView:116 -                Rank 1 : false
2025-05-20 09:57:55,253 [INFO] ADCParametersView:116 -                Rank 1 : false
2025-05-20 09:57:55,253 [INFO] ADCParametersView:116 -                Rank 1 : false
2025-05-20 09:57:55,253 [INFO] ADCParametersView:116 -                Rank 1 : false
2025-05-20 09:57:55,253 [INFO] ADCParametersView:116 -                Rank 1 : false
2025-05-20 09:57:55,254 [INFO] ADCParametersView:116 -                Rank 1 : false
2025-05-20 09:57:55,254 [INFO] ADCParametersView:116 -                Rank 1 : false
2025-05-20 09:57:55,254 [INFO] ADCParametersView:116 -                Rank 1 : false
2025-05-20 09:57:55,254 [INFO] ADCParametersView:116 -                Rank 1 : false
2025-05-20 09:57:55,254 [INFO] ADCParametersView:116 -                Rank 1 : false
2025-05-20 09:57:55,254 [INFO] ADCParametersView:116 -                Rank 1 : false
2025-05-20 09:57:55,255 [INFO] ADCParametersView:116 -                Rank 1 : false
2025-05-20 09:57:55,255 [INFO] ADCParametersView:116 -                Rank 1 : false
2025-05-20 09:57:55,255 [INFO] ADCParametersView:116 -                Rank 1 : false
2025-05-20 09:57:55,294 [INFO] ADCParametersView:116 -                Rank 1 : false
2025-05-20 09:57:55,341 [INFO] ADCParametersView:116 -                Rank 1 : false
2025-05-20 09:57:55,342 [INFO] ADCParametersView:116 -                Rank 1 : false
2025-05-20 09:57:55,342 [INFO] ADCParametersView:116 -                Rank 1 : false
2025-05-20 09:57:55,342 [INFO] ADCParametersView:116 -                Rank 1 : false
2025-05-20 09:57:55,342 [INFO] ADCParametersView:116 -                Rank 1 : false
2025-05-20 09:57:55,342 [INFO] ADCParametersView:116 -                Rank 1 : false
2025-05-20 09:57:55,344 [INFO] ADCParametersView:116 -                Rank 1 : false
2025-05-20 09:57:55,344 [INFO] ADCParametersView:116 -                Rank 1 : false
2025-05-20 09:57:55,344 [INFO] ADCParametersView:116 -                Rank 1 : false
2025-05-20 09:57:55,344 [INFO] ADCParametersView:116 -                Rank 1 : false
2025-05-20 09:57:55,344 [INFO] ADCParametersView:116 -                Rank 1 : false
2025-05-20 09:57:55,344 [INFO] ADCParametersView:116 -                Rank 1 : false
2025-05-20 09:57:55,344 [INFO] ADCParametersView:116 -                Rank 1 : false
2025-05-20 09:57:55,345 [INFO] ADCParametersView:116 -                Rank 1 : false
2025-05-20 09:57:55,374 [INFO] ADCParametersView:116 -                Rank 1 : false
2025-05-20 09:57:55,772 [ERROR] LogOutputStream:75 - [STDERR_REDIRECT] [Fatal Error] :1:1: Premature end of file.
2025-05-20 09:57:55,772 [ERROR] LogOutputStream:75 - [STDERR_REDIRECT] 
2025-05-20 09:57:56,776 [ERROR] LogOutputStream:75 - [STDERR_REDIRECT] [Fatal Error] :1:1: Premature end of file.
2025-05-20 09:57:56,776 [ERROR] LogOutputStream:75 - [STDERR_REDIRECT] 
2025-05-20 09:57:57,766 [ERROR] LogOutputStream:75 - [STDERR_REDIRECT] [Fatal Error] :1:1: Premature end of file.
2025-05-20 09:57:57,767 [ERROR] LogOutputStream:75 - [STDERR_REDIRECT] 
2025-05-20 09:57:58,768 [ERROR] LogOutputStream:75 - [STDERR_REDIRECT] [Fatal Error] :1:1: Premature end of file.
2025-05-20 09:57:58,768 [ERROR] LogOutputStream:75 - [STDERR_REDIRECT] 
2025-05-20 09:57:59,805 [ERROR] LogOutputStream:75 - [STDERR_REDIRECT] [Fatal Error] :1:1: Premature end of file.
2025-05-20 09:57:59,805 [ERROR] LogOutputStream:75 - [STDERR_REDIRECT] 
2025-05-20 09:58:00,778 [ERROR] LogOutputStream:75 - [STDERR_REDIRECT] [Fatal Error] :1:1: Premature end of file.
2025-05-20 09:58:00,778 [ERROR] LogOutputStream:75 - [STDERR_REDIRECT] 
2025-05-20 09:58:01,761 [ERROR] LogOutputStream:75 - [STDERR_REDIRECT] [Fatal Error] :1:1: Premature end of file.
2025-05-20 09:58:01,762 [ERROR] LogOutputStream:75 - [STDERR_REDIRECT] 
2025-05-20 09:58:02,764 [ERROR] LogOutputStream:75 - [STDERR_REDIRECT] [Fatal Error] :1:1: Premature end of file.
2025-05-20 09:58:02,764 [ERROR] LogOutputStream:75 - [STDERR_REDIRECT] 
2025-05-20 09:58:03,771 [ERROR] LogOutputStream:75 - [STDERR_REDIRECT] [Fatal Error] :1:1: Premature end of file.
2025-05-20 09:58:03,771 [ERROR] LogOutputStream:75 - [STDERR_REDIRECT] 
2025-05-20 09:58:04,773 [ERROR] LogOutputStream:75 - [STDERR_REDIRECT] [Fatal Error] :1:1: Premature end of file.
2025-05-20 09:58:04,773 [ERROR] LogOutputStream:75 - [STDERR_REDIRECT] 
2025-05-20 09:58:05,776 [ERROR] LogOutputStream:75 - [STDERR_REDIRECT] [Fatal Error] :1:1: Premature end of file.
2025-05-20 09:58:05,776 [ERROR] LogOutputStream:75 - [STDERR_REDIRECT] 
2025-05-20 09:58:06,779 [ERROR] LogOutputStream:75 - [STDERR_REDIRECT] [Fatal Error] :1:1: Premature end of file.
2025-05-20 09:58:06,780 [ERROR] LogOutputStream:75 - [STDERR_REDIRECT] 
2025-05-20 09:58:07,770 [ERROR] LogOutputStream:75 - [STDERR_REDIRECT] [Fatal Error] :1:1: Premature end of file.
2025-05-20 09:58:07,770 [ERROR] LogOutputStream:75 - [STDERR_REDIRECT] 
2025-05-20 09:58:08,769 [ERROR] LogOutputStream:75 - [STDERR_REDIRECT] [Fatal Error] :1:1: Premature end of file.
2025-05-20 09:58:08,769 [ERROR] LogOutputStream:75 - [STDERR_REDIRECT] 
2025-05-20 09:58:09,771 [ERROR] LogOutputStream:75 - [STDERR_REDIRECT] [Fatal Error] :1:1: Premature end of file.
2025-05-20 09:58:09,771 [ERROR] LogOutputStream:75 - [STDERR_REDIRECT] 
2025-05-20 09:58:10,763 [ERROR] LogOutputStream:75 - [STDERR_REDIRECT] [Fatal Error] :1:1: Premature end of file.
2025-05-20 09:58:10,763 [ERROR] LogOutputStream:75 - [STDERR_REDIRECT] 
2025-05-20 09:58:11,767 [ERROR] LogOutputStream:75 - [STDERR_REDIRECT] [Fatal Error] :1:1: Premature end of file.
2025-05-20 09:58:11,767 [ERROR] LogOutputStream:75 - [STDERR_REDIRECT] 
2025-05-20 09:58:12,766 [ERROR] LogOutputStream:75 - [STDERR_REDIRECT] [Fatal Error] :1:1: Premature end of file.
2025-05-20 09:58:12,766 [ERROR] LogOutputStream:75 - [STDERR_REDIRECT] 
2025-05-20 09:58:13,774 [ERROR] LogOutputStream:75 - [STDERR_REDIRECT] [Fatal Error] :1:1: Premature end of file.
2025-05-20 09:58:13,774 [ERROR] LogOutputStream:75 - [STDERR_REDIRECT] 
2025-05-20 09:58:14,777 [ERROR] LogOutputStream:75 - [STDERR_REDIRECT] [Fatal Error] :1:1: Premature end of file.
2025-05-20 09:58:14,777 [ERROR] LogOutputStream:75 - [STDERR_REDIRECT] 
2025-05-20 09:58:15,770 [ERROR] LogOutputStream:75 - [STDERR_REDIRECT] [Fatal Error] :1:1: Premature end of file.
2025-05-20 09:58:15,770 [ERROR] LogOutputStream:75 - [STDERR_REDIRECT] 
2025-05-20 09:58:16,761 [ERROR] LogOutputStream:75 - [STDERR_REDIRECT] [Fatal Error] :1:1: Premature end of file.
2025-05-20 09:58:16,761 [ERROR] LogOutputStream:75 - [STDERR_REDIRECT] 
2025-05-20 09:58:17,769 [ERROR] LogOutputStream:75 - [STDERR_REDIRECT] [Fatal Error] :1:1: Premature end of file.
2025-05-20 09:58:17,769 [ERROR] LogOutputStream:75 - [STDERR_REDIRECT] 
2025-05-20 09:58:18,768 [ERROR] LogOutputStream:75 - [STDERR_REDIRECT] [Fatal Error] :1:1: Premature end of file.
2025-05-20 09:58:18,768 [ERROR] LogOutputStream:75 - [STDERR_REDIRECT] 
2025-05-20 09:58:19,768 [ERROR] LogOutputStream:75 - [STDERR_REDIRECT] [Fatal Error] :1:1: Premature end of file.
2025-05-20 09:58:19,768 [ERROR] LogOutputStream:75 - [STDERR_REDIRECT] 
2025-05-20 09:58:20,771 [ERROR] LogOutputStream:75 - [STDERR_REDIRECT] [Fatal Error] :1:1: Premature end of file.
2025-05-20 09:58:20,771 [ERROR] LogOutputStream:75 - [STDERR_REDIRECT] 
2025-05-20 09:58:21,771 [ERROR] LogOutputStream:75 - [STDERR_REDIRECT] [Fatal Error] :1:1: Premature end of file.
2025-05-20 09:58:21,771 [ERROR] LogOutputStream:75 - [STDERR_REDIRECT] 
2025-05-20 09:58:22,766 [ERROR] LogOutputStream:75 - [STDERR_REDIRECT] [Fatal Error] :1:1: Premature end of file.
2025-05-20 09:58:22,766 [ERROR] LogOutputStream:75 - [STDERR_REDIRECT] 
2025-05-20 09:58:23,770 [ERROR] LogOutputStream:75 - [STDERR_REDIRECT] [Fatal Error] :1:1: Premature end of file.
2025-05-20 09:58:23,770 [ERROR] LogOutputStream:75 - [STDERR_REDIRECT] 
2025-05-20 09:58:24,768 [ERROR] LogOutputStream:75 - [STDERR_REDIRECT] [Fatal Error] :1:1: Premature end of file.
2025-05-20 09:58:24,769 [ERROR] LogOutputStream:75 - [STDERR_REDIRECT] 
2025-05-20 09:58:25,774 [ERROR] LogOutputStream:75 - [STDERR_REDIRECT] [Fatal Error] :1:1: Premature end of file.
2025-05-20 09:58:25,775 [ERROR] LogOutputStream:75 - [STDERR_REDIRECT] 
2025-05-20 09:58:26,398 [INFO] WebApp:194 - Connection lost
2025-05-20 09:58:26,627 [INFO] WebApp:191 - Connection restablished
2025-05-20 09:58:26,787 [ERROR] LogOutputStream:75 - [STDERR_REDIRECT] [Fatal Error] :1:1: Premature end of file.
2025-05-20 09:58:26,787 [ERROR] LogOutputStream:75 - [STDERR_REDIRECT] 
2025-05-20 09:58:27,792 [ERROR] LogOutputStream:75 - [STDERR_REDIRECT] [Fatal Error] :1:1: Premature end of file.
2025-05-20 09:58:27,793 [ERROR] LogOutputStream:75 - [STDERR_REDIRECT] 
2025-05-20 09:58:28,780 [ERROR] LogOutputStream:75 - [STDERR_REDIRECT] [Fatal Error] :1:1: Premature end of file.
2025-05-20 09:58:28,781 [ERROR] LogOutputStream:75 - [STDERR_REDIRECT] 
2025-05-20 09:58:29,772 [ERROR] LogOutputStream:75 - [STDERR_REDIRECT] [Fatal Error] :1:1: Premature end of file.
2025-05-20 09:58:29,772 [ERROR] LogOutputStream:75 - [STDERR_REDIRECT] 
2025-05-20 09:58:30,787 [ERROR] LogOutputStream:75 - [STDERR_REDIRECT] [Fatal Error] :1:1: Premature end of file.
2025-05-20 09:58:30,787 [ERROR] LogOutputStream:75 - [STDERR_REDIRECT] 
2025-05-20 09:58:31,775 [ERROR] LogOutputStream:75 - [STDERR_REDIRECT] [Fatal Error] :1:1: Premature end of file.
2025-05-20 09:58:31,775 [ERROR] LogOutputStream:75 - [STDERR_REDIRECT] 
2025-05-20 09:58:32,781 [ERROR] LogOutputStream:75 - [STDERR_REDIRECT] [Fatal Error] :1:1: Premature end of file.
2025-05-20 09:58:32,782 [ERROR] LogOutputStream:75 - [STDERR_REDIRECT] 
2025-05-20 09:58:33,784 [ERROR] LogOutputStream:75 - [STDERR_REDIRECT] [Fatal Error] :1:1: Premature end of file.
2025-05-20 09:58:33,785 [ERROR] LogOutputStream:75 - [STDERR_REDIRECT] 
2025-05-20 09:58:34,788 [ERROR] LogOutputStream:75 - [STDERR_REDIRECT] [Fatal Error] :1:1: Premature end of file.
2025-05-20 09:58:34,788 [ERROR] LogOutputStream:75 - [STDERR_REDIRECT] 
2025-05-20 09:58:35,782 [ERROR] LogOutputStream:75 - [STDERR_REDIRECT] [Fatal Error] :1:1: Premature end of file.
2025-05-20 09:58:35,783 [ERROR] LogOutputStream:75 - [STDERR_REDIRECT] 
2025-05-20 09:58:36,789 [ERROR] LogOutputStream:75 - [STDERR_REDIRECT] [Fatal Error] :1:1: Premature end of file.
2025-05-20 09:58:36,789 [ERROR] LogOutputStream:75 - [STDERR_REDIRECT] 
2025-05-20 09:58:37,779 [ERROR] LogOutputStream:75 - [STDERR_REDIRECT] [Fatal Error] :1:1: Premature end of file.
2025-05-20 09:58:37,779 [ERROR] LogOutputStream:75 - [STDERR_REDIRECT] 
2025-05-20 09:58:38,776 [ERROR] LogOutputStream:75 - [STDERR_REDIRECT] [Fatal Error] :1:1: Premature end of file.
2025-05-20 09:58:38,776 [ERROR] LogOutputStream:75 - [STDERR_REDIRECT] 
2025-05-20 09:58:39,787 [ERROR] LogOutputStream:75 - [STDERR_REDIRECT] [Fatal Error] :1:1: Premature end of file.
2025-05-20 09:58:39,787 [ERROR] LogOutputStream:75 - [STDERR_REDIRECT] 
2025-05-20 09:58:40,786 [ERROR] LogOutputStream:75 - [STDERR_REDIRECT] [Fatal Error] :1:1: Premature end of file.
2025-05-20 09:58:40,786 [ERROR] LogOutputStream:75 - [STDERR_REDIRECT] 
2025-05-20 09:58:41,789 [ERROR] LogOutputStream:75 - [STDERR_REDIRECT] [Fatal Error] :1:1: Premature end of file.
2025-05-20 09:58:41,789 [ERROR] LogOutputStream:75 - [STDERR_REDIRECT] 
2025-05-20 09:58:42,781 [ERROR] LogOutputStream:75 - [STDERR_REDIRECT] [Fatal Error] :1:1: Premature end of file.
2025-05-20 09:58:42,782 [ERROR] LogOutputStream:75 - [STDERR_REDIRECT] 
2025-05-20 09:58:43,799 [ERROR] LogOutputStream:75 - [STDERR_REDIRECT] [Fatal Error] :1:1: Premature end of file.
2025-05-20 09:58:43,799 [ERROR] LogOutputStream:75 - [STDERR_REDIRECT] 
2025-05-20 09:58:44,784 [ERROR] LogOutputStream:75 - [STDERR_REDIRECT] [Fatal Error] :1:1: Premature end of file.
2025-05-20 09:58:44,784 [ERROR] LogOutputStream:75 - [STDERR_REDIRECT] 
2025-05-20 09:58:45,770 [ERROR] LogOutputStream:75 - [STDERR_REDIRECT] [Fatal Error] :1:1: Premature end of file.
2025-05-20 09:58:45,770 [ERROR] LogOutputStream:75 - [STDERR_REDIRECT] 
2025-05-20 09:58:46,780 [ERROR] LogOutputStream:75 - [STDERR_REDIRECT] [Fatal Error] :1:1: Premature end of file.
2025-05-20 09:58:46,780 [ERROR] LogOutputStream:75 - [STDERR_REDIRECT] 
2025-05-20 09:58:47,768 [ERROR] LogOutputStream:75 - [STDERR_REDIRECT] [Fatal Error] :1:1: Premature end of file.
2025-05-20 09:58:47,768 [ERROR] LogOutputStream:75 - [STDERR_REDIRECT] 
2025-05-20 09:58:48,767 [ERROR] LogOutputStream:75 - [STDERR_REDIRECT] [Fatal Error] :1:1: Premature end of file.
2025-05-20 09:58:48,767 [ERROR] LogOutputStream:75 - [STDERR_REDIRECT] 
2025-05-20 09:58:49,782 [ERROR] LogOutputStream:75 - [STDERR_REDIRECT] [Fatal Error] :1:1: Premature end of file.
2025-05-20 09:58:49,782 [ERROR] LogOutputStream:75 - [STDERR_REDIRECT] 
2025-05-20 09:58:50,835 [ERROR] LogOutputStream:75 - [STDERR_REDIRECT] [Fatal Error] :1:1: Premature end of file.
2025-05-20 09:58:50,835 [ERROR] LogOutputStream:75 - [STDERR_REDIRECT] 
2025-05-20 09:58:51,797 [ERROR] LogOutputStream:75 - [STDERR_REDIRECT] [Fatal Error] :1:1: Premature end of file.
2025-05-20 09:58:51,798 [ERROR] LogOutputStream:75 - [STDERR_REDIRECT] 
2025-05-20 09:58:52,784 [ERROR] LogOutputStream:75 - [STDERR_REDIRECT] [Fatal Error] :1:1: Premature end of file.
2025-05-20 09:58:52,784 [ERROR] LogOutputStream:75 - [STDERR_REDIRECT] 
2025-05-20 09:58:53,769 [ERROR] LogOutputStream:75 - [STDERR_REDIRECT] [Fatal Error] :1:1: Premature end of file.
2025-05-20 09:58:53,769 [ERROR] LogOutputStream:75 - [STDERR_REDIRECT] 
2025-05-20 09:58:54,768 [ERROR] LogOutputStream:75 - [STDERR_REDIRECT] [Fatal Error] :1:1: Premature end of file.
2025-05-20 09:58:54,768 [ERROR] LogOutputStream:75 - [STDERR_REDIRECT] 
2025-05-20 09:58:55,771 [ERROR] LogOutputStream:75 - [STDERR_REDIRECT] [Fatal Error] :1:1: Premature end of file.
2025-05-20 09:58:55,771 [ERROR] LogOutputStream:75 - [STDERR_REDIRECT] 
2025-05-20 09:58:56,780 [ERROR] LogOutputStream:75 - [STDERR_REDIRECT] [Fatal Error] :1:1: Premature end of file.
2025-05-20 09:58:56,780 [ERROR] LogOutputStream:75 - [STDERR_REDIRECT] 
2025-05-20 09:58:57,782 [ERROR] LogOutputStream:75 - [STDERR_REDIRECT] [Fatal Error] :1:1: Premature end of file.
2025-05-20 09:58:57,782 [ERROR] LogOutputStream:75 - [STDERR_REDIRECT] 
2025-05-20 09:58:58,776 [ERROR] LogOutputStream:75 - [STDERR_REDIRECT] [Fatal Error] :1:1: Premature end of file.
2025-05-20 09:58:58,776 [ERROR] LogOutputStream:75 - [STDERR_REDIRECT] 
2025-05-20 09:58:59,781 [ERROR] LogOutputStream:75 - [STDERR_REDIRECT] [Fatal Error] :1:1: Premature end of file.
2025-05-20 09:58:59,781 [ERROR] LogOutputStream:75 - [STDERR_REDIRECT] 
2025-05-20 09:59:00,784 [ERROR] LogOutputStream:75 - [STDERR_REDIRECT] [Fatal Error] :1:1: Premature end of file.
2025-05-20 09:59:00,784 [ERROR] LogOutputStream:75 - [STDERR_REDIRECT] 
2025-05-20 09:59:01,774 [ERROR] LogOutputStream:75 - [STDERR_REDIRECT] [Fatal Error] :1:1: Premature end of file.
2025-05-20 09:59:01,774 [ERROR] LogOutputStream:75 - [STDERR_REDIRECT] 
2025-05-20 09:59:02,774 [ERROR] LogOutputStream:75 - [STDERR_REDIRECT] [Fatal Error] :1:1: Premature end of file.
2025-05-20 09:59:02,774 [ERROR] LogOutputStream:75 - [STDERR_REDIRECT] 
2025-05-20 09:59:03,780 [ERROR] LogOutputStream:75 - [STDERR_REDIRECT] [Fatal Error] :1:1: Premature end of file.
2025-05-20 09:59:03,780 [ERROR] LogOutputStream:75 - [STDERR_REDIRECT] 
2025-05-20 09:59:04,774 [ERROR] LogOutputStream:75 - [STDERR_REDIRECT] [Fatal Error] :1:1: Premature end of file.
2025-05-20 09:59:04,774 [ERROR] LogOutputStream:75 - [STDERR_REDIRECT] 
2025-05-20 09:59:05,782 [ERROR] LogOutputStream:75 - [STDERR_REDIRECT] [Fatal Error] :1:1: Premature end of file.
2025-05-20 09:59:05,782 [ERROR] LogOutputStream:75 - [STDERR_REDIRECT] 
2025-05-20 09:59:06,769 [ERROR] LogOutputStream:75 - [STDERR_REDIRECT] [Fatal Error] :1:1: Premature end of file.
2025-05-20 09:59:06,769 [ERROR] LogOutputStream:75 - [STDERR_REDIRECT] 
2025-05-20 09:59:07,765 [ERROR] LogOutputStream:75 - [STDERR_REDIRECT] [Fatal Error] :1:1: Premature end of file.
2025-05-20 09:59:07,765 [ERROR] LogOutputStream:75 - [STDERR_REDIRECT] 
2025-05-20 09:59:08,761 [ERROR] LogOutputStream:75 - [STDERR_REDIRECT] [Fatal Error] :1:1: Premature end of file.
2025-05-20 09:59:08,761 [ERROR] LogOutputStream:75 - [STDERR_REDIRECT] 
2025-05-20 09:59:09,776 [ERROR] LogOutputStream:75 - [STDERR_REDIRECT] [Fatal Error] :1:1: Premature end of file.
2025-05-20 09:59:09,776 [ERROR] LogOutputStream:75 - [STDERR_REDIRECT] 
2025-05-20 09:59:10,771 [ERROR] LogOutputStream:75 - [STDERR_REDIRECT] [Fatal Error] :1:1: Premature end of file.
2025-05-20 09:59:10,771 [ERROR] LogOutputStream:75 - [STDERR_REDIRECT] 
2025-05-20 09:59:11,762 [ERROR] LogOutputStream:75 - [STDERR_REDIRECT] [Fatal Error] :1:1: Premature end of file.
2025-05-20 09:59:11,762 [ERROR] LogOutputStream:75 - [STDERR_REDIRECT] 
2025-05-20 09:59:12,763 [ERROR] LogOutputStream:75 - [STDERR_REDIRECT] [Fatal Error] :1:1: Premature end of file.
2025-05-20 09:59:12,763 [ERROR] LogOutputStream:75 - [STDERR_REDIRECT] 
2025-05-20 09:59:13,763 [ERROR] LogOutputStream:75 - [STDERR_REDIRECT] [Fatal Error] :1:1: Premature end of file.
2025-05-20 09:59:13,764 [ERROR] LogOutputStream:75 - [STDERR_REDIRECT] 
2025-05-20 09:59:14,773 [ERROR] LogOutputStream:75 - [STDERR_REDIRECT] [Fatal Error] :1:1: Premature end of file.
2025-05-20 09:59:14,773 [ERROR] LogOutputStream:75 - [STDERR_REDIRECT] 
2025-05-20 09:59:15,766 [ERROR] LogOutputStream:75 - [STDERR_REDIRECT] [Fatal Error] :1:1: Premature end of file.
2025-05-20 09:59:15,766 [ERROR] LogOutputStream:75 - [STDERR_REDIRECT] 
2025-05-20 09:59:16,766 [ERROR] LogOutputStream:75 - [STDERR_REDIRECT] [Fatal Error] :1:1: Premature end of file.
2025-05-20 09:59:16,766 [ERROR] LogOutputStream:75 - [STDERR_REDIRECT] 
2025-05-20 09:59:17,784 [ERROR] LogOutputStream:75 - [STDERR_REDIRECT] [Fatal Error] :1:1: Premature end of file.
2025-05-20 09:59:17,784 [ERROR] LogOutputStream:75 - [STDERR_REDIRECT] 
2025-05-20 09:59:18,771 [ERROR] LogOutputStream:75 - [STDERR_REDIRECT] [Fatal Error] :1:1: Premature end of file.
2025-05-20 09:59:18,771 [ERROR] LogOutputStream:75 - [STDERR_REDIRECT] 
2025-05-20 09:59:19,787 [ERROR] LogOutputStream:75 - [STDERR_REDIRECT] [Fatal Error] :1:1: Premature end of file.
2025-05-20 09:59:19,787 [ERROR] LogOutputStream:75 - [STDERR_REDIRECT] 
2025-05-20 09:59:20,802 [ERROR] LogOutputStream:75 - [STDERR_REDIRECT] [Fatal Error] :1:1: Premature end of file.
2025-05-20 09:59:20,803 [ERROR] LogOutputStream:75 - [STDERR_REDIRECT] 
2025-05-20 09:59:21,786 [ERROR] LogOutputStream:75 - [STDERR_REDIRECT] [Fatal Error] :1:1: Premature end of file.
2025-05-20 09:59:21,786 [ERROR] LogOutputStream:75 - [STDERR_REDIRECT] 
2025-05-20 09:59:22,772 [ERROR] LogOutputStream:75 - [STDERR_REDIRECT] [Fatal Error] :1:1: Premature end of file.
2025-05-20 09:59:22,772 [ERROR] LogOutputStream:75 - [STDERR_REDIRECT] 
2025-05-20 09:59:23,775 [ERROR] LogOutputStream:75 - [STDERR_REDIRECT] [Fatal Error] :1:1: Premature end of file.
2025-05-20 09:59:23,776 [ERROR] LogOutputStream:75 - [STDERR_REDIRECT] 
2025-05-20 09:59:24,774 [ERROR] LogOutputStream:75 - [STDERR_REDIRECT] [Fatal Error] :1:1: Premature end of file.
2025-05-20 09:59:24,774 [ERROR] LogOutputStream:75 - [STDERR_REDIRECT] 
2025-05-20 09:59:25,775 [ERROR] LogOutputStream:75 - [STDERR_REDIRECT] [Fatal Error] :1:1: Premature end of file.
2025-05-20 09:59:25,775 [ERROR] LogOutputStream:75 - [STDERR_REDIRECT] 
2025-05-20 09:59:26,768 [ERROR] LogOutputStream:75 - [STDERR_REDIRECT] [Fatal Error] :1:1: Premature end of file.
2025-05-20 09:59:26,768 [ERROR] LogOutputStream:75 - [STDERR_REDIRECT] 
2025-05-20 09:59:27,763 [ERROR] LogOutputStream:75 - [STDERR_REDIRECT] [Fatal Error] :1:1: Premature end of file.
2025-05-20 09:59:27,763 [ERROR] LogOutputStream:75 - [STDERR_REDIRECT] 
2025-05-20 09:59:28,782 [ERROR] LogOutputStream:75 - [STDERR_REDIRECT] [Fatal Error] :1:1: Premature end of file.
2025-05-20 09:59:28,782 [ERROR] LogOutputStream:75 - [STDERR_REDIRECT] 
2025-05-20 09:59:29,772 [ERROR] LogOutputStream:75 - [STDERR_REDIRECT] [Fatal Error] :1:1: Premature end of file.
2025-05-20 09:59:29,772 [ERROR] LogOutputStream:75 - [STDERR_REDIRECT] 
2025-05-20 09:59:30,764 [ERROR] LogOutputStream:75 - [STDERR_REDIRECT] [Fatal Error] :1:1: Premature end of file.
2025-05-20 09:59:30,764 [ERROR] LogOutputStream:75 - [STDERR_REDIRECT] 
2025-05-20 09:59:31,768 [ERROR] LogOutputStream:75 - [STDERR_REDIRECT] [Fatal Error] :1:1: Premature end of file.
2025-05-20 09:59:31,768 [ERROR] LogOutputStream:75 - [STDERR_REDIRECT] 
2025-05-20 09:59:32,769 [ERROR] LogOutputStream:75 - [STDERR_REDIRECT] [Fatal Error] :1:1: Premature end of file.
2025-05-20 09:59:32,770 [ERROR] LogOutputStream:75 - [STDERR_REDIRECT] 
2025-05-20 09:59:32,884 [INFO] WebApp:194 - Connection lost
2025-05-20 09:59:33,012 [INFO] WebApp:191 - Connection restablished
2025-05-20 09:59:33,764 [ERROR] LogOutputStream:75 - [STDERR_REDIRECT] [Fatal Error] :1:1: Premature end of file.
2025-05-20 09:59:33,764 [ERROR] LogOutputStream:75 - [STDERR_REDIRECT] 
2025-05-20 09:59:34,770 [ERROR] LogOutputStream:75 - [STDERR_REDIRECT] [Fatal Error] :1:1: Premature end of file.
2025-05-20 09:59:34,771 [ERROR] LogOutputStream:75 - [STDERR_REDIRECT] 
2025-05-20 09:59:35,062 [WARN] BspModel:444 - BSP dependency skipped because of component: name='IOExpander', api='Unknown'
2025-05-20 09:59:35,769 [ERROR] LogOutputStream:75 - [STDERR_REDIRECT] [Fatal Error] :1:1: Premature end of file.
2025-05-20 09:59:35,769 [ERROR] LogOutputStream:75 - [STDERR_REDIRECT] 
2025-05-20 09:59:36,859 [ERROR] LogOutputStream:75 - [STDERR_REDIRECT] [Fatal Error] :1:1: Premature end of file.
2025-05-20 09:59:36,859 [ERROR] LogOutputStream:75 - [STDERR_REDIRECT] 
2025-05-20 09:59:37,054 [INFO] ADCParametersView:116 -                Rank 1 : false
2025-05-20 09:59:37,056 [INFO] ADCParametersView:116 -                Rank 1 : false
2025-05-20 09:59:37,056 [INFO] ADCParametersView:116 -                Rank 1 : false
2025-05-20 09:59:37,056 [INFO] ADCParametersView:116 -                Rank 1 : false
2025-05-20 09:59:37,056 [INFO] ADCParametersView:116 -                Rank 1 : false
2025-05-20 09:59:37,056 [INFO] ADCParametersView:116 -                Rank 1 : false
2025-05-20 09:59:37,056 [INFO] ADCParametersView:116 -                Rank 1 : false
2025-05-20 09:59:37,056 [INFO] ADCParametersView:116 -                Rank 1 : false
2025-05-20 09:59:37,056 [INFO] ADCParametersView:116 -                Rank 1 : false
2025-05-20 09:59:37,057 [INFO] ADCParametersView:116 -                Rank 1 : false
2025-05-20 09:59:37,057 [INFO] ADCParametersView:116 -                Rank 1 : false
2025-05-20 09:59:37,057 [INFO] ADCParametersView:116 -                Rank 1 : false
2025-05-20 09:59:37,057 [INFO] ADCParametersView:116 -                Rank 1 : false
2025-05-20 09:59:37,057 [INFO] ADCParametersView:116 -                Rank 1 : false
2025-05-20 09:59:37,073 [INFO] ADCParametersView:116 -                Rank 1 : false
2025-05-20 09:59:37,113 [INFO] ADCParametersView:116 -                Rank 1 : false
2025-05-20 09:59:37,114 [INFO] ADCParametersView:116 -                Rank 1 : false
2025-05-20 09:59:37,114 [INFO] ADCParametersView:116 -                Rank 1 : false
2025-05-20 09:59:37,114 [INFO] ADCParametersView:116 -                Rank 1 : false
2025-05-20 09:59:37,114 [INFO] ADCParametersView:116 -                Rank 1 : false
2025-05-20 09:59:37,115 [INFO] ADCParametersView:116 -                Rank 1 : false
2025-05-20 09:59:37,115 [INFO] ADCParametersView:116 -                Rank 1 : false
2025-05-20 09:59:37,115 [INFO] ADCParametersView:116 -                Rank 1 : false
2025-05-20 09:59:37,115 [INFO] ADCParametersView:116 -                Rank 1 : false
2025-05-20 09:59:37,115 [INFO] ADCParametersView:116 -                Rank 1 : false
2025-05-20 09:59:37,115 [INFO] ADCParametersView:116 -                Rank 1 : false
2025-05-20 09:59:37,115 [INFO] ADCParametersView:116 -                Rank 1 : false
2025-05-20 09:59:37,115 [INFO] ADCParametersView:116 -                Rank 1 : false
2025-05-20 09:59:37,115 [INFO] ADCParametersView:116 -                Rank 1 : false
2025-05-20 09:59:37,134 [INFO] ADCParametersView:116 -                Rank 1 : false
2025-05-20 09:59:37,769 [ERROR] LogOutputStream:75 - [STDERR_REDIRECT] [Fatal Error] :1:1: Premature end of file.
2025-05-20 09:59:37,769 [ERROR] LogOutputStream:75 - [STDERR_REDIRECT] 
2025-05-20 09:59:38,775 [ERROR] LogOutputStream:75 - [STDERR_REDIRECT] [Fatal Error] :1:1: Premature end of file.
2025-05-20 09:59:38,775 [ERROR] LogOutputStream:75 - [STDERR_REDIRECT] 
2025-05-20 09:59:39,769 [ERROR] LogOutputStream:75 - [STDERR_REDIRECT] [Fatal Error] :1:1: Premature end of file.
2025-05-20 09:59:39,769 [ERROR] LogOutputStream:75 - [STDERR_REDIRECT] 
2025-05-20 09:59:40,784 [ERROR] LogOutputStream:75 - [STDERR_REDIRECT] [Fatal Error] :1:1: Premature end of file.
2025-05-20 09:59:40,784 [ERROR] LogOutputStream:75 - [STDERR_REDIRECT] 
2025-05-20 09:59:41,772 [ERROR] LogOutputStream:75 - [STDERR_REDIRECT] [Fatal Error] :1:1: Premature end of file.
2025-05-20 09:59:41,772 [ERROR] LogOutputStream:75 - [STDERR_REDIRECT] 
2025-05-20 09:59:42,769 [ERROR] LogOutputStream:75 - [STDERR_REDIRECT] [Fatal Error] :1:1: Premature end of file.
2025-05-20 09:59:42,769 [ERROR] LogOutputStream:75 - [STDERR_REDIRECT] 
2025-05-20 09:59:43,777 [ERROR] LogOutputStream:75 - [STDERR_REDIRECT] [Fatal Error] :1:1: Premature end of file.
2025-05-20 09:59:43,777 [ERROR] LogOutputStream:75 - [STDERR_REDIRECT] 
2025-05-20 09:59:44,774 [ERROR] LogOutputStream:75 - [STDERR_REDIRECT] [Fatal Error] :1:1: Premature end of file.
2025-05-20 09:59:44,774 [ERROR] LogOutputStream:75 - [STDERR_REDIRECT] 
2025-05-20 09:59:45,782 [ERROR] LogOutputStream:75 - [STDERR_REDIRECT] [Fatal Error] :1:1: Premature end of file.
2025-05-20 09:59:45,783 [ERROR] LogOutputStream:75 - [STDERR_REDIRECT] 
2025-05-20 09:59:46,790 [ERROR] LogOutputStream:75 - [STDERR_REDIRECT] [Fatal Error] :1:1: Premature end of file.
2025-05-20 09:59:46,790 [ERROR] LogOutputStream:75 - [STDERR_REDIRECT] 
2025-05-20 09:59:47,766 [ERROR] LogOutputStream:75 - [STDERR_REDIRECT] [Fatal Error] :1:1: Premature end of file.
2025-05-20 09:59:47,766 [ERROR] LogOutputStream:75 - [STDERR_REDIRECT] 
2025-05-20 09:59:48,767 [ERROR] LogOutputStream:75 - [STDERR_REDIRECT] [Fatal Error] :1:1: Premature end of file.
2025-05-20 09:59:48,767 [ERROR] LogOutputStream:75 - [STDERR_REDIRECT] 
2025-05-20 09:59:49,783 [ERROR] LogOutputStream:75 - [STDERR_REDIRECT] [Fatal Error] :1:1: Premature end of file.
2025-05-20 09:59:49,783 [ERROR] LogOutputStream:75 - [STDERR_REDIRECT] 
2025-05-20 09:59:50,771 [ERROR] LogOutputStream:75 - [STDERR_REDIRECT] [Fatal Error] :1:1: Premature end of file.
2025-05-20 09:59:50,771 [ERROR] LogOutputStream:75 - [STDERR_REDIRECT] 
2025-05-20 09:59:51,775 [ERROR] LogOutputStream:75 - [STDERR_REDIRECT] [Fatal Error] :1:1: Premature end of file.
2025-05-20 09:59:51,775 [ERROR] LogOutputStream:75 - [STDERR_REDIRECT] 
2025-05-20 09:59:52,779 [ERROR] LogOutputStream:75 - [STDERR_REDIRECT] [Fatal Error] :1:1: Premature end of file.
2025-05-20 09:59:52,779 [ERROR] LogOutputStream:75 - [STDERR_REDIRECT] 
2025-05-20 09:59:53,779 [ERROR] LogOutputStream:75 - [STDERR_REDIRECT] [Fatal Error] :1:1: Premature end of file.
2025-05-20 09:59:53,779 [ERROR] LogOutputStream:75 - [STDERR_REDIRECT] 
2025-05-20 09:59:54,778 [ERROR] LogOutputStream:75 - [STDERR_REDIRECT] [Fatal Error] :1:1: Premature end of file.
2025-05-20 09:59:54,778 [ERROR] LogOutputStream:75 - [STDERR_REDIRECT] 
2025-05-20 09:59:55,773 [ERROR] LogOutputStream:75 - [STDERR_REDIRECT] [Fatal Error] :1:1: Premature end of file.
2025-05-20 09:59:55,773 [ERROR] LogOutputStream:75 - [STDERR_REDIRECT] 
2025-05-20 09:59:56,782 [ERROR] LogOutputStream:75 - [STDERR_REDIRECT] [Fatal Error] :1:1: Premature end of file.
2025-05-20 09:59:56,782 [ERROR] LogOutputStream:75 - [STDERR_REDIRECT] 
2025-05-20 09:59:57,781 [ERROR] LogOutputStream:75 - [STDERR_REDIRECT] [Fatal Error] :1:1: Premature end of file.
2025-05-20 09:59:57,781 [ERROR] LogOutputStream:75 - [STDERR_REDIRECT] 
2025-05-20 09:59:58,781 [ERROR] LogOutputStream:75 - [STDERR_REDIRECT] [Fatal Error] :1:1: Premature end of file.
2025-05-20 09:59:58,781 [ERROR] LogOutputStream:75 - [STDERR_REDIRECT] 
2025-05-20 09:59:59,786 [ERROR] LogOutputStream:75 - [STDERR_REDIRECT] [Fatal Error] :1:1: Premature end of file.
2025-05-20 09:59:59,786 [ERROR] LogOutputStream:75 - [STDERR_REDIRECT] 
2025-05-20 10:00:00,778 [ERROR] LogOutputStream:75 - [STDERR_REDIRECT] [Fatal Error] :1:1: Premature end of file.
2025-05-20 10:00:00,778 [ERROR] LogOutputStream:75 - [STDERR_REDIRECT] 
2025-05-20 10:00:01,786 [ERROR] LogOutputStream:75 - [STDERR_REDIRECT] [Fatal Error] :1:1: Premature end of file.
2025-05-20 10:00:01,786 [ERROR] LogOutputStream:75 - [STDERR_REDIRECT] 
2025-05-20 10:00:02,766 [ERROR] LogOutputStream:75 - [STDERR_REDIRECT] [Fatal Error] :1:1: Premature end of file.
2025-05-20 10:00:02,766 [ERROR] LogOutputStream:75 - [STDERR_REDIRECT] 
2025-05-20 10:00:03,779 [ERROR] LogOutputStream:75 - [STDERR_REDIRECT] [Fatal Error] :1:1: Premature end of file.
2025-05-20 10:00:03,779 [ERROR] LogOutputStream:75 - [STDERR_REDIRECT] 
2025-05-20 10:00:04,772 [ERROR] LogOutputStream:75 - [STDERR_REDIRECT] [Fatal Error] :1:1: Premature end of file.
2025-05-20 10:00:04,772 [ERROR] LogOutputStream:75 - [STDERR_REDIRECT] 
2025-05-20 10:00:05,768 [ERROR] LogOutputStream:75 - [STDERR_REDIRECT] [Fatal Error] :1:1: Premature end of file.
2025-05-20 10:00:05,769 [ERROR] LogOutputStream:75 - [STDERR_REDIRECT] 
2025-05-20 10:00:06,768 [ERROR] LogOutputStream:75 - [STDERR_REDIRECT] [Fatal Error] :1:1: Premature end of file.
2025-05-20 10:00:06,768 [ERROR] LogOutputStream:75 - [STDERR_REDIRECT] 
2025-05-20 10:00:07,765 [ERROR] LogOutputStream:75 - [STDERR_REDIRECT] [Fatal Error] :1:1: Premature end of file.
2025-05-20 10:00:07,765 [ERROR] LogOutputStream:75 - [STDERR_REDIRECT] 
2025-05-20 10:00:08,762 [ERROR] LogOutputStream:75 - [STDERR_REDIRECT] [Fatal Error] :1:1: Premature end of file.
2025-05-20 10:00:08,762 [ERROR] LogOutputStream:75 - [STDERR_REDIRECT] 
2025-05-20 10:00:09,770 [ERROR] LogOutputStream:75 - [STDERR_REDIRECT] [Fatal Error] :1:1: Premature end of file.
2025-05-20 10:00:09,770 [ERROR] LogOutputStream:75 - [STDERR_REDIRECT] 
2025-05-20 10:00:10,764 [ERROR] LogOutputStream:75 - [STDERR_REDIRECT] [Fatal Error] :1:1: Premature end of file.
2025-05-20 10:00:10,764 [ERROR] LogOutputStream:75 - [STDERR_REDIRECT] 
2025-05-20 10:00:11,769 [ERROR] LogOutputStream:75 - [STDERR_REDIRECT] [Fatal Error] :1:1: Premature end of file.
2025-05-20 10:00:11,769 [ERROR] LogOutputStream:75 - [STDERR_REDIRECT] 
2025-05-20 10:00:12,773 [ERROR] LogOutputStream:75 - [STDERR_REDIRECT] [Fatal Error] :1:1: Premature end of file.
2025-05-20 10:00:12,773 [ERROR] LogOutputStream:75 - [STDERR_REDIRECT] 
2025-05-20 10:00:13,765 [ERROR] LogOutputStream:75 - [STDERR_REDIRECT] [Fatal Error] :1:1: Premature end of file.
2025-05-20 10:00:13,765 [ERROR] LogOutputStream:75 - [STDERR_REDIRECT] 
2025-05-20 10:00:14,769 [ERROR] LogOutputStream:75 - [STDERR_REDIRECT] [Fatal Error] :1:1: Premature end of file.
2025-05-20 10:00:14,769 [ERROR] LogOutputStream:75 - [STDERR_REDIRECT] 
2025-05-20 10:00:15,771 [ERROR] LogOutputStream:75 - [STDERR_REDIRECT] [Fatal Error] :1:1: Premature end of file.
2025-05-20 10:00:15,771 [ERROR] LogOutputStream:75 - [STDERR_REDIRECT] 
2025-05-20 10:00:16,770 [ERROR] LogOutputStream:75 - [STDERR_REDIRECT] [Fatal Error] :1:1: Premature end of file.
2025-05-20 10:00:16,770 [ERROR] LogOutputStream:75 - [STDERR_REDIRECT] 
2025-05-20 10:00:17,774 [ERROR] LogOutputStream:75 - [STDERR_REDIRECT] [Fatal Error] :1:1: Premature end of file.
2025-05-20 10:00:17,775 [ERROR] LogOutputStream:75 - [STDERR_REDIRECT] 
2025-05-20 10:00:18,772 [ERROR] LogOutputStream:75 - [STDERR_REDIRECT] [Fatal Error] :1:1: Premature end of file.
2025-05-20 10:00:18,772 [ERROR] LogOutputStream:75 - [STDERR_REDIRECT] 
2025-05-20 10:00:19,790 [ERROR] LogOutputStream:75 - [STDERR_REDIRECT] [Fatal Error] :1:1: Premature end of file.
2025-05-20 10:00:19,791 [ERROR] LogOutputStream:75 - [STDERR_REDIRECT] 
2025-05-20 10:00:20,792 [ERROR] LogOutputStream:75 - [STDERR_REDIRECT] [Fatal Error] :1:1: Premature end of file.
2025-05-20 10:00:20,792 [ERROR] LogOutputStream:75 - [STDERR_REDIRECT] 
2025-05-20 10:00:21,801 [ERROR] LogOutputStream:75 - [STDERR_REDIRECT] [Fatal Error] :1:1: Premature end of file.
2025-05-20 10:00:21,801 [ERROR] LogOutputStream:75 - [STDERR_REDIRECT] 
2025-05-20 10:00:22,778 [ERROR] LogOutputStream:75 - [STDERR_REDIRECT] [Fatal Error] :1:1: Premature end of file.
2025-05-20 10:00:22,778 [ERROR] LogOutputStream:75 - [STDERR_REDIRECT] 
2025-05-20 10:00:23,774 [ERROR] LogOutputStream:75 - [STDERR_REDIRECT] [Fatal Error] :1:1: Premature end of file.
2025-05-20 10:00:23,774 [ERROR] LogOutputStream:75 - [STDERR_REDIRECT] 
2025-05-20 10:00:24,777 [ERROR] LogOutputStream:75 - [STDERR_REDIRECT] [Fatal Error] :1:1: Premature end of file.
2025-05-20 10:00:24,777 [ERROR] LogOutputStream:75 - [STDERR_REDIRECT] 
2025-05-20 10:00:25,785 [ERROR] LogOutputStream:75 - [STDERR_REDIRECT] [Fatal Error] :1:1: Premature end of file.
2025-05-20 10:00:25,785 [ERROR] LogOutputStream:75 - [STDERR_REDIRECT] 
2025-05-20 10:00:26,787 [ERROR] LogOutputStream:75 - [STDERR_REDIRECT] [Fatal Error] :1:1: Premature end of file.
2025-05-20 10:00:26,787 [ERROR] LogOutputStream:75 - [STDERR_REDIRECT] 
2025-05-20 10:00:27,783 [ERROR] LogOutputStream:75 - [STDERR_REDIRECT] [Fatal Error] :1:1: Premature end of file.
2025-05-20 10:00:27,783 [ERROR] LogOutputStream:75 - [STDERR_REDIRECT] 
2025-05-20 10:00:28,779 [ERROR] LogOutputStream:75 - [STDERR_REDIRECT] [Fatal Error] :1:1: Premature end of file.
2025-05-20 10:00:28,779 [ERROR] LogOutputStream:75 - [STDERR_REDIRECT] 
2025-05-20 10:00:29,790 [ERROR] LogOutputStream:75 - [STDERR_REDIRECT] [Fatal Error] :1:1: Premature end of file.
2025-05-20 10:00:29,790 [ERROR] LogOutputStream:75 - [STDERR_REDIRECT] 
2025-05-20 10:00:30,781 [ERROR] LogOutputStream:75 - [STDERR_REDIRECT] [Fatal Error] :1:1: Premature end of file.
2025-05-20 10:00:30,781 [ERROR] LogOutputStream:75 - [STDERR_REDIRECT] 
2025-05-20 10:00:31,789 [ERROR] LogOutputStream:75 - [STDERR_REDIRECT] [Fatal Error] :1:1: Premature end of file.
2025-05-20 10:00:31,789 [ERROR] LogOutputStream:75 - [STDERR_REDIRECT] 
2025-05-20 10:00:32,785 [ERROR] LogOutputStream:75 - [STDERR_REDIRECT] [Fatal Error] :1:1: Premature end of file.
2025-05-20 10:00:32,786 [ERROR] LogOutputStream:75 - [STDERR_REDIRECT] 
2025-05-20 10:00:33,799 [ERROR] LogOutputStream:75 - [STDERR_REDIRECT] [Fatal Error] :1:1: Premature end of file.
2025-05-20 10:00:33,800 [ERROR] LogOutputStream:75 - [STDERR_REDIRECT] 
2025-05-20 10:00:34,788 [ERROR] LogOutputStream:75 - [STDERR_REDIRECT] [Fatal Error] :1:1: Premature end of file.
2025-05-20 10:00:34,788 [ERROR] LogOutputStream:75 - [STDERR_REDIRECT] 
2025-05-20 10:00:35,773 [ERROR] LogOutputStream:75 - [STDERR_REDIRECT] [Fatal Error] :1:1: Premature end of file.
2025-05-20 10:00:35,773 [ERROR] LogOutputStream:75 - [STDERR_REDIRECT] 
2025-05-20 10:00:36,785 [ERROR] LogOutputStream:75 - [STDERR_REDIRECT] [Fatal Error] :1:1: Premature end of file.
2025-05-20 10:00:36,787 [ERROR] LogOutputStream:75 - [STDERR_REDIRECT] 
2025-05-20 10:00:37,782 [ERROR] LogOutputStream:75 - [STDERR_REDIRECT] [Fatal Error] :1:1: Premature end of file.
2025-05-20 10:00:37,782 [ERROR] LogOutputStream:75 - [STDERR_REDIRECT] 
2025-05-20 10:00:38,798 [ERROR] LogOutputStream:75 - [STDERR_REDIRECT] [Fatal Error] :1:1: Premature end of file.
2025-05-20 10:00:38,798 [ERROR] LogOutputStream:75 - [STDERR_REDIRECT] 
2025-05-20 10:00:39,793 [ERROR] LogOutputStream:75 - [STDERR_REDIRECT] [Fatal Error] :1:1: Premature end of file.
2025-05-20 10:00:39,793 [ERROR] LogOutputStream:75 - [STDERR_REDIRECT] 
2025-05-20 10:00:40,783 [ERROR] LogOutputStream:75 - [STDERR_REDIRECT] [Fatal Error] :1:1: Premature end of file.
2025-05-20 10:00:40,783 [ERROR] LogOutputStream:75 - [STDERR_REDIRECT] 
2025-05-20 10:00:41,783 [ERROR] LogOutputStream:75 - [STDERR_REDIRECT] [Fatal Error] :1:1: Premature end of file.
2025-05-20 10:00:41,783 [ERROR] LogOutputStream:75 - [STDERR_REDIRECT] 
2025-05-20 10:00:42,774 [ERROR] LogOutputStream:75 - [STDERR_REDIRECT] [Fatal Error] :1:1: Premature end of file.
2025-05-20 10:00:42,774 [ERROR] LogOutputStream:75 - [STDERR_REDIRECT] 
2025-05-20 10:00:43,777 [ERROR] LogOutputStream:75 - [STDERR_REDIRECT] [Fatal Error] :1:1: Premature end of file.
2025-05-20 10:00:43,778 [ERROR] LogOutputStream:75 - [STDERR_REDIRECT] 
2025-05-20 10:00:44,768 [ERROR] LogOutputStream:75 - [STDERR_REDIRECT] [Fatal Error] :1:1: Premature end of file.
2025-05-20 10:00:44,769 [ERROR] LogOutputStream:75 - [STDERR_REDIRECT] 
2025-05-20 10:00:45,775 [ERROR] LogOutputStream:75 - [STDERR_REDIRECT] [Fatal Error] :1:1: Premature end of file.
2025-05-20 10:00:45,775 [ERROR] LogOutputStream:75 - [STDERR_REDIRECT] 
2025-05-20 10:00:46,764 [ERROR] LogOutputStream:75 - [STDERR_REDIRECT] [Fatal Error] :1:1: Premature end of file.
2025-05-20 10:00:46,764 [ERROR] LogOutputStream:75 - [STDERR_REDIRECT] 
2025-05-20 10:00:47,769 [ERROR] LogOutputStream:75 - [STDERR_REDIRECT] [Fatal Error] :1:1: Premature end of file.
2025-05-20 10:00:47,769 [ERROR] LogOutputStream:75 - [STDERR_REDIRECT] 
2025-05-20 10:00:48,770 [ERROR] LogOutputStream:75 - [STDERR_REDIRECT] [Fatal Error] :1:1: Premature end of file.
2025-05-20 10:00:48,770 [ERROR] LogOutputStream:75 - [STDERR_REDIRECT] 
2025-05-20 10:00:49,765 [ERROR] LogOutputStream:75 - [STDERR_REDIRECT] [Fatal Error] :1:1: Premature end of file.
2025-05-20 10:00:49,765 [ERROR] LogOutputStream:75 - [STDERR_REDIRECT] 
2025-05-20 10:00:50,817 [ERROR] LogOutputStream:75 - [STDERR_REDIRECT] [Fatal Error] :1:1: Premature end of file.
2025-05-20 10:00:50,817 [ERROR] LogOutputStream:75 - [STDERR_REDIRECT] 
2025-05-20 10:00:51,821 [ERROR] LogOutputStream:75 - [STDERR_REDIRECT] [Fatal Error] :1:1: Premature end of file.
2025-05-20 10:00:51,821 [ERROR] LogOutputStream:75 - [STDERR_REDIRECT] 
2025-05-20 10:00:52,767 [ERROR] LogOutputStream:75 - [STDERR_REDIRECT] [Fatal Error] :1:1: Premature end of file.
2025-05-20 10:00:52,767 [ERROR] LogOutputStream:75 - [STDERR_REDIRECT] 
2025-05-20 10:00:52,875 [INFO] WebApp:194 - Connection lost
2025-05-20 10:00:53,033 [INFO] NvicIntPanel:101 - NVIC parent = com.st.microxplorer.plugins.ip.nvic.MultiNvicIntPanel[,0,0,0x0,invalid,layout=javax.swing.BoxLayout,alignmentX=0.0,alignmentY=0.0,border=,flags=9,maximumSize=,minimumSize=,preferredSize=]
2025-05-20 10:00:53,080 [INFO] WebApp:191 - Connection restablished
2025-05-20 10:00:53,084 [INFO] ADCParametersView:116 -                Rank 1 : false
2025-05-20 10:00:53,088 [INFO] ADCParametersView:116 -                Rank 1 : false
2025-05-20 10:00:53,088 [INFO] ADCParametersView:116 -                Rank 1 : false
2025-05-20 10:00:53,088 [INFO] ADCParametersView:116 -                Rank 1 : false
2025-05-20 10:00:53,088 [INFO] ADCParametersView:116 -                Rank 1 : false
2025-05-20 10:00:53,088 [INFO] ADCParametersView:116 -                Rank 1 : false
2025-05-20 10:00:53,089 [INFO] ADCParametersView:116 -                Rank 1 : false
2025-05-20 10:00:53,089 [INFO] ADCParametersView:116 -                Rank 1 : false
2025-05-20 10:00:53,089 [INFO] ADCParametersView:116 -                Rank 1 : false
2025-05-20 10:00:53,089 [INFO] ADCParametersView:116 -                Rank 1 : false
2025-05-20 10:00:53,089 [INFO] ADCParametersView:116 -                Rank 1 : false
2025-05-20 10:00:53,089 [INFO] ADCParametersView:116 -                Rank 1 : false
2025-05-20 10:00:53,089 [INFO] ADCParametersView:116 -                Rank 1 : false
2025-05-20 10:00:53,089 [INFO] ADCParametersView:116 -                Rank 1 : false
2025-05-20 10:00:53,114 [INFO] ADCParametersView:116 -                Rank 1 : false
2025-05-20 10:00:53,780 [ERROR] LogOutputStream:75 - [STDERR_REDIRECT] [Fatal Error] :1:1: Premature end of file.
2025-05-20 10:00:53,781 [ERROR] LogOutputStream:75 - [STDERR_REDIRECT] 
2025-05-20 10:00:54,766 [ERROR] LogOutputStream:75 - [STDERR_REDIRECT] [Fatal Error] :1:1: Premature end of file.
2025-05-20 10:00:54,766 [ERROR] LogOutputStream:75 - [STDERR_REDIRECT] 
2025-05-20 10:00:55,783 [ERROR] LogOutputStream:75 - [STDERR_REDIRECT] [Fatal Error] :1:1: Premature end of file.
2025-05-20 10:00:55,783 [ERROR] LogOutputStream:75 - [STDERR_REDIRECT] 
2025-05-20 10:00:56,793 [ERROR] LogOutputStream:75 - [STDERR_REDIRECT] [Fatal Error] :1:1: Premature end of file.
2025-05-20 10:00:56,793 [ERROR] LogOutputStream:75 - [STDERR_REDIRECT] 
2025-05-20 10:00:57,764 [ERROR] LogOutputStream:75 - [STDERR_REDIRECT] [Fatal Error] :1:1: Premature end of file.
2025-05-20 10:00:57,764 [ERROR] LogOutputStream:75 - [STDERR_REDIRECT] 
2025-05-20 10:00:58,767 [ERROR] LogOutputStream:75 - [STDERR_REDIRECT] [Fatal Error] :1:1: Premature end of file.
2025-05-20 10:00:58,767 [ERROR] LogOutputStream:75 - [STDERR_REDIRECT] 
2025-05-20 10:00:59,768 [ERROR] LogOutputStream:75 - [STDERR_REDIRECT] [Fatal Error] :1:1: Premature end of file.
2025-05-20 10:00:59,768 [ERROR] LogOutputStream:75 - [STDERR_REDIRECT] 
2025-05-20 10:01:00,788 [ERROR] LogOutputStream:75 - [STDERR_REDIRECT] [Fatal Error] :1:1: Premature end of file.
2025-05-20 10:01:00,790 [ERROR] LogOutputStream:75 - [STDERR_REDIRECT] 
2025-05-20 10:01:01,796 [ERROR] LogOutputStream:75 - [STDERR_REDIRECT] [Fatal Error] :1:1: Premature end of file.
2025-05-20 10:01:01,796 [ERROR] LogOutputStream:75 - [STDERR_REDIRECT] 
2025-05-20 10:01:02,776 [ERROR] LogOutputStream:75 - [STDERR_REDIRECT] [Fatal Error] :1:1: Premature end of file.
2025-05-20 10:01:02,776 [ERROR] LogOutputStream:75 - [STDERR_REDIRECT] 
2025-05-20 10:01:03,767 [ERROR] LogOutputStream:75 - [STDERR_REDIRECT] [Fatal Error] :1:1: Premature end of file.
2025-05-20 10:01:03,767 [ERROR] LogOutputStream:75 - [STDERR_REDIRECT] 
2025-05-20 10:01:04,762 [ERROR] LogOutputStream:75 - [STDERR_REDIRECT] [Fatal Error] :1:1: Premature end of file.
2025-05-20 10:01:04,762 [ERROR] LogOutputStream:75 - [STDERR_REDIRECT] 
2025-05-20 10:01:05,763 [ERROR] LogOutputStream:75 - [STDERR_REDIRECT] [Fatal Error] :1:1: Premature end of file.
2025-05-20 10:01:05,763 [ERROR] LogOutputStream:75 - [STDERR_REDIRECT] 
2025-05-20 10:01:06,767 [ERROR] LogOutputStream:75 - [STDERR_REDIRECT] [Fatal Error] :1:1: Premature end of file.
2025-05-20 10:01:06,767 [ERROR] LogOutputStream:75 - [STDERR_REDIRECT] 
2025-05-20 10:01:07,771 [ERROR] LogOutputStream:75 - [STDERR_REDIRECT] [Fatal Error] :1:1: Premature end of file.
2025-05-20 10:01:07,771 [ERROR] LogOutputStream:75 - [STDERR_REDIRECT] 
2025-05-20 10:01:08,767 [ERROR] LogOutputStream:75 - [STDERR_REDIRECT] [Fatal Error] :1:1: Premature end of file.
2025-05-20 10:01:08,767 [ERROR] LogOutputStream:75 - [STDERR_REDIRECT] 
2025-05-20 10:01:09,766 [ERROR] LogOutputStream:75 - [STDERR_REDIRECT] [Fatal Error] :1:1: Premature end of file.
2025-05-20 10:01:09,766 [ERROR] LogOutputStream:75 - [STDERR_REDIRECT] 
2025-05-20 10:01:10,080 [INFO] NvicIntPanel:101 - NVIC parent = com.st.microxplorer.plugins.ip.nvic.MultiNvicIntPanel[,0,0,0x0,invalid,layout=javax.swing.BoxLayout,alignmentX=0.0,alignmentY=0.0,border=,flags=9,maximumSize=,minimumSize=,preferredSize=]
2025-05-20 10:01:10,776 [ERROR] LogOutputStream:75 - [STDERR_REDIRECT] [Fatal Error] :1:1: Premature end of file.
2025-05-20 10:01:10,776 [ERROR] LogOutputStream:75 - [STDERR_REDIRECT] 
2025-05-20 10:01:11,782 [ERROR] LogOutputStream:75 - [STDERR_REDIRECT] [Fatal Error] :1:1: Premature end of file.
2025-05-20 10:01:11,782 [ERROR] LogOutputStream:75 - [STDERR_REDIRECT] 
2025-05-20 10:01:12,785 [ERROR] LogOutputStream:75 - [STDERR_REDIRECT] [Fatal Error] :1:1: Premature end of file.
2025-05-20 10:01:12,785 [ERROR] LogOutputStream:75 - [STDERR_REDIRECT] 
2025-05-20 10:01:13,764 [ERROR] LogOutputStream:75 - [STDERR_REDIRECT] [Fatal Error] :1:1: Premature end of file.
2025-05-20 10:01:13,764 [ERROR] LogOutputStream:75 - [STDERR_REDIRECT] 
2025-05-20 10:01:14,766 [ERROR] LogOutputStream:75 - [STDERR_REDIRECT] [Fatal Error] :1:1: Premature end of file.
2025-05-20 10:01:14,766 [ERROR] LogOutputStream:75 - [STDERR_REDIRECT] 
2025-05-20 10:01:15,160 [INFO] NvicIntPanel:101 - NVIC parent = com.st.microxplorer.plugins.ip.nvic.MultiNvicIntPanel[,0,0,0x0,invalid,layout=javax.swing.BoxLayout,alignmentX=0.0,alignmentY=0.0,border=,flags=9,maximumSize=,minimumSize=,preferredSize=]
2025-05-20 10:01:15,765 [ERROR] LogOutputStream:75 - [STDERR_REDIRECT] [Fatal Error] :1:1: Premature end of file.
2025-05-20 10:01:15,765 [ERROR] LogOutputStream:75 - [STDERR_REDIRECT] 
2025-05-20 10:01:16,764 [ERROR] LogOutputStream:75 - [STDERR_REDIRECT] [Fatal Error] :1:1: Premature end of file.
2025-05-20 10:01:16,765 [ERROR] LogOutputStream:75 - [STDERR_REDIRECT] 
2025-05-20 10:01:17,765 [ERROR] LogOutputStream:75 - [STDERR_REDIRECT] [Fatal Error] :1:1: Premature end of file.
2025-05-20 10:01:17,766 [ERROR] LogOutputStream:75 - [STDERR_REDIRECT] 
2025-05-20 10:01:18,764 [ERROR] LogOutputStream:75 - [STDERR_REDIRECT] [Fatal Error] :1:1: Premature end of file.
2025-05-20 10:01:18,764 [ERROR] LogOutputStream:75 - [STDERR_REDIRECT] 
2025-05-20 10:01:19,766 [ERROR] LogOutputStream:75 - [STDERR_REDIRECT] [Fatal Error] :1:1: Premature end of file.
2025-05-20 10:01:19,766 [ERROR] LogOutputStream:75 - [STDERR_REDIRECT] 
2025-05-20 10:01:20,773 [ERROR] LogOutputStream:75 - [STDERR_REDIRECT] [Fatal Error] :1:1: Premature end of file.
2025-05-20 10:01:20,773 [ERROR] LogOutputStream:75 - [STDERR_REDIRECT] 
2025-05-20 10:01:21,765 [ERROR] LogOutputStream:75 - [STDERR_REDIRECT] [Fatal Error] :1:1: Premature end of file.
2025-05-20 10:01:21,765 [ERROR] LogOutputStream:75 - [STDERR_REDIRECT] 
2025-05-20 10:01:22,762 [ERROR] LogOutputStream:75 - [STDERR_REDIRECT] [Fatal Error] :1:1: Premature end of file.
2025-05-20 10:01:22,762 [ERROR] LogOutputStream:75 - [STDERR_REDIRECT] 
2025-05-20 10:01:23,782 [ERROR] LogOutputStream:75 - [STDERR_REDIRECT] [Fatal Error] :1:1: Premature end of file.
2025-05-20 10:01:23,782 [ERROR] LogOutputStream:75 - [STDERR_REDIRECT] 
2025-05-20 10:01:24,759 [ERROR] LogOutputStream:75 - [STDERR_REDIRECT] [Fatal Error] :1:1: Premature end of file.
2025-05-20 10:01:24,759 [ERROR] LogOutputStream:75 - [STDERR_REDIRECT] 
2025-05-20 10:01:25,762 [ERROR] LogOutputStream:75 - [STDERR_REDIRECT] [Fatal Error] :1:1: Premature end of file.
2025-05-20 10:01:25,762 [ERROR] LogOutputStream:75 - [STDERR_REDIRECT] 
2025-05-20 10:01:26,762 [ERROR] LogOutputStream:75 - [STDERR_REDIRECT] [Fatal Error] :1:1: Premature end of file.
2025-05-20 10:01:26,762 [ERROR] LogOutputStream:75 - [STDERR_REDIRECT] 
2025-05-20 10:01:27,760 [ERROR] LogOutputStream:75 - [STDERR_REDIRECT] [Fatal Error] :1:1: Premature end of file.
2025-05-20 10:01:27,760 [ERROR] LogOutputStream:75 - [STDERR_REDIRECT] 
2025-05-20 10:01:28,762 [ERROR] LogOutputStream:75 - [STDERR_REDIRECT] [Fatal Error] :1:1: Premature end of file.
2025-05-20 10:01:28,762 [ERROR] LogOutputStream:75 - [STDERR_REDIRECT] 
2025-05-20 10:01:29,769 [ERROR] LogOutputStream:75 - [STDERR_REDIRECT] [Fatal Error] :1:1: Premature end of file.
2025-05-20 10:01:29,769 [ERROR] LogOutputStream:75 - [STDERR_REDIRECT] 
2025-05-20 10:01:30,775 [ERROR] LogOutputStream:75 - [STDERR_REDIRECT] [Fatal Error] :1:1: Premature end of file.
2025-05-20 10:01:30,775 [ERROR] LogOutputStream:75 - [STDERR_REDIRECT] 
2025-05-20 10:01:31,774 [ERROR] LogOutputStream:75 - [STDERR_REDIRECT] [Fatal Error] :1:1: Premature end of file.
2025-05-20 10:01:31,774 [ERROR] LogOutputStream:75 - [STDERR_REDIRECT] 
2025-05-20 10:01:32,774 [ERROR] LogOutputStream:75 - [STDERR_REDIRECT] [Fatal Error] :1:1: Premature end of file.
2025-05-20 10:01:32,774 [ERROR] LogOutputStream:75 - [STDERR_REDIRECT] 
2025-05-20 10:01:33,774 [ERROR] LogOutputStream:75 - [STDERR_REDIRECT] [Fatal Error] :1:1: Premature end of file.
2025-05-20 10:01:33,774 [ERROR] LogOutputStream:75 - [STDERR_REDIRECT] 
2025-05-20 10:01:34,774 [ERROR] LogOutputStream:75 - [STDERR_REDIRECT] [Fatal Error] :1:1: Premature end of file.
2025-05-20 10:01:34,774 [ERROR] LogOutputStream:75 - [STDERR_REDIRECT] 
2025-05-20 10:01:35,775 [ERROR] LogOutputStream:75 - [STDERR_REDIRECT] [Fatal Error] :1:1: Premature end of file.
2025-05-20 10:01:35,775 [ERROR] LogOutputStream:75 - [STDERR_REDIRECT] 
2025-05-20 10:01:36,777 [ERROR] LogOutputStream:75 - [STDERR_REDIRECT] [Fatal Error] :1:1: Premature end of file.
2025-05-20 10:01:36,777 [ERROR] LogOutputStream:75 - [STDERR_REDIRECT] 
2025-05-20 10:01:37,772 [ERROR] LogOutputStream:75 - [STDERR_REDIRECT] [Fatal Error] :1:1: Premature end of file.
2025-05-20 10:01:37,772 [ERROR] LogOutputStream:75 - [STDERR_REDIRECT] 
2025-05-20 10:01:38,774 [ERROR] LogOutputStream:75 - [STDERR_REDIRECT] [Fatal Error] :1:1: Premature end of file.
2025-05-20 10:01:38,774 [ERROR] LogOutputStream:75 - [STDERR_REDIRECT] 
2025-05-20 10:01:39,781 [ERROR] LogOutputStream:75 - [STDERR_REDIRECT] [Fatal Error] :1:1: Premature end of file.
2025-05-20 10:01:39,781 [ERROR] LogOutputStream:75 - [STDERR_REDIRECT] 
2025-05-20 10:01:40,779 [ERROR] LogOutputStream:75 - [STDERR_REDIRECT] [Fatal Error] :1:1: Premature end of file.
2025-05-20 10:01:40,779 [ERROR] LogOutputStream:75 - [STDERR_REDIRECT] 
2025-05-20 10:01:41,781 [ERROR] LogOutputStream:75 - [STDERR_REDIRECT] [Fatal Error] :1:1: Premature end of file.
2025-05-20 10:01:41,781 [ERROR] LogOutputStream:75 - [STDERR_REDIRECT] 
2025-05-20 10:01:42,781 [ERROR] LogOutputStream:75 - [STDERR_REDIRECT] [Fatal Error] :1:1: Premature end of file.
2025-05-20 10:01:42,781 [ERROR] LogOutputStream:75 - [STDERR_REDIRECT] 
2025-05-20 10:01:43,783 [ERROR] LogOutputStream:75 - [STDERR_REDIRECT] [Fatal Error] :1:1: Premature end of file.
2025-05-20 10:01:43,784 [ERROR] LogOutputStream:75 - [STDERR_REDIRECT] 
2025-05-20 10:01:44,780 [ERROR] LogOutputStream:75 - [STDERR_REDIRECT] [Fatal Error] :1:1: Premature end of file.
2025-05-20 10:01:44,780 [ERROR] LogOutputStream:75 - [STDERR_REDIRECT] 
2025-05-20 10:01:45,784 [ERROR] LogOutputStream:75 - [STDERR_REDIRECT] [Fatal Error] :1:1: Premature end of file.
2025-05-20 10:01:45,784 [ERROR] LogOutputStream:75 - [STDERR_REDIRECT] 
2025-05-20 10:01:46,779 [ERROR] LogOutputStream:75 - [STDERR_REDIRECT] [Fatal Error] :1:1: Premature end of file.
2025-05-20 10:01:46,779 [ERROR] LogOutputStream:75 - [STDERR_REDIRECT] 
2025-05-20 10:01:47,782 [ERROR] LogOutputStream:75 - [STDERR_REDIRECT] [Fatal Error] :1:1: Premature end of file.
2025-05-20 10:01:47,783 [ERROR] LogOutputStream:75 - [STDERR_REDIRECT] 
2025-05-20 10:01:48,777 [ERROR] LogOutputStream:75 - [STDERR_REDIRECT] [Fatal Error] :1:1: Premature end of file.
2025-05-20 10:01:48,777 [ERROR] LogOutputStream:75 - [STDERR_REDIRECT] 
2025-05-20 10:01:49,782 [ERROR] LogOutputStream:75 - [STDERR_REDIRECT] [Fatal Error] :1:1: Premature end of file.
2025-05-20 10:01:49,782 [ERROR] LogOutputStream:75 - [STDERR_REDIRECT] 
2025-05-20 10:01:50,780 [ERROR] LogOutputStream:75 - [STDERR_REDIRECT] [Fatal Error] :1:1: Premature end of file.
2025-05-20 10:01:50,780 [ERROR] LogOutputStream:75 - [STDERR_REDIRECT] 
2025-05-20 10:01:51,778 [ERROR] LogOutputStream:75 - [STDERR_REDIRECT] [Fatal Error] :1:1: Premature end of file.
2025-05-20 10:01:51,778 [ERROR] LogOutputStream:75 - [STDERR_REDIRECT] 
2025-05-20 10:01:52,779 [ERROR] LogOutputStream:75 - [STDERR_REDIRECT] [Fatal Error] :1:1: Premature end of file.
2025-05-20 10:01:52,779 [ERROR] LogOutputStream:75 - [STDERR_REDIRECT] 
2025-05-20 10:01:53,781 [ERROR] LogOutputStream:75 - [STDERR_REDIRECT] [Fatal Error] :1:1: Premature end of file.
2025-05-20 10:01:53,781 [ERROR] LogOutputStream:75 - [STDERR_REDIRECT] 
2025-05-20 10:01:54,783 [ERROR] LogOutputStream:75 - [STDERR_REDIRECT] [Fatal Error] :1:1: Premature end of file.
2025-05-20 10:01:54,783 [ERROR] LogOutputStream:75 - [STDERR_REDIRECT] 
2025-05-20 10:01:55,777 [ERROR] LogOutputStream:75 - [STDERR_REDIRECT] [Fatal Error] :1:1: Premature end of file.
2025-05-20 10:01:55,777 [ERROR] LogOutputStream:75 - [STDERR_REDIRECT] 
2025-05-20 10:01:56,772 [ERROR] LogOutputStream:75 - [STDERR_REDIRECT] [Fatal Error] :1:1: Premature end of file.
2025-05-20 10:01:56,772 [ERROR] LogOutputStream:75 - [STDERR_REDIRECT] 
2025-05-20 10:01:57,773 [ERROR] LogOutputStream:75 - [STDERR_REDIRECT] [Fatal Error] :1:1: Premature end of file.
2025-05-20 10:01:57,774 [ERROR] LogOutputStream:75 - [STDERR_REDIRECT] 
2025-05-20 10:01:58,771 [ERROR] LogOutputStream:75 - [STDERR_REDIRECT] [Fatal Error] :1:1: Premature end of file.
2025-05-20 10:01:58,771 [ERROR] LogOutputStream:75 - [STDERR_REDIRECT] 
2025-05-20 10:01:59,774 [ERROR] LogOutputStream:75 - [STDERR_REDIRECT] [Fatal Error] :1:1: Premature end of file.
2025-05-20 10:01:59,774 [ERROR] LogOutputStream:75 - [STDERR_REDIRECT] 
2025-05-20 10:02:00,781 [ERROR] LogOutputStream:75 - [STDERR_REDIRECT] [Fatal Error] :1:1: Premature end of file.
2025-05-20 10:02:00,781 [ERROR] LogOutputStream:75 - [STDERR_REDIRECT] 
2025-05-20 10:02:01,770 [ERROR] LogOutputStream:75 - [STDERR_REDIRECT] [Fatal Error] :1:1: Premature end of file.
2025-05-20 10:02:01,770 [ERROR] LogOutputStream:75 - [STDERR_REDIRECT] 
2025-05-20 10:02:02,774 [ERROR] LogOutputStream:75 - [STDERR_REDIRECT] [Fatal Error] :1:1: Premature end of file.
2025-05-20 10:02:02,774 [ERROR] LogOutputStream:75 - [STDERR_REDIRECT] 
2025-05-20 10:02:03,774 [ERROR] LogOutputStream:75 - [STDERR_REDIRECT] [Fatal Error] :1:1: Premature end of file.
2025-05-20 10:02:03,774 [ERROR] LogOutputStream:75 - [STDERR_REDIRECT] 
2025-05-20 10:02:04,770 [ERROR] LogOutputStream:75 - [STDERR_REDIRECT] [Fatal Error] :1:1: Premature end of file.
2025-05-20 10:02:04,770 [ERROR] LogOutputStream:75 - [STDERR_REDIRECT] 
2025-05-20 10:02:05,771 [ERROR] LogOutputStream:75 - [STDERR_REDIRECT] [Fatal Error] :1:1: Premature end of file.
2025-05-20 10:02:05,772 [ERROR] LogOutputStream:75 - [STDERR_REDIRECT] 
2025-05-20 10:02:06,772 [ERROR] LogOutputStream:75 - [STDERR_REDIRECT] [Fatal Error] :1:1: Premature end of file.
2025-05-20 10:02:06,772 [ERROR] LogOutputStream:75 - [STDERR_REDIRECT] 
2025-05-20 10:02:07,771 [ERROR] LogOutputStream:75 - [STDERR_REDIRECT] [Fatal Error] :1:1: Premature end of file.
2025-05-20 10:02:07,771 [ERROR] LogOutputStream:75 - [STDERR_REDIRECT] 
2025-05-20 10:02:08,771 [ERROR] LogOutputStream:75 - [STDERR_REDIRECT] [Fatal Error] :1:1: Premature end of file.
2025-05-20 10:02:08,772 [ERROR] LogOutputStream:75 - [STDERR_REDIRECT] 
2025-05-20 10:02:09,775 [ERROR] LogOutputStream:75 - [STDERR_REDIRECT] [Fatal Error] :1:1: Premature end of file.
2025-05-20 10:02:09,775 [ERROR] LogOutputStream:75 - [STDERR_REDIRECT] 
2025-05-20 10:02:10,775 [ERROR] LogOutputStream:75 - [STDERR_REDIRECT] [Fatal Error] :1:1: Premature end of file.
2025-05-20 10:02:10,775 [ERROR] LogOutputStream:75 - [STDERR_REDIRECT] 
2025-05-20 10:02:11,776 [ERROR] LogOutputStream:75 - [STDERR_REDIRECT] [Fatal Error] :1:1: Premature end of file.
2025-05-20 10:02:11,776 [ERROR] LogOutputStream:75 - [STDERR_REDIRECT] 
2025-05-20 10:02:12,774 [ERROR] LogOutputStream:75 - [STDERR_REDIRECT] [Fatal Error] :1:1: Premature end of file.
2025-05-20 10:02:12,774 [ERROR] LogOutputStream:75 - [STDERR_REDIRECT] 
2025-05-20 10:02:13,774 [ERROR] LogOutputStream:75 - [STDERR_REDIRECT] [Fatal Error] :1:1: Premature end of file.
2025-05-20 10:02:13,774 [ERROR] LogOutputStream:75 - [STDERR_REDIRECT] 
2025-05-20 10:02:14,771 [ERROR] LogOutputStream:75 - [STDERR_REDIRECT] [Fatal Error] :1:1: Premature end of file.
2025-05-20 10:02:14,771 [ERROR] LogOutputStream:75 - [STDERR_REDIRECT] 
2025-05-20 10:02:15,768 [ERROR] LogOutputStream:75 - [STDERR_REDIRECT] [Fatal Error] :1:1: Premature end of file.
2025-05-20 10:02:15,768 [ERROR] LogOutputStream:75 - [STDERR_REDIRECT] 
2025-05-20 10:02:16,772 [ERROR] LogOutputStream:75 - [STDERR_REDIRECT] [Fatal Error] :1:1: Premature end of file.
2025-05-20 10:02:16,772 [ERROR] LogOutputStream:75 - [STDERR_REDIRECT] 
2025-05-20 10:02:17,774 [ERROR] LogOutputStream:75 - [STDERR_REDIRECT] [Fatal Error] :1:1: Premature end of file.
2025-05-20 10:02:17,774 [ERROR] LogOutputStream:75 - [STDERR_REDIRECT] 
2025-05-20 10:02:18,780 [ERROR] LogOutputStream:75 - [STDERR_REDIRECT] [Fatal Error] :1:1: Premature end of file.
2025-05-20 10:02:18,780 [ERROR] LogOutputStream:75 - [STDERR_REDIRECT] 
2025-05-20 10:02:19,782 [ERROR] LogOutputStream:75 - [STDERR_REDIRECT] [Fatal Error] :1:1: Premature end of file.
2025-05-20 10:02:19,782 [ERROR] LogOutputStream:75 - [STDERR_REDIRECT] 
2025-05-20 10:02:20,772 [ERROR] LogOutputStream:75 - [STDERR_REDIRECT] [Fatal Error] :1:1: Premature end of file.
2025-05-20 10:02:20,772 [ERROR] LogOutputStream:75 - [STDERR_REDIRECT] 
2025-05-20 10:02:21,773 [ERROR] LogOutputStream:75 - [STDERR_REDIRECT] [Fatal Error] :1:1: Premature end of file.
2025-05-20 10:02:21,773 [ERROR] LogOutputStream:75 - [STDERR_REDIRECT] 
2025-05-20 10:02:22,776 [ERROR] LogOutputStream:75 - [STDERR_REDIRECT] [Fatal Error] :1:1: Premature end of file.
2025-05-20 10:02:22,776 [ERROR] LogOutputStream:75 - [STDERR_REDIRECT] 
2025-05-20 10:02:23,773 [ERROR] LogOutputStream:75 - [STDERR_REDIRECT] [Fatal Error] :1:1: Premature end of file.
2025-05-20 10:02:23,773 [ERROR] LogOutputStream:75 - [STDERR_REDIRECT] 
2025-05-20 10:02:24,775 [ERROR] LogOutputStream:75 - [STDERR_REDIRECT] [Fatal Error] :1:1: Premature end of file.
2025-05-20 10:02:24,775 [ERROR] LogOutputStream:75 - [STDERR_REDIRECT] 
2025-05-20 10:02:25,771 [ERROR] LogOutputStream:75 - [STDERR_REDIRECT] [Fatal Error] :1:1: Premature end of file.
2025-05-20 10:02:25,771 [ERROR] LogOutputStream:75 - [STDERR_REDIRECT] 
2025-05-20 10:02:26,775 [ERROR] LogOutputStream:75 - [STDERR_REDIRECT] [Fatal Error] :1:1: Premature end of file.
2025-05-20 10:02:26,775 [ERROR] LogOutputStream:75 - [STDERR_REDIRECT] 
2025-05-20 10:02:27,773 [ERROR] LogOutputStream:75 - [STDERR_REDIRECT] [Fatal Error] :1:1: Premature end of file.
2025-05-20 10:02:27,773 [ERROR] LogOutputStream:75 - [STDERR_REDIRECT] 
2025-05-20 10:02:28,774 [ERROR] LogOutputStream:75 - [STDERR_REDIRECT] [Fatal Error] :1:1: Premature end of file.
2025-05-20 10:02:28,774 [ERROR] LogOutputStream:75 - [STDERR_REDIRECT] 
2025-05-20 10:02:29,774 [ERROR] LogOutputStream:75 - [STDERR_REDIRECT] [Fatal Error] :1:1: Premature end of file.
2025-05-20 10:02:29,774 [ERROR] LogOutputStream:75 - [STDERR_REDIRECT] 
2025-05-20 10:02:30,775 [ERROR] LogOutputStream:75 - [STDERR_REDIRECT] [Fatal Error] :1:1: Premature end of file.
2025-05-20 10:02:30,775 [ERROR] LogOutputStream:75 - [STDERR_REDIRECT] 
2025-05-20 10:02:31,771 [ERROR] LogOutputStream:75 - [STDERR_REDIRECT] [Fatal Error] :1:1: Premature end of file.
2025-05-20 10:02:31,771 [ERROR] LogOutputStream:75 - [STDERR_REDIRECT] 
2025-05-20 10:02:32,780 [ERROR] LogOutputStream:75 - [STDERR_REDIRECT] [Fatal Error] :1:1: Premature end of file.
2025-05-20 10:02:32,781 [ERROR] LogOutputStream:75 - [STDERR_REDIRECT] 
2025-05-20 10:02:33,783 [ERROR] LogOutputStream:75 - [STDERR_REDIRECT] [Fatal Error] :1:1: Premature end of file.
2025-05-20 10:02:33,783 [ERROR] LogOutputStream:75 - [STDERR_REDIRECT] 
2025-05-20 10:02:34,781 [ERROR] LogOutputStream:75 - [STDERR_REDIRECT] [Fatal Error] :1:1: Premature end of file.
2025-05-20 10:02:34,782 [ERROR] LogOutputStream:75 - [STDERR_REDIRECT] 
2025-05-20 10:02:35,785 [ERROR] LogOutputStream:75 - [STDERR_REDIRECT] [Fatal Error] :1:1: Premature end of file.
2025-05-20 10:02:35,785 [ERROR] LogOutputStream:75 - [STDERR_REDIRECT] 
2025-05-20 10:02:36,776 [ERROR] LogOutputStream:75 - [STDERR_REDIRECT] [Fatal Error] :1:1: Premature end of file.
2025-05-20 10:02:36,776 [ERROR] LogOutputStream:75 - [STDERR_REDIRECT] 
2025-05-20 10:02:37,781 [ERROR] LogOutputStream:75 - [STDERR_REDIRECT] [Fatal Error] :1:1: Premature end of file.
2025-05-20 10:02:37,781 [ERROR] LogOutputStream:75 - [STDERR_REDIRECT] 
2025-05-20 10:02:38,778 [ERROR] LogOutputStream:75 - [STDERR_REDIRECT] [Fatal Error] :1:1: Premature end of file.
2025-05-20 10:02:38,778 [ERROR] LogOutputStream:75 - [STDERR_REDIRECT] 
2025-05-20 10:02:39,780 [ERROR] LogOutputStream:75 - [STDERR_REDIRECT] [Fatal Error] :1:1: Premature end of file.
2025-05-20 10:02:39,780 [ERROR] LogOutputStream:75 - [STDERR_REDIRECT] 
2025-05-20 10:02:40,783 [ERROR] LogOutputStream:75 - [STDERR_REDIRECT] [Fatal Error] :1:1: Premature end of file.
2025-05-20 10:02:40,783 [ERROR] LogOutputStream:75 - [STDERR_REDIRECT] 
2025-05-20 10:02:41,780 [ERROR] LogOutputStream:75 - [STDERR_REDIRECT] [Fatal Error] :1:1: Premature end of file.
2025-05-20 10:02:41,780 [ERROR] LogOutputStream:75 - [STDERR_REDIRECT] 
2025-05-20 10:02:42,778 [ERROR] LogOutputStream:75 - [STDERR_REDIRECT] [Fatal Error] :1:1: Premature end of file.
2025-05-20 10:02:42,778 [ERROR] LogOutputStream:75 - [STDERR_REDIRECT] 
2025-05-20 10:02:43,781 [ERROR] LogOutputStream:75 - [STDERR_REDIRECT] [Fatal Error] :1:1: Premature end of file.
2025-05-20 10:02:43,781 [ERROR] LogOutputStream:75 - [STDERR_REDIRECT] 
2025-05-20 10:02:44,783 [ERROR] LogOutputStream:75 - [STDERR_REDIRECT] [Fatal Error] :1:1: Premature end of file.
2025-05-20 10:02:44,783 [ERROR] LogOutputStream:75 - [STDERR_REDIRECT] 
2025-05-20 10:02:45,778 [ERROR] LogOutputStream:75 - [STDERR_REDIRECT] [Fatal Error] :1:1: Premature end of file.
2025-05-20 10:02:45,778 [ERROR] LogOutputStream:75 - [STDERR_REDIRECT] 
2025-05-20 10:02:46,777 [ERROR] LogOutputStream:75 - [STDERR_REDIRECT] [Fatal Error] :1:1: Premature end of file.
2025-05-20 10:02:46,777 [ERROR] LogOutputStream:75 - [STDERR_REDIRECT] 
2025-05-20 10:02:47,779 [ERROR] LogOutputStream:75 - [STDERR_REDIRECT] [Fatal Error] :1:1: Premature end of file.
2025-05-20 10:02:47,779 [ERROR] LogOutputStream:75 - [STDERR_REDIRECT] 
2025-05-20 10:02:48,776 [ERROR] LogOutputStream:75 - [STDERR_REDIRECT] [Fatal Error] :1:1: Premature end of file.
2025-05-20 10:02:48,776 [ERROR] LogOutputStream:75 - [STDERR_REDIRECT] 
2025-05-20 10:02:49,779 [ERROR] LogOutputStream:75 - [STDERR_REDIRECT] [Fatal Error] :1:1: Premature end of file.
2025-05-20 10:02:49,779 [ERROR] LogOutputStream:75 - [STDERR_REDIRECT] 
2025-05-20 10:02:50,774 [ERROR] LogOutputStream:75 - [STDERR_REDIRECT] [Fatal Error] :1:1: Premature end of file.
2025-05-20 10:02:50,774 [ERROR] LogOutputStream:75 - [STDERR_REDIRECT] 
2025-05-20 10:02:51,782 [ERROR] LogOutputStream:75 - [STDERR_REDIRECT] [Fatal Error] :1:1: Premature end of file.
2025-05-20 10:02:51,782 [ERROR] LogOutputStream:75 - [STDERR_REDIRECT] 
2025-05-20 10:02:52,782 [ERROR] LogOutputStream:75 - [STDERR_REDIRECT] [Fatal Error] :1:1: Premature end of file.
2025-05-20 10:02:52,782 [ERROR] LogOutputStream:75 - [STDERR_REDIRECT] 
2025-05-20 10:02:53,774 [ERROR] LogOutputStream:75 - [STDERR_REDIRECT] [Fatal Error] :1:1: Premature end of file.
2025-05-20 10:02:53,775 [ERROR] LogOutputStream:75 - [STDERR_REDIRECT] 
2025-05-20 10:02:54,769 [ERROR] LogOutputStream:75 - [STDERR_REDIRECT] [Fatal Error] :1:1: Premature end of file.
2025-05-20 10:02:54,769 [ERROR] LogOutputStream:75 - [STDERR_REDIRECT] 
2025-05-20 10:02:55,768 [ERROR] LogOutputStream:75 - [STDERR_REDIRECT] [Fatal Error] :1:1: Premature end of file.
2025-05-20 10:02:55,768 [ERROR] LogOutputStream:75 - [STDERR_REDIRECT] 
2025-05-20 10:02:56,766 [ERROR] LogOutputStream:75 - [STDERR_REDIRECT] [Fatal Error] :1:1: Premature end of file.
2025-05-20 10:02:56,766 [ERROR] LogOutputStream:75 - [STDERR_REDIRECT] 
2025-05-20 10:02:57,789 [ERROR] LogOutputStream:75 - [STDERR_REDIRECT] [Fatal Error] :1:1: Premature end of file.
2025-05-20 10:02:57,789 [ERROR] LogOutputStream:75 - [STDERR_REDIRECT] 
2025-05-20 10:02:58,779 [ERROR] LogOutputStream:75 - [STDERR_REDIRECT] [Fatal Error] :1:1: Premature end of file.
2025-05-20 10:02:58,779 [ERROR] LogOutputStream:75 - [STDERR_REDIRECT] 
2025-05-20 10:02:59,774 [ERROR] LogOutputStream:75 - [STDERR_REDIRECT] [Fatal Error] :1:1: Premature end of file.
2025-05-20 10:02:59,775 [ERROR] LogOutputStream:75 - [STDERR_REDIRECT] 
2025-05-20 10:03:00,787 [ERROR] LogOutputStream:75 - [STDERR_REDIRECT] [Fatal Error] :1:1: Premature end of file.
2025-05-20 10:03:00,787 [ERROR] LogOutputStream:75 - [STDERR_REDIRECT] 
2025-05-20 10:03:01,777 [ERROR] LogOutputStream:75 - [STDERR_REDIRECT] [Fatal Error] :1:1: Premature end of file.
2025-05-20 10:03:01,777 [ERROR] LogOutputStream:75 - [STDERR_REDIRECT] 
2025-05-20 10:03:02,796 [ERROR] LogOutputStream:75 - [STDERR_REDIRECT] [Fatal Error] :1:1: Premature end of file.
2025-05-20 10:03:02,797 [ERROR] LogOutputStream:75 - [STDERR_REDIRECT] 
2025-05-20 10:03:03,808 [ERROR] LogOutputStream:75 - [STDERR_REDIRECT] [Fatal Error] :1:1: Premature end of file.
2025-05-20 10:03:03,808 [ERROR] LogOutputStream:75 - [STDERR_REDIRECT] 
2025-05-20 10:03:04,817 [ERROR] LogOutputStream:75 - [STDERR_REDIRECT] [Fatal Error] :1:1: Premature end of file.
2025-05-20 10:03:04,817 [ERROR] LogOutputStream:75 - [STDERR_REDIRECT] 
2025-05-20 10:03:05,793 [ERROR] LogOutputStream:75 - [STDERR_REDIRECT] [Fatal Error] :1:1: Premature end of file.
2025-05-20 10:03:05,793 [ERROR] LogOutputStream:75 - [STDERR_REDIRECT] 
2025-05-20 10:03:06,799 [ERROR] LogOutputStream:75 - [STDERR_REDIRECT] [Fatal Error] :1:1: Premature end of file.
2025-05-20 10:03:06,799 [ERROR] LogOutputStream:75 - [STDERR_REDIRECT] 
2025-05-20 10:03:07,773 [ERROR] LogOutputStream:75 - [STDERR_REDIRECT] [Fatal Error] :1:1: Premature end of file.
2025-05-20 10:03:07,773 [ERROR] LogOutputStream:75 - [STDERR_REDIRECT] 
2025-05-20 10:03:08,808 [ERROR] LogOutputStream:75 - [STDERR_REDIRECT] [Fatal Error] :1:1: Premature end of file.
2025-05-20 10:03:08,808 [ERROR] LogOutputStream:75 - [STDERR_REDIRECT] 
2025-05-20 10:03:09,784 [ERROR] LogOutputStream:75 - [STDERR_REDIRECT] [Fatal Error] :1:1: Premature end of file.
2025-05-20 10:03:09,784 [ERROR] LogOutputStream:75 - [STDERR_REDIRECT] 
2025-05-20 10:03:10,775 [ERROR] LogOutputStream:75 - [STDERR_REDIRECT] [Fatal Error] :1:1: Premature end of file.
2025-05-20 10:03:10,775 [ERROR] LogOutputStream:75 - [STDERR_REDIRECT] 
2025-05-20 10:03:11,792 [ERROR] LogOutputStream:75 - [STDERR_REDIRECT] [Fatal Error] :1:1: Premature end of file.
2025-05-20 10:03:11,792 [ERROR] LogOutputStream:75 - [STDERR_REDIRECT] 
2025-05-20 10:03:12,789 [ERROR] LogOutputStream:75 - [STDERR_REDIRECT] [Fatal Error] :1:1: Premature end of file.
2025-05-20 10:03:12,789 [ERROR] LogOutputStream:75 - [STDERR_REDIRECT] 
2025-05-20 10:03:13,781 [ERROR] LogOutputStream:75 - [STDERR_REDIRECT] [Fatal Error] :1:1: Premature end of file.
2025-05-20 10:03:13,781 [ERROR] LogOutputStream:75 - [STDERR_REDIRECT] 
2025-05-20 10:03:13,927 [INFO] WebApp:194 - Connection lost
2025-05-20 10:03:14,046 [INFO] WebApp:191 - Connection restablished
2025-05-20 10:03:14,788 [ERROR] LogOutputStream:75 - [STDERR_REDIRECT] [Fatal Error] :1:1: Premature end of file.
2025-05-20 10:03:14,789 [ERROR] LogOutputStream:75 - [STDERR_REDIRECT] 
2025-05-20 10:03:15,786 [ERROR] LogOutputStream:75 - [STDERR_REDIRECT] [Fatal Error] :1:1: Premature end of file.
2025-05-20 10:03:15,786 [ERROR] LogOutputStream:75 - [STDERR_REDIRECT] 
2025-05-20 10:03:16,785 [ERROR] LogOutputStream:75 - [STDERR_REDIRECT] [Fatal Error] :1:1: Premature end of file.
2025-05-20 10:03:16,786 [ERROR] LogOutputStream:75 - [STDERR_REDIRECT] 
2025-05-20 10:03:17,776 [ERROR] LogOutputStream:75 - [STDERR_REDIRECT] [Fatal Error] :1:1: Premature end of file.
2025-05-20 10:03:17,776 [ERROR] LogOutputStream:75 - [STDERR_REDIRECT] 
2025-05-20 10:03:18,775 [ERROR] LogOutputStream:75 - [STDERR_REDIRECT] [Fatal Error] :1:1: Premature end of file.
2025-05-20 10:03:18,775 [ERROR] LogOutputStream:75 - [STDERR_REDIRECT] 
2025-05-20 10:03:19,788 [ERROR] LogOutputStream:75 - [STDERR_REDIRECT] [Fatal Error] :1:1: Premature end of file.
2025-05-20 10:03:19,789 [ERROR] LogOutputStream:75 - [STDERR_REDIRECT] 
2025-05-20 10:03:20,775 [ERROR] LogOutputStream:75 - [STDERR_REDIRECT] [Fatal Error] :1:1: Premature end of file.
2025-05-20 10:03:20,776 [ERROR] LogOutputStream:75 - [STDERR_REDIRECT] 
2025-05-20 10:03:21,781 [ERROR] LogOutputStream:75 - [STDERR_REDIRECT] [Fatal Error] :1:1: Premature end of file.
2025-05-20 10:03:21,781 [ERROR] LogOutputStream:75 - [STDERR_REDIRECT] 
2025-05-20 10:03:22,776 [ERROR] LogOutputStream:75 - [STDERR_REDIRECT] [Fatal Error] :1:1: Premature end of file.
2025-05-20 10:03:22,777 [ERROR] LogOutputStream:75 - [STDERR_REDIRECT] 
2025-05-20 10:03:23,785 [ERROR] LogOutputStream:75 - [STDERR_REDIRECT] [Fatal Error] :1:1: Premature end of file.
2025-05-20 10:03:23,785 [ERROR] LogOutputStream:75 - [STDERR_REDIRECT] 
2025-05-20 10:03:24,779 [ERROR] LogOutputStream:75 - [STDERR_REDIRECT] [Fatal Error] :1:1: Premature end of file.
2025-05-20 10:03:24,779 [ERROR] LogOutputStream:75 - [STDERR_REDIRECT] 
2025-05-20 10:03:25,772 [ERROR] LogOutputStream:75 - [STDERR_REDIRECT] [Fatal Error] :1:1: Premature end of file.
2025-05-20 10:03:25,772 [ERROR] LogOutputStream:75 - [STDERR_REDIRECT] 
2025-05-20 10:03:26,774 [ERROR] LogOutputStream:75 - [STDERR_REDIRECT] [Fatal Error] :1:1: Premature end of file.
2025-05-20 10:03:26,774 [ERROR] LogOutputStream:75 - [STDERR_REDIRECT] 
2025-05-20 10:03:27,776 [ERROR] LogOutputStream:75 - [STDERR_REDIRECT] [Fatal Error] :1:1: Premature end of file.
2025-05-20 10:03:27,776 [ERROR] LogOutputStream:75 - [STDERR_REDIRECT] 
2025-05-20 10:03:28,773 [ERROR] LogOutputStream:75 - [STDERR_REDIRECT] [Fatal Error] :1:1: Premature end of file.
2025-05-20 10:03:28,773 [ERROR] LogOutputStream:75 - [STDERR_REDIRECT] 
2025-05-20 10:03:29,778 [ERROR] LogOutputStream:75 - [STDERR_REDIRECT] [Fatal Error] :1:1: Premature end of file.
2025-05-20 10:03:29,778 [ERROR] LogOutputStream:75 - [STDERR_REDIRECT] 
2025-05-20 10:03:30,790 [ERROR] LogOutputStream:75 - [STDERR_REDIRECT] [Fatal Error] :1:1: Premature end of file.
2025-05-20 10:03:30,790 [ERROR] LogOutputStream:75 - [STDERR_REDIRECT] 
2025-05-20 10:03:31,780 [ERROR] LogOutputStream:75 - [STDERR_REDIRECT] [Fatal Error] :1:1: Premature end of file.
2025-05-20 10:03:31,781 [ERROR] LogOutputStream:75 - [STDERR_REDIRECT] 
2025-05-20 10:03:32,786 [ERROR] LogOutputStream:75 - [STDERR_REDIRECT] [Fatal Error] :1:1: Premature end of file.
2025-05-20 10:03:32,786 [ERROR] LogOutputStream:75 - [STDERR_REDIRECT] 
2025-05-20 10:03:33,777 [ERROR] LogOutputStream:75 - [STDERR_REDIRECT] [Fatal Error] :1:1: Premature end of file.
2025-05-20 10:03:33,778 [ERROR] LogOutputStream:75 - [STDERR_REDIRECT] 
2025-05-20 10:03:34,778 [ERROR] LogOutputStream:75 - [STDERR_REDIRECT] [Fatal Error] :1:1: Premature end of file.
2025-05-20 10:03:34,779 [ERROR] LogOutputStream:75 - [STDERR_REDIRECT] 
2025-05-20 10:03:35,792 [ERROR] LogOutputStream:75 - [STDERR_REDIRECT] [Fatal Error] :1:1: Premature end of file.
2025-05-20 10:03:35,793 [ERROR] LogOutputStream:75 - [STDERR_REDIRECT] 
2025-05-20 10:03:36,778 [ERROR] LogOutputStream:75 - [STDERR_REDIRECT] [Fatal Error] :1:1: Premature end of file.
2025-05-20 10:03:36,778 [ERROR] LogOutputStream:75 - [STDERR_REDIRECT] 
2025-05-20 10:03:37,792 [ERROR] LogOutputStream:75 - [STDERR_REDIRECT] [Fatal Error] :1:1: Premature end of file.
2025-05-20 10:03:37,792 [ERROR] LogOutputStream:75 - [STDERR_REDIRECT] 
2025-05-20 10:03:38,786 [ERROR] LogOutputStream:75 - [STDERR_REDIRECT] [Fatal Error] :1:1: Premature end of file.
2025-05-20 10:03:38,786 [ERROR] LogOutputStream:75 - [STDERR_REDIRECT] 
2025-05-20 10:03:39,782 [ERROR] LogOutputStream:75 - [STDERR_REDIRECT] [Fatal Error] :1:1: Premature end of file.
2025-05-20 10:03:39,782 [ERROR] LogOutputStream:75 - [STDERR_REDIRECT] 
2025-05-20 10:03:40,791 [ERROR] LogOutputStream:75 - [STDERR_REDIRECT] [Fatal Error] :1:1: Premature end of file.
2025-05-20 10:03:40,791 [ERROR] LogOutputStream:75 - [STDERR_REDIRECT] 
2025-05-20 10:03:41,775 [ERROR] LogOutputStream:75 - [STDERR_REDIRECT] [Fatal Error] :1:1: Premature end of file.
2025-05-20 10:03:41,775 [ERROR] LogOutputStream:75 - [STDERR_REDIRECT] 
2025-05-20 10:03:42,782 [ERROR] LogOutputStream:75 - [STDERR_REDIRECT] [Fatal Error] :1:1: Premature end of file.
2025-05-20 10:03:42,782 [ERROR] LogOutputStream:75 - [STDERR_REDIRECT] 
2025-05-20 10:03:43,775 [ERROR] LogOutputStream:75 - [STDERR_REDIRECT] [Fatal Error] :1:1: Premature end of file.
2025-05-20 10:03:43,775 [ERROR] LogOutputStream:75 - [STDERR_REDIRECT] 
2025-05-20 10:03:44,796 [ERROR] LogOutputStream:75 - [STDERR_REDIRECT] [Fatal Error] :1:1: Premature end of file.
2025-05-20 10:03:44,796 [ERROR] LogOutputStream:75 - [STDERR_REDIRECT] 
2025-05-20 10:03:45,776 [ERROR] LogOutputStream:75 - [STDERR_REDIRECT] [Fatal Error] :1:1: Premature end of file.
2025-05-20 10:03:45,776 [ERROR] LogOutputStream:75 - [STDERR_REDIRECT] 
2025-05-20 10:03:46,780 [ERROR] LogOutputStream:75 - [STDERR_REDIRECT] [Fatal Error] :1:1: Premature end of file.
2025-05-20 10:03:46,780 [ERROR] LogOutputStream:75 - [STDERR_REDIRECT] 
2025-05-20 10:03:47,784 [ERROR] LogOutputStream:75 - [STDERR_REDIRECT] [Fatal Error] :1:1: Premature end of file.
2025-05-20 10:03:47,785 [ERROR] LogOutputStream:75 - [STDERR_REDIRECT] 
2025-05-20 10:03:48,777 [ERROR] LogOutputStream:75 - [STDERR_REDIRECT] [Fatal Error] :1:1: Premature end of file.
2025-05-20 10:03:48,777 [ERROR] LogOutputStream:75 - [STDERR_REDIRECT] 
2025-05-20 10:03:49,788 [ERROR] LogOutputStream:75 - [STDERR_REDIRECT] [Fatal Error] :1:1: Premature end of file.
2025-05-20 10:03:49,788 [ERROR] LogOutputStream:75 - [STDERR_REDIRECT] 
2025-05-20 10:03:50,786 [ERROR] LogOutputStream:75 - [STDERR_REDIRECT] [Fatal Error] :1:1: Premature end of file.
2025-05-20 10:03:50,786 [ERROR] LogOutputStream:75 - [STDERR_REDIRECT] 
2025-05-20 10:03:51,783 [ERROR] LogOutputStream:75 - [STDERR_REDIRECT] [Fatal Error] :1:1: Premature end of file.
2025-05-20 10:03:51,783 [ERROR] LogOutputStream:75 - [STDERR_REDIRECT] 
2025-05-20 10:03:52,779 [ERROR] LogOutputStream:75 - [STDERR_REDIRECT] [Fatal Error] :1:1: Premature end of file.
2025-05-20 10:03:52,780 [ERROR] LogOutputStream:75 - [STDERR_REDIRECT] 
2025-05-20 10:03:53,788 [ERROR] LogOutputStream:75 - [STDERR_REDIRECT] [Fatal Error] :1:1: Premature end of file.
2025-05-20 10:03:53,789 [ERROR] LogOutputStream:75 - [STDERR_REDIRECT] 
2025-05-20 10:03:54,767 [ERROR] LogOutputStream:75 - [STDERR_REDIRECT] [Fatal Error] :1:1: Premature end of file.
2025-05-20 10:03:54,767 [ERROR] LogOutputStream:75 - [STDERR_REDIRECT] 
2025-05-20 10:03:55,779 [ERROR] LogOutputStream:75 - [STDERR_REDIRECT] [Fatal Error] :1:1: Premature end of file.
2025-05-20 10:03:55,779 [ERROR] LogOutputStream:75 - [STDERR_REDIRECT] 
2025-05-20 10:03:56,778 [ERROR] LogOutputStream:75 - [STDERR_REDIRECT] [Fatal Error] :1:1: Premature end of file.
2025-05-20 10:03:56,778 [ERROR] LogOutputStream:75 - [STDERR_REDIRECT] 
2025-05-20 10:03:57,789 [ERROR] LogOutputStream:75 - [STDERR_REDIRECT] [Fatal Error] :1:1: Premature end of file.
2025-05-20 10:03:57,789 [ERROR] LogOutputStream:75 - [STDERR_REDIRECT] 
2025-05-20 10:03:58,787 [ERROR] LogOutputStream:75 - [STDERR_REDIRECT] [Fatal Error] :1:1: Premature end of file.
2025-05-20 10:03:58,787 [ERROR] LogOutputStream:75 - [STDERR_REDIRECT] 
2025-05-20 10:03:59,785 [ERROR] LogOutputStream:75 - [STDERR_REDIRECT] [Fatal Error] :1:1: Premature end of file.
2025-05-20 10:03:59,785 [ERROR] LogOutputStream:75 - [STDERR_REDIRECT] 
2025-05-20 10:04:00,776 [ERROR] LogOutputStream:75 - [STDERR_REDIRECT] [Fatal Error] :1:1: Premature end of file.
2025-05-20 10:04:00,776 [ERROR] LogOutputStream:75 - [STDERR_REDIRECT] 
2025-05-20 10:04:01,780 [ERROR] LogOutputStream:75 - [STDERR_REDIRECT] [Fatal Error] :1:1: Premature end of file.
2025-05-20 10:04:01,780 [ERROR] LogOutputStream:75 - [STDERR_REDIRECT] 
2025-05-20 10:04:02,776 [ERROR] LogOutputStream:75 - [STDERR_REDIRECT] [Fatal Error] :1:1: Premature end of file.
2025-05-20 10:04:02,776 [ERROR] LogOutputStream:75 - [STDERR_REDIRECT] 
2025-05-20 10:04:03,786 [ERROR] LogOutputStream:75 - [STDERR_REDIRECT] [Fatal Error] :1:1: Premature end of file.
2025-05-20 10:04:03,786 [ERROR] LogOutputStream:75 - [STDERR_REDIRECT] 
2025-05-20 10:04:04,782 [ERROR] LogOutputStream:75 - [STDERR_REDIRECT] [Fatal Error] :1:1: Premature end of file.
2025-05-20 10:04:04,783 [ERROR] LogOutputStream:75 - [STDERR_REDIRECT] 
2025-05-20 10:04:05,779 [ERROR] LogOutputStream:75 - [STDERR_REDIRECT] [Fatal Error] :1:1: Premature end of file.
2025-05-20 10:04:05,779 [ERROR] LogOutputStream:75 - [STDERR_REDIRECT] 
2025-05-20 10:04:06,780 [ERROR] LogOutputStream:75 - [STDERR_REDIRECT] [Fatal Error] :1:1: Premature end of file.
2025-05-20 10:04:06,780 [ERROR] LogOutputStream:75 - [STDERR_REDIRECT] 
2025-05-20 10:04:07,774 [ERROR] LogOutputStream:75 - [STDERR_REDIRECT] [Fatal Error] :1:1: Premature end of file.
2025-05-20 10:04:07,774 [ERROR] LogOutputStream:75 - [STDERR_REDIRECT] 
2025-05-20 10:04:08,780 [ERROR] LogOutputStream:75 - [STDERR_REDIRECT] [Fatal Error] :1:1: Premature end of file.
2025-05-20 10:04:08,780 [ERROR] LogOutputStream:75 - [STDERR_REDIRECT] 
2025-05-20 10:04:09,775 [ERROR] LogOutputStream:75 - [STDERR_REDIRECT] [Fatal Error] :1:1: Premature end of file.
2025-05-20 10:04:09,775 [ERROR] LogOutputStream:75 - [STDERR_REDIRECT] 
2025-05-20 10:04:10,785 [ERROR] LogOutputStream:75 - [STDERR_REDIRECT] [Fatal Error] :1:1: Premature end of file.
2025-05-20 10:04:10,785 [ERROR] LogOutputStream:75 - [STDERR_REDIRECT] 
2025-05-20 10:04:11,784 [ERROR] LogOutputStream:75 - [STDERR_REDIRECT] [Fatal Error] :1:1: Premature end of file.
2025-05-20 10:04:11,784 [ERROR] LogOutputStream:75 - [STDERR_REDIRECT] 
2025-05-20 10:04:12,789 [ERROR] LogOutputStream:75 - [STDERR_REDIRECT] [Fatal Error] :1:1: Premature end of file.
2025-05-20 10:04:12,789 [ERROR] LogOutputStream:75 - [STDERR_REDIRECT] 
2025-05-20 10:04:13,776 [ERROR] LogOutputStream:75 - [STDERR_REDIRECT] [Fatal Error] :1:1: Premature end of file.
2025-05-20 10:04:13,776 [ERROR] LogOutputStream:75 - [STDERR_REDIRECT] 
2025-05-20 10:04:14,784 [ERROR] LogOutputStream:75 - [STDERR_REDIRECT] [Fatal Error] :1:1: Premature end of file.
2025-05-20 10:04:14,784 [ERROR] LogOutputStream:75 - [STDERR_REDIRECT] 
2025-05-20 10:04:15,781 [ERROR] LogOutputStream:75 - [STDERR_REDIRECT] [Fatal Error] :1:1: Premature end of file.
2025-05-20 10:04:15,781 [ERROR] LogOutputStream:75 - [STDERR_REDIRECT] 
2025-05-20 10:04:16,772 [ERROR] LogOutputStream:75 - [STDERR_REDIRECT] [Fatal Error] :1:1: Premature end of file.
2025-05-20 10:04:16,772 [ERROR] LogOutputStream:75 - [STDERR_REDIRECT] 
2025-05-20 10:04:17,784 [ERROR] LogOutputStream:75 - [STDERR_REDIRECT] [Fatal Error] :1:1: Premature end of file.
2025-05-20 10:04:17,785 [ERROR] LogOutputStream:75 - [STDERR_REDIRECT] 
2025-05-20 10:04:18,778 [ERROR] LogOutputStream:75 - [STDERR_REDIRECT] [Fatal Error] :1:1: Premature end of file.
2025-05-20 10:04:18,778 [ERROR] LogOutputStream:75 - [STDERR_REDIRECT] 
2025-05-20 10:04:19,787 [ERROR] LogOutputStream:75 - [STDERR_REDIRECT] [Fatal Error] :1:1: Premature end of file.
2025-05-20 10:04:19,787 [ERROR] LogOutputStream:75 - [STDERR_REDIRECT] 
2025-05-20 10:04:20,776 [ERROR] LogOutputStream:75 - [STDERR_REDIRECT] [Fatal Error] :1:1: Premature end of file.
2025-05-20 10:04:20,776 [ERROR] LogOutputStream:75 - [STDERR_REDIRECT] 
2025-05-20 10:04:21,782 [ERROR] LogOutputStream:75 - [STDERR_REDIRECT] [Fatal Error] :1:1: Premature end of file.
2025-05-20 10:04:21,782 [ERROR] LogOutputStream:75 - [STDERR_REDIRECT] 
2025-05-20 10:04:22,781 [ERROR] LogOutputStream:75 - [STDERR_REDIRECT] [Fatal Error] :1:1: Premature end of file.
2025-05-20 10:04:22,781 [ERROR] LogOutputStream:75 - [STDERR_REDIRECT] 
2025-05-20 10:04:23,781 [ERROR] LogOutputStream:75 - [STDERR_REDIRECT] [Fatal Error] :1:1: Premature end of file.
2025-05-20 10:04:23,782 [ERROR] LogOutputStream:75 - [STDERR_REDIRECT] 
2025-05-20 10:04:24,778 [ERROR] LogOutputStream:75 - [STDERR_REDIRECT] [Fatal Error] :1:1: Premature end of file.
2025-05-20 10:04:24,778 [ERROR] LogOutputStream:75 - [STDERR_REDIRECT] 
2025-05-20 10:04:25,776 [ERROR] LogOutputStream:75 - [STDERR_REDIRECT] [Fatal Error] :1:1: Premature end of file.
2025-05-20 10:04:25,776 [ERROR] LogOutputStream:75 - [STDERR_REDIRECT] 
2025-05-20 10:04:26,787 [ERROR] LogOutputStream:75 - [STDERR_REDIRECT] [Fatal Error] :1:1: Premature end of file.
2025-05-20 10:04:26,787 [ERROR] LogOutputStream:75 - [STDERR_REDIRECT] 
2025-05-20 10:04:27,780 [ERROR] LogOutputStream:75 - [STDERR_REDIRECT] [Fatal Error] :1:1: Premature end of file.
2025-05-20 10:04:27,780 [ERROR] LogOutputStream:75 - [STDERR_REDIRECT] 
2025-05-20 10:04:28,774 [ERROR] LogOutputStream:75 - [STDERR_REDIRECT] [Fatal Error] :1:1: Premature end of file.
2025-05-20 10:04:28,774 [ERROR] LogOutputStream:75 - [STDERR_REDIRECT] 
2025-05-20 10:04:29,783 [ERROR] LogOutputStream:75 - [STDERR_REDIRECT] [Fatal Error] :1:1: Premature end of file.
2025-05-20 10:04:29,783 [ERROR] LogOutputStream:75 - [STDERR_REDIRECT] 
2025-05-20 10:04:30,778 [ERROR] LogOutputStream:75 - [STDERR_REDIRECT] [Fatal Error] :1:1: Premature end of file.
2025-05-20 10:04:30,778 [ERROR] LogOutputStream:75 - [STDERR_REDIRECT] 
2025-05-20 10:04:31,781 [ERROR] LogOutputStream:75 - [STDERR_REDIRECT] [Fatal Error] :1:1: Premature end of file.
2025-05-20 10:04:31,781 [ERROR] LogOutputStream:75 - [STDERR_REDIRECT] 
2025-05-20 10:04:32,780 [ERROR] LogOutputStream:75 - [STDERR_REDIRECT] [Fatal Error] :1:1: Premature end of file.
2025-05-20 10:04:32,780 [ERROR] LogOutputStream:75 - [STDERR_REDIRECT] 
2025-05-20 10:04:33,774 [ERROR] LogOutputStream:75 - [STDERR_REDIRECT] [Fatal Error] :1:1: Premature end of file.
2025-05-20 10:04:33,774 [ERROR] LogOutputStream:75 - [STDERR_REDIRECT] 
2025-05-20 10:04:34,778 [ERROR] LogOutputStream:75 - [STDERR_REDIRECT] [Fatal Error] :1:1: Premature end of file.
2025-05-20 10:04:34,779 [ERROR] LogOutputStream:75 - [STDERR_REDIRECT] 
2025-05-20 10:04:35,786 [ERROR] LogOutputStream:75 - [STDERR_REDIRECT] [Fatal Error] :1:1: Premature end of file.
2025-05-20 10:04:35,786 [ERROR] LogOutputStream:75 - [STDERR_REDIRECT] 
2025-05-20 10:04:36,786 [ERROR] LogOutputStream:75 - [STDERR_REDIRECT] [Fatal Error] :1:1: Premature end of file.
2025-05-20 10:04:36,786 [ERROR] LogOutputStream:75 - [STDERR_REDIRECT] 
2025-05-20 10:04:37,768 [ERROR] LogOutputStream:75 - [STDERR_REDIRECT] [Fatal Error] :1:1: Premature end of file.
2025-05-20 10:04:37,768 [ERROR] LogOutputStream:75 - [STDERR_REDIRECT] 
2025-05-20 10:04:38,779 [ERROR] LogOutputStream:75 - [STDERR_REDIRECT] [Fatal Error] :1:1: Premature end of file.
2025-05-20 10:04:38,779 [ERROR] LogOutputStream:75 - [STDERR_REDIRECT] 
2025-05-20 10:04:39,788 [ERROR] LogOutputStream:75 - [STDERR_REDIRECT] [Fatal Error] :1:1: Premature end of file.
2025-05-20 10:04:39,788 [ERROR] LogOutputStream:75 - [STDERR_REDIRECT] 
2025-05-20 10:04:40,783 [ERROR] LogOutputStream:75 - [STDERR_REDIRECT] [Fatal Error] :1:1: Premature end of file.
2025-05-20 10:04:40,783 [ERROR] LogOutputStream:75 - [STDERR_REDIRECT] 
2025-05-20 10:04:41,780 [ERROR] LogOutputStream:75 - [STDERR_REDIRECT] [Fatal Error] :1:1: Premature end of file.
2025-05-20 10:04:41,782 [ERROR] LogOutputStream:75 - [STDERR_REDIRECT] 
2025-05-20 10:04:42,785 [ERROR] LogOutputStream:75 - [STDERR_REDIRECT] [Fatal Error] :1:1: Premature end of file.
2025-05-20 10:04:42,785 [ERROR] LogOutputStream:75 - [STDERR_REDIRECT] 
2025-05-20 10:04:43,792 [ERROR] LogOutputStream:75 - [STDERR_REDIRECT] [Fatal Error] :1:1: Premature end of file.
2025-05-20 10:04:43,792 [ERROR] LogOutputStream:75 - [STDERR_REDIRECT] 
2025-05-20 10:04:44,786 [ERROR] LogOutputStream:75 - [STDERR_REDIRECT] [Fatal Error] :1:1: Premature end of file.
2025-05-20 10:04:44,786 [ERROR] LogOutputStream:75 - [STDERR_REDIRECT] 
2025-05-20 10:04:45,788 [ERROR] LogOutputStream:75 - [STDERR_REDIRECT] [Fatal Error] :1:1: Premature end of file.
2025-05-20 10:04:45,788 [ERROR] LogOutputStream:75 - [STDERR_REDIRECT] 
2025-05-20 10:04:46,782 [ERROR] LogOutputStream:75 - [STDERR_REDIRECT] [Fatal Error] :1:1: Premature end of file.
2025-05-20 10:04:46,782 [ERROR] LogOutputStream:75 - [STDERR_REDIRECT] 
2025-05-20 10:04:47,786 [ERROR] LogOutputStream:75 - [STDERR_REDIRECT] [Fatal Error] :1:1: Premature end of file.
2025-05-20 10:04:47,786 [ERROR] LogOutputStream:75 - [STDERR_REDIRECT] 
2025-05-20 10:04:48,778 [ERROR] LogOutputStream:75 - [STDERR_REDIRECT] [Fatal Error] :1:1: Premature end of file.
2025-05-20 10:04:48,778 [ERROR] LogOutputStream:75 - [STDERR_REDIRECT] 
2025-05-20 10:04:49,784 [ERROR] LogOutputStream:75 - [STDERR_REDIRECT] [Fatal Error] :1:1: Premature end of file.
2025-05-20 10:04:49,784 [ERROR] LogOutputStream:75 - [STDERR_REDIRECT] 
2025-05-20 10:04:50,794 [ERROR] LogOutputStream:75 - [STDERR_REDIRECT] [Fatal Error] :1:1: Premature end of file.
2025-05-20 10:04:50,794 [ERROR] LogOutputStream:75 - [STDERR_REDIRECT] 
2025-05-20 10:04:51,794 [ERROR] LogOutputStream:75 - [STDERR_REDIRECT] [Fatal Error] :1:1: Premature end of file.
2025-05-20 10:04:51,794 [ERROR] LogOutputStream:75 - [STDERR_REDIRECT] 
2025-05-20 10:04:52,797 [ERROR] LogOutputStream:75 - [STDERR_REDIRECT] [Fatal Error] :1:1: Premature end of file.
2025-05-20 10:04:52,797 [ERROR] LogOutputStream:75 - [STDERR_REDIRECT] 
2025-05-20 10:04:53,800 [ERROR] LogOutputStream:75 - [STDERR_REDIRECT] [Fatal Error] :1:1: Premature end of file.
2025-05-20 10:04:53,800 [ERROR] LogOutputStream:75 - [STDERR_REDIRECT] 
2025-05-20 10:04:54,775 [ERROR] LogOutputStream:75 - [STDERR_REDIRECT] [Fatal Error] :1:1: Premature end of file.
2025-05-20 10:04:54,775 [ERROR] LogOutputStream:75 - [STDERR_REDIRECT] 
2025-05-20 10:04:55,786 [ERROR] LogOutputStream:75 - [STDERR_REDIRECT] [Fatal Error] :1:1: Premature end of file.
2025-05-20 10:04:55,786 [ERROR] LogOutputStream:75 - [STDERR_REDIRECT] 
2025-05-20 10:04:56,777 [ERROR] LogOutputStream:75 - [STDERR_REDIRECT] [Fatal Error] :1:1: Premature end of file.
2025-05-20 10:04:56,777 [ERROR] LogOutputStream:75 - [STDERR_REDIRECT] 
2025-05-20 10:04:57,802 [ERROR] LogOutputStream:75 - [STDERR_REDIRECT] [Fatal Error] :1:1: Premature end of file.
2025-05-20 10:04:57,802 [ERROR] LogOutputStream:75 - [STDERR_REDIRECT] 
2025-05-20 10:04:58,798 [ERROR] LogOutputStream:75 - [STDERR_REDIRECT] [Fatal Error] :1:1: Premature end of file.
2025-05-20 10:04:58,798 [ERROR] LogOutputStream:75 - [STDERR_REDIRECT] 
2025-05-20 10:04:59,788 [ERROR] LogOutputStream:75 - [STDERR_REDIRECT] [Fatal Error] :1:1: Premature end of file.
2025-05-20 10:04:59,788 [ERROR] LogOutputStream:75 - [STDERR_REDIRECT] 
2025-05-20 10:05:00,783 [ERROR] LogOutputStream:75 - [STDERR_REDIRECT] [Fatal Error] :1:1: Premature end of file.
2025-05-20 10:05:00,783 [ERROR] LogOutputStream:75 - [STDERR_REDIRECT] 
2025-05-20 10:05:01,782 [ERROR] LogOutputStream:75 - [STDERR_REDIRECT] [Fatal Error] :1:1: Premature end of file.
2025-05-20 10:05:01,782 [ERROR] LogOutputStream:75 - [STDERR_REDIRECT] 
2025-05-20 10:05:02,410 [INFO] WebApp:194 - Connection lost
2025-05-20 10:05:02,604 [INFO] WebApp:191 - Connection restablished
2025-05-20 10:05:02,777 [ERROR] LogOutputStream:75 - [STDERR_REDIRECT] [Fatal Error] :1:1: Premature end of file.
2025-05-20 10:05:02,777 [ERROR] LogOutputStream:75 - [STDERR_REDIRECT] 
2025-05-20 10:05:03,775 [ERROR] LogOutputStream:75 - [STDERR_REDIRECT] [Fatal Error] :1:1: Premature end of file.
2025-05-20 10:05:03,775 [ERROR] LogOutputStream:75 - [STDERR_REDIRECT] 
2025-05-20 10:05:04,778 [ERROR] LogOutputStream:75 - [STDERR_REDIRECT] [Fatal Error] :1:1: Premature end of file.
2025-05-20 10:05:04,778 [ERROR] LogOutputStream:75 - [STDERR_REDIRECT] 
2025-05-20 10:05:05,777 [ERROR] LogOutputStream:75 - [STDERR_REDIRECT] [Fatal Error] :1:1: Premature end of file.
2025-05-20 10:05:05,777 [ERROR] LogOutputStream:75 - [STDERR_REDIRECT] 
2025-05-20 10:05:06,783 [ERROR] LogOutputStream:75 - [STDERR_REDIRECT] [Fatal Error] :1:1: Premature end of file.
2025-05-20 10:05:06,783 [ERROR] LogOutputStream:75 - [STDERR_REDIRECT] 
2025-05-20 10:05:07,782 [ERROR] LogOutputStream:75 - [STDERR_REDIRECT] [Fatal Error] :1:1: Premature end of file.
2025-05-20 10:05:07,782 [ERROR] LogOutputStream:75 - [STDERR_REDIRECT] 
2025-05-20 10:05:08,782 [ERROR] LogOutputStream:75 - [STDERR_REDIRECT] [Fatal Error] :1:1: Premature end of file.
2025-05-20 10:05:08,782 [ERROR] LogOutputStream:75 - [STDERR_REDIRECT] 
2025-05-20 10:05:09,777 [ERROR] LogOutputStream:75 - [STDERR_REDIRECT] [Fatal Error] :1:1: Premature end of file.
2025-05-20 10:05:09,777 [ERROR] LogOutputStream:75 - [STDERR_REDIRECT] 
2025-05-20 10:05:10,765 [ERROR] LogOutputStream:75 - [STDERR_REDIRECT] [Fatal Error] :1:1: Premature end of file.
2025-05-20 10:05:10,765 [ERROR] LogOutputStream:75 - [STDERR_REDIRECT] 
2025-05-20 10:05:11,768 [ERROR] LogOutputStream:75 - [STDERR_REDIRECT] [Fatal Error] :1:1: Premature end of file.
2025-05-20 10:05:11,768 [ERROR] LogOutputStream:75 - [STDERR_REDIRECT] 
2025-05-20 10:05:12,772 [ERROR] LogOutputStream:75 - [STDERR_REDIRECT] [Fatal Error] :1:1: Premature end of file.
2025-05-20 10:05:12,772 [ERROR] LogOutputStream:75 - [STDERR_REDIRECT] 
2025-05-20 10:05:13,769 [ERROR] LogOutputStream:75 - [STDERR_REDIRECT] [Fatal Error] :1:1: Premature end of file.
2025-05-20 10:05:13,769 [ERROR] LogOutputStream:75 - [STDERR_REDIRECT] 
2025-05-20 10:05:14,407 [INFO] WebApp:194 - Connection lost
2025-05-20 10:05:14,642 [INFO] WebApp:191 - Connection restablished
2025-05-20 10:05:14,797 [ERROR] LogOutputStream:75 - [STDERR_REDIRECT] [Fatal Error] :1:1: Premature end of file.
2025-05-20 10:05:14,797 [ERROR] LogOutputStream:75 - [STDERR_REDIRECT] 
2025-05-20 10:05:15,774 [ERROR] LogOutputStream:75 - [STDERR_REDIRECT] [Fatal Error] :1:1: Premature end of file.
2025-05-20 10:05:15,774 [ERROR] LogOutputStream:75 - [STDERR_REDIRECT] 
2025-05-20 10:05:16,772 [ERROR] LogOutputStream:75 - [STDERR_REDIRECT] [Fatal Error] :1:1: Premature end of file.
2025-05-20 10:05:16,772 [ERROR] LogOutputStream:75 - [STDERR_REDIRECT] 
2025-05-20 10:05:17,778 [ERROR] LogOutputStream:75 - [STDERR_REDIRECT] [Fatal Error] :1:1: Premature end of file.
2025-05-20 10:05:17,778 [ERROR] LogOutputStream:75 - [STDERR_REDIRECT] 
2025-05-20 10:05:18,778 [ERROR] LogOutputStream:75 - [STDERR_REDIRECT] [Fatal Error] :1:1: Premature end of file.
2025-05-20 10:05:18,778 [ERROR] LogOutputStream:75 - [STDERR_REDIRECT] 
2025-05-20 10:05:19,776 [ERROR] LogOutputStream:75 - [STDERR_REDIRECT] [Fatal Error] :1:1: Premature end of file.
2025-05-20 10:05:19,777 [ERROR] LogOutputStream:75 - [STDERR_REDIRECT] 
2025-05-20 10:05:20,784 [ERROR] LogOutputStream:75 - [STDERR_REDIRECT] [Fatal Error] :1:1: Premature end of file.
2025-05-20 10:05:20,784 [ERROR] LogOutputStream:75 - [STDERR_REDIRECT] 
2025-05-20 10:05:21,784 [ERROR] LogOutputStream:75 - [STDERR_REDIRECT] [Fatal Error] :1:1: Premature end of file.
2025-05-20 10:05:21,784 [ERROR] LogOutputStream:75 - [STDERR_REDIRECT] 
2025-05-20 10:05:22,769 [ERROR] LogOutputStream:75 - [STDERR_REDIRECT] [Fatal Error] :1:1: Premature end of file.
2025-05-20 10:05:22,769 [ERROR] LogOutputStream:75 - [STDERR_REDIRECT] 
2025-05-20 10:05:23,767 [ERROR] LogOutputStream:75 - [STDERR_REDIRECT] [Fatal Error] :1:1: Premature end of file.
2025-05-20 10:05:23,767 [ERROR] LogOutputStream:75 - [STDERR_REDIRECT] 
2025-05-20 10:05:24,776 [ERROR] LogOutputStream:75 - [STDERR_REDIRECT] [Fatal Error] :1:1: Premature end of file.
2025-05-20 10:05:24,776 [ERROR] LogOutputStream:75 - [STDERR_REDIRECT] 
2025-05-20 10:05:25,778 [ERROR] LogOutputStream:75 - [STDERR_REDIRECT] [Fatal Error] :1:1: Premature end of file.
2025-05-20 10:05:25,778 [ERROR] LogOutputStream:75 - [STDERR_REDIRECT] 
2025-05-20 10:05:26,770 [ERROR] LogOutputStream:75 - [STDERR_REDIRECT] [Fatal Error] :1:1: Premature end of file.
2025-05-20 10:05:26,770 [ERROR] LogOutputStream:75 - [STDERR_REDIRECT] 
2025-05-20 10:05:27,806 [ERROR] LogOutputStream:75 - [STDERR_REDIRECT] [Fatal Error] :1:1: Premature end of file.
2025-05-20 10:05:27,806 [ERROR] LogOutputStream:75 - [STDERR_REDIRECT] 
2025-05-20 10:05:28,772 [ERROR] LogOutputStream:75 - [STDERR_REDIRECT] [Fatal Error] :1:1: Premature end of file.
2025-05-20 10:05:28,772 [ERROR] LogOutputStream:75 - [STDERR_REDIRECT] 
2025-05-20 10:05:29,786 [ERROR] LogOutputStream:75 - [STDERR_REDIRECT] [Fatal Error] :1:1: Premature end of file.
2025-05-20 10:05:29,786 [ERROR] LogOutputStream:75 - [STDERR_REDIRECT] 
2025-05-20 10:05:30,769 [ERROR] LogOutputStream:75 - [STDERR_REDIRECT] [Fatal Error] :1:1: Premature end of file.
2025-05-20 10:05:30,769 [ERROR] LogOutputStream:75 - [STDERR_REDIRECT] 
2025-05-20 10:05:31,783 [ERROR] LogOutputStream:75 - [STDERR_REDIRECT] [Fatal Error] :1:1: Premature end of file.
2025-05-20 10:05:31,783 [ERROR] LogOutputStream:75 - [STDERR_REDIRECT] 
2025-05-20 10:05:32,418 [INFO] WebApp:194 - Connection lost
2025-05-20 10:05:32,605 [INFO] WebApp:191 - Connection restablished
2025-05-20 10:05:32,791 [ERROR] LogOutputStream:75 - [STDERR_REDIRECT] [Fatal Error] :1:1: Premature end of file.
2025-05-20 10:05:32,791 [ERROR] LogOutputStream:75 - [STDERR_REDIRECT] 
2025-05-20 10:05:33,776 [ERROR] LogOutputStream:75 - [STDERR_REDIRECT] [Fatal Error] :1:1: Premature end of file.
2025-05-20 10:05:33,776 [ERROR] LogOutputStream:75 - [STDERR_REDIRECT] 
2025-05-20 10:05:34,770 [ERROR] LogOutputStream:75 - [STDERR_REDIRECT] [Fatal Error] :1:1: Premature end of file.
2025-05-20 10:05:34,770 [ERROR] LogOutputStream:75 - [STDERR_REDIRECT] 
2025-05-20 10:05:35,776 [ERROR] LogOutputStream:75 - [STDERR_REDIRECT] [Fatal Error] :1:1: Premature end of file.
2025-05-20 10:05:35,776 [ERROR] LogOutputStream:75 - [STDERR_REDIRECT] 
2025-05-20 10:05:36,772 [ERROR] LogOutputStream:75 - [STDERR_REDIRECT] [Fatal Error] :1:1: Premature end of file.
2025-05-20 10:05:36,772 [ERROR] LogOutputStream:75 - [STDERR_REDIRECT] 
2025-05-20 10:05:37,780 [ERROR] LogOutputStream:75 - [STDERR_REDIRECT] [Fatal Error] :1:1: Premature end of file.
2025-05-20 10:05:37,780 [ERROR] LogOutputStream:75 - [STDERR_REDIRECT] 
2025-05-20 10:05:38,780 [ERROR] LogOutputStream:75 - [STDERR_REDIRECT] [Fatal Error] :1:1: Premature end of file.
2025-05-20 10:05:38,780 [ERROR] LogOutputStream:75 - [STDERR_REDIRECT] 
2025-05-20 10:05:39,778 [ERROR] LogOutputStream:75 - [STDERR_REDIRECT] [Fatal Error] :1:1: Premature end of file.
2025-05-20 10:05:39,778 [ERROR] LogOutputStream:75 - [STDERR_REDIRECT] 
2025-05-20 10:05:40,782 [ERROR] LogOutputStream:75 - [STDERR_REDIRECT] [Fatal Error] :1:1: Premature end of file.
2025-05-20 10:05:40,782 [ERROR] LogOutputStream:75 - [STDERR_REDIRECT] 
2025-05-20 10:05:41,786 [ERROR] LogOutputStream:75 - [STDERR_REDIRECT] [Fatal Error] :1:1: Premature end of file.
2025-05-20 10:05:41,786 [ERROR] LogOutputStream:75 - [STDERR_REDIRECT] 
2025-05-20 10:05:42,777 [ERROR] LogOutputStream:75 - [STDERR_REDIRECT] [Fatal Error] :1:1: Premature end of file.
2025-05-20 10:05:42,777 [ERROR] LogOutputStream:75 - [STDERR_REDIRECT] 
2025-05-20 10:05:43,778 [ERROR] LogOutputStream:75 - [STDERR_REDIRECT] [Fatal Error] :1:1: Premature end of file.
2025-05-20 10:05:43,778 [ERROR] LogOutputStream:75 - [STDERR_REDIRECT] 
2025-05-20 10:05:44,771 [ERROR] LogOutputStream:75 - [STDERR_REDIRECT] [Fatal Error] :1:1: Premature end of file.
2025-05-20 10:05:44,771 [ERROR] LogOutputStream:75 - [STDERR_REDIRECT] 
2025-05-20 10:05:45,779 [ERROR] LogOutputStream:75 - [STDERR_REDIRECT] [Fatal Error] :1:1: Premature end of file.
2025-05-20 10:05:45,779 [ERROR] LogOutputStream:75 - [STDERR_REDIRECT] 
2025-05-20 10:05:46,785 [ERROR] LogOutputStream:75 - [STDERR_REDIRECT] [Fatal Error] :1:1: Premature end of file.
2025-05-20 10:05:46,786 [ERROR] LogOutputStream:75 - [STDERR_REDIRECT] 
2025-05-20 10:05:47,783 [ERROR] LogOutputStream:75 - [STDERR_REDIRECT] [Fatal Error] :1:1: Premature end of file.
2025-05-20 10:05:47,783 [ERROR] LogOutputStream:75 - [STDERR_REDIRECT] 
2025-05-20 10:05:48,778 [ERROR] LogOutputStream:75 - [STDERR_REDIRECT] [Fatal Error] :1:1: Premature end of file.
2025-05-20 10:05:48,778 [ERROR] LogOutputStream:75 - [STDERR_REDIRECT] 
2025-05-20 10:05:49,777 [ERROR] LogOutputStream:75 - [STDERR_REDIRECT] [Fatal Error] :1:1: Premature end of file.
2025-05-20 10:05:49,777 [ERROR] LogOutputStream:75 - [STDERR_REDIRECT] 
2025-05-20 10:05:50,789 [ERROR] LogOutputStream:75 - [STDERR_REDIRECT] [Fatal Error] :1:1: Premature end of file.
2025-05-20 10:05:50,789 [ERROR] LogOutputStream:75 - [STDERR_REDIRECT] 
2025-05-20 10:05:51,787 [ERROR] LogOutputStream:75 - [STDERR_REDIRECT] [Fatal Error] :1:1: Premature end of file.
2025-05-20 10:05:51,788 [ERROR] LogOutputStream:75 - [STDERR_REDIRECT] 
2025-05-20 10:05:52,780 [ERROR] LogOutputStream:75 - [STDERR_REDIRECT] [Fatal Error] :1:1: Premature end of file.
2025-05-20 10:05:52,780 [ERROR] LogOutputStream:75 - [STDERR_REDIRECT] 
2025-05-20 10:05:53,784 [ERROR] LogOutputStream:75 - [STDERR_REDIRECT] [Fatal Error] :1:1: Premature end of file.
2025-05-20 10:05:53,784 [ERROR] LogOutputStream:75 - [STDERR_REDIRECT] 
2025-05-20 10:05:54,788 [ERROR] LogOutputStream:75 - [STDERR_REDIRECT] [Fatal Error] :1:1: Premature end of file.
2025-05-20 10:05:54,788 [ERROR] LogOutputStream:75 - [STDERR_REDIRECT] 
2025-05-20 10:05:55,785 [ERROR] LogOutputStream:75 - [STDERR_REDIRECT] [Fatal Error] :1:1: Premature end of file.
2025-05-20 10:05:55,785 [ERROR] LogOutputStream:75 - [STDERR_REDIRECT] 
2025-05-20 10:05:56,784 [ERROR] LogOutputStream:75 - [STDERR_REDIRECT] [Fatal Error] :1:1: Premature end of file.
2025-05-20 10:05:56,784 [ERROR] LogOutputStream:75 - [STDERR_REDIRECT] 
2025-05-20 10:05:57,777 [ERROR] LogOutputStream:75 - [STDERR_REDIRECT] [Fatal Error] :1:1: Premature end of file.
2025-05-20 10:05:57,777 [ERROR] LogOutputStream:75 - [STDERR_REDIRECT] 
2025-05-20 10:05:58,783 [ERROR] LogOutputStream:75 - [STDERR_REDIRECT] [Fatal Error] :1:1: Premature end of file.
2025-05-20 10:05:58,784 [ERROR] LogOutputStream:75 - [STDERR_REDIRECT] 
2025-05-20 10:05:59,783 [ERROR] LogOutputStream:75 - [STDERR_REDIRECT] [Fatal Error] :1:1: Premature end of file.
2025-05-20 10:05:59,783 [ERROR] LogOutputStream:75 - [STDERR_REDIRECT] 
2025-05-20 10:06:00,786 [ERROR] LogOutputStream:75 - [STDERR_REDIRECT] [Fatal Error] :1:1: Premature end of file.
2025-05-20 10:06:00,786 [ERROR] LogOutputStream:75 - [STDERR_REDIRECT] 
2025-05-20 10:06:01,786 [ERROR] LogOutputStream:75 - [STDERR_REDIRECT] [Fatal Error] :1:1: Premature end of file.
2025-05-20 10:06:01,786 [ERROR] LogOutputStream:75 - [STDERR_REDIRECT] 
2025-05-20 10:06:02,793 [ERROR] LogOutputStream:75 - [STDERR_REDIRECT] [Fatal Error] :1:1: Premature end of file.
2025-05-20 10:06:02,793 [ERROR] LogOutputStream:75 - [STDERR_REDIRECT] 
2025-05-20 10:06:03,799 [ERROR] LogOutputStream:75 - [STDERR_REDIRECT] [Fatal Error] :1:1: Premature end of file.
2025-05-20 10:06:03,799 [ERROR] LogOutputStream:75 - [STDERR_REDIRECT] 
2025-05-20 10:06:04,779 [ERROR] LogOutputStream:75 - [STDERR_REDIRECT] [Fatal Error] :1:1: Premature end of file.
2025-05-20 10:06:04,780 [ERROR] LogOutputStream:75 - [STDERR_REDIRECT] 
2025-05-20 10:06:05,787 [ERROR] LogOutputStream:75 - [STDERR_REDIRECT] [Fatal Error] :1:1: Premature end of file.
2025-05-20 10:06:05,788 [ERROR] LogOutputStream:75 - [STDERR_REDIRECT] 
2025-05-20 10:06:06,782 [ERROR] LogOutputStream:75 - [STDERR_REDIRECT] [Fatal Error] :1:1: Premature end of file.
2025-05-20 10:06:06,782 [ERROR] LogOutputStream:75 - [STDERR_REDIRECT] 
2025-05-20 10:06:07,780 [ERROR] LogOutputStream:75 - [STDERR_REDIRECT] [Fatal Error] :1:1: Premature end of file.
2025-05-20 10:06:07,780 [ERROR] LogOutputStream:75 - [STDERR_REDIRECT] 
2025-05-20 10:06:08,780 [ERROR] LogOutputStream:75 - [STDERR_REDIRECT] [Fatal Error] :1:1: Premature end of file.
2025-05-20 10:06:08,780 [ERROR] LogOutputStream:75 - [STDERR_REDIRECT] 
2025-05-20 10:06:09,779 [ERROR] LogOutputStream:75 - [STDERR_REDIRECT] [Fatal Error] :1:1: Premature end of file.
2025-05-20 10:06:09,779 [ERROR] LogOutputStream:75 - [STDERR_REDIRECT] 
2025-05-20 10:06:10,787 [ERROR] LogOutputStream:75 - [STDERR_REDIRECT] [Fatal Error] :1:1: Premature end of file.
2025-05-20 10:06:10,787 [ERROR] LogOutputStream:75 - [STDERR_REDIRECT] 
2025-05-20 10:06:11,799 [ERROR] LogOutputStream:75 - [STDERR_REDIRECT] [Fatal Error] :1:1: Premature end of file.
2025-05-20 10:06:11,799 [ERROR] LogOutputStream:75 - [STDERR_REDIRECT] 
2025-05-20 10:06:12,781 [ERROR] LogOutputStream:75 - [STDERR_REDIRECT] [Fatal Error] :1:1: Premature end of file.
2025-05-20 10:06:12,781 [ERROR] LogOutputStream:75 - [STDERR_REDIRECT] 
2025-05-20 10:06:13,783 [ERROR] LogOutputStream:75 - [STDERR_REDIRECT] [Fatal Error] :1:1: Premature end of file.
2025-05-20 10:06:13,783 [ERROR] LogOutputStream:75 - [STDERR_REDIRECT] 
2025-05-20 10:06:14,782 [ERROR] LogOutputStream:75 - [STDERR_REDIRECT] [Fatal Error] :1:1: Premature end of file.
2025-05-20 10:06:14,783 [ERROR] LogOutputStream:75 - [STDERR_REDIRECT] 
2025-05-20 10:06:15,785 [ERROR] LogOutputStream:75 - [STDERR_REDIRECT] [Fatal Error] :1:1: Premature end of file.
2025-05-20 10:06:15,785 [ERROR] LogOutputStream:75 - [STDERR_REDIRECT] 
2025-05-20 10:06:16,783 [ERROR] LogOutputStream:75 - [STDERR_REDIRECT] [Fatal Error] :1:1: Premature end of file.
2025-05-20 10:06:16,783 [ERROR] LogOutputStream:75 - [STDERR_REDIRECT] 
2025-05-20 10:06:17,781 [ERROR] LogOutputStream:75 - [STDERR_REDIRECT] [Fatal Error] :1:1: Premature end of file.
2025-05-20 10:06:17,781 [ERROR] LogOutputStream:75 - [STDERR_REDIRECT] 
2025-05-20 10:06:18,786 [ERROR] LogOutputStream:75 - [STDERR_REDIRECT] [Fatal Error] :1:1: Premature end of file.
2025-05-20 10:06:18,786 [ERROR] LogOutputStream:75 - [STDERR_REDIRECT] 
2025-05-20 10:06:19,784 [ERROR] LogOutputStream:75 - [STDERR_REDIRECT] [Fatal Error] :1:1: Premature end of file.
2025-05-20 10:06:19,784 [ERROR] LogOutputStream:75 - [STDERR_REDIRECT] 
2025-05-20 10:06:20,777 [ERROR] LogOutputStream:75 - [STDERR_REDIRECT] [Fatal Error] :1:1: Premature end of file.
2025-05-20 10:06:20,777 [ERROR] LogOutputStream:75 - [STDERR_REDIRECT] 
2025-05-20 10:06:21,785 [ERROR] LogOutputStream:75 - [STDERR_REDIRECT] [Fatal Error] :1:1: Premature end of file.
2025-05-20 10:06:21,785 [ERROR] LogOutputStream:75 - [STDERR_REDIRECT] 
2025-05-20 10:06:22,782 [ERROR] LogOutputStream:75 - [STDERR_REDIRECT] [Fatal Error] :1:1: Premature end of file.
2025-05-20 10:06:22,782 [ERROR] LogOutputStream:75 - [STDERR_REDIRECT] 
2025-05-20 10:06:23,776 [ERROR] LogOutputStream:75 - [STDERR_REDIRECT] [Fatal Error] :1:1: Premature end of file.
2025-05-20 10:06:23,778 [ERROR] LogOutputStream:75 - [STDERR_REDIRECT] 
2025-05-20 10:06:24,791 [ERROR] LogOutputStream:75 - [STDERR_REDIRECT] [Fatal Error] :1:1: Premature end of file.
2025-05-20 10:06:24,791 [ERROR] LogOutputStream:75 - [STDERR_REDIRECT] 
2025-05-20 10:06:25,777 [ERROR] LogOutputStream:75 - [STDERR_REDIRECT] [Fatal Error] :1:1: Premature end of file.
2025-05-20 10:06:25,777 [ERROR] LogOutputStream:75 - [STDERR_REDIRECT] 
2025-05-20 10:06:26,768 [ERROR] LogOutputStream:75 - [STDERR_REDIRECT] [Fatal Error] :1:1: Premature end of file.
2025-05-20 10:06:26,768 [ERROR] LogOutputStream:75 - [STDERR_REDIRECT] 
2025-05-20 10:06:27,773 [ERROR] LogOutputStream:75 - [STDERR_REDIRECT] [Fatal Error] :1:1: Premature end of file.
2025-05-20 10:06:27,773 [ERROR] LogOutputStream:75 - [STDERR_REDIRECT] 
2025-05-20 10:06:28,786 [ERROR] LogOutputStream:75 - [STDERR_REDIRECT] [Fatal Error] :1:1: Premature end of file.
2025-05-20 10:06:28,786 [ERROR] LogOutputStream:75 - [STDERR_REDIRECT] 
2025-05-20 10:06:29,779 [ERROR] LogOutputStream:75 - [STDERR_REDIRECT] [Fatal Error] :1:1: Premature end of file.
2025-05-20 10:06:29,779 [ERROR] LogOutputStream:75 - [STDERR_REDIRECT] 
2025-05-20 10:06:30,766 [ERROR] LogOutputStream:75 - [STDERR_REDIRECT] [Fatal Error] :1:1: Premature end of file.
2025-05-20 10:06:30,766 [ERROR] LogOutputStream:75 - [STDERR_REDIRECT] 
2025-05-20 10:06:31,771 [ERROR] LogOutputStream:75 - [STDERR_REDIRECT] [Fatal Error] :1:1: Premature end of file.
2025-05-20 10:06:31,771 [ERROR] LogOutputStream:75 - [STDERR_REDIRECT] 
2025-05-20 10:06:32,767 [ERROR] LogOutputStream:75 - [STDERR_REDIRECT] [Fatal Error] :1:1: Premature end of file.
2025-05-20 10:06:32,767 [ERROR] LogOutputStream:75 - [STDERR_REDIRECT] 
2025-05-20 10:06:33,775 [ERROR] LogOutputStream:75 - [STDERR_REDIRECT] [Fatal Error] :1:1: Premature end of file.
2025-05-20 10:06:33,775 [ERROR] LogOutputStream:75 - [STDERR_REDIRECT] 
2025-05-20 10:06:34,777 [ERROR] LogOutputStream:75 - [STDERR_REDIRECT] [Fatal Error] :1:1: Premature end of file.
2025-05-20 10:06:34,777 [ERROR] LogOutputStream:75 - [STDERR_REDIRECT] 
2025-05-20 10:06:35,778 [ERROR] LogOutputStream:75 - [STDERR_REDIRECT] [Fatal Error] :1:1: Premature end of file.
2025-05-20 10:06:35,778 [ERROR] LogOutputStream:75 - [STDERR_REDIRECT] 
2025-05-20 10:06:36,768 [ERROR] LogOutputStream:75 - [STDERR_REDIRECT] [Fatal Error] :1:1: Premature end of file.
2025-05-20 10:06:36,768 [ERROR] LogOutputStream:75 - [STDERR_REDIRECT] 
2025-05-20 10:06:37,777 [ERROR] LogOutputStream:75 - [STDERR_REDIRECT] [Fatal Error] :1:1: Premature end of file.
2025-05-20 10:06:37,778 [ERROR] LogOutputStream:75 - [STDERR_REDIRECT] 
2025-05-20 10:06:38,777 [ERROR] LogOutputStream:75 - [STDERR_REDIRECT] [Fatal Error] :1:1: Premature end of file.
2025-05-20 10:06:38,777 [ERROR] LogOutputStream:75 - [STDERR_REDIRECT] 
2025-05-20 10:06:39,775 [ERROR] LogOutputStream:75 - [STDERR_REDIRECT] [Fatal Error] :1:1: Premature end of file.
2025-05-20 10:06:39,775 [ERROR] LogOutputStream:75 - [STDERR_REDIRECT] 
2025-05-20 10:06:40,784 [ERROR] LogOutputStream:75 - [STDERR_REDIRECT] [Fatal Error] :1:1: Premature end of file.
2025-05-20 10:06:40,784 [ERROR] LogOutputStream:75 - [STDERR_REDIRECT] 
2025-05-20 10:06:41,778 [ERROR] LogOutputStream:75 - [STDERR_REDIRECT] [Fatal Error] :1:1: Premature end of file.
2025-05-20 10:06:41,778 [ERROR] LogOutputStream:75 - [STDERR_REDIRECT] 
2025-05-20 10:06:42,787 [ERROR] LogOutputStream:75 - [STDERR_REDIRECT] [Fatal Error] :1:1: Premature end of file.
2025-05-20 10:06:42,787 [ERROR] LogOutputStream:75 - [STDERR_REDIRECT] 
2025-05-20 10:06:43,780 [ERROR] LogOutputStream:75 - [STDERR_REDIRECT] [Fatal Error] :1:1: Premature end of file.
2025-05-20 10:06:43,780 [ERROR] LogOutputStream:75 - [STDERR_REDIRECT] 
2025-05-20 10:06:44,781 [ERROR] LogOutputStream:75 - [STDERR_REDIRECT] [Fatal Error] :1:1: Premature end of file.
2025-05-20 10:06:44,781 [ERROR] LogOutputStream:75 - [STDERR_REDIRECT] 
2025-05-20 10:06:45,789 [ERROR] LogOutputStream:75 - [STDERR_REDIRECT] [Fatal Error] :1:1: Premature end of file.
2025-05-20 10:06:45,789 [ERROR] LogOutputStream:75 - [STDERR_REDIRECT] 
2025-05-20 10:06:46,783 [ERROR] LogOutputStream:75 - [STDERR_REDIRECT] [Fatal Error] :1:1: Premature end of file.
2025-05-20 10:06:46,783 [ERROR] LogOutputStream:75 - [STDERR_REDIRECT] 
2025-05-20 10:06:47,780 [ERROR] LogOutputStream:75 - [STDERR_REDIRECT] [Fatal Error] :1:1: Premature end of file.
2025-05-20 10:06:47,780 [ERROR] LogOutputStream:75 - [STDERR_REDIRECT] 
2025-05-20 10:06:48,800 [ERROR] LogOutputStream:75 - [STDERR_REDIRECT] [Fatal Error] :1:1: Premature end of file.
2025-05-20 10:06:48,801 [ERROR] LogOutputStream:75 - [STDERR_REDIRECT] 
2025-05-20 10:06:49,778 [ERROR] LogOutputStream:75 - [STDERR_REDIRECT] [Fatal Error] :1:1: Premature end of file.
2025-05-20 10:06:49,778 [ERROR] LogOutputStream:75 - [STDERR_REDIRECT] 
2025-05-20 10:06:50,785 [ERROR] LogOutputStream:75 - [STDERR_REDIRECT] [Fatal Error] :1:1: Premature end of file.
2025-05-20 10:06:50,785 [ERROR] LogOutputStream:75 - [STDERR_REDIRECT] 
2025-05-20 10:06:51,787 [ERROR] LogOutputStream:75 - [STDERR_REDIRECT] [Fatal Error] :1:1: Premature end of file.
2025-05-20 10:06:51,787 [ERROR] LogOutputStream:75 - [STDERR_REDIRECT] 
2025-05-20 10:06:52,786 [ERROR] LogOutputStream:75 - [STDERR_REDIRECT] [Fatal Error] :1:1: Premature end of file.
2025-05-20 10:06:52,786 [ERROR] LogOutputStream:75 - [STDERR_REDIRECT] 
2025-05-20 10:06:53,769 [ERROR] LogOutputStream:75 - [STDERR_REDIRECT] [Fatal Error] :1:1: Premature end of file.
2025-05-20 10:06:53,769 [ERROR] LogOutputStream:75 - [STDERR_REDIRECT] 
2025-05-20 10:06:54,786 [ERROR] LogOutputStream:75 - [STDERR_REDIRECT] [Fatal Error] :1:1: Premature end of file.
2025-05-20 10:06:54,786 [ERROR] LogOutputStream:75 - [STDERR_REDIRECT] 
2025-05-20 10:06:55,788 [ERROR] LogOutputStream:75 - [STDERR_REDIRECT] [Fatal Error] :1:1: Premature end of file.
2025-05-20 10:06:55,788 [ERROR] LogOutputStream:75 - [STDERR_REDIRECT] 
2025-05-20 10:06:56,764 [ERROR] LogOutputStream:75 - [STDERR_REDIRECT] [Fatal Error] :1:1: Premature end of file.
2025-05-20 10:06:56,764 [ERROR] LogOutputStream:75 - [STDERR_REDIRECT] 
2025-05-20 10:06:57,783 [ERROR] LogOutputStream:75 - [STDERR_REDIRECT] [Fatal Error] :1:1: Premature end of file.
2025-05-20 10:06:57,783 [ERROR] LogOutputStream:75 - [STDERR_REDIRECT] 
2025-05-20 10:06:58,774 [ERROR] LogOutputStream:75 - [STDERR_REDIRECT] [Fatal Error] :1:1: Premature end of file.
2025-05-20 10:06:58,774 [ERROR] LogOutputStream:75 - [STDERR_REDIRECT] 
2025-05-20 10:06:59,762 [ERROR] LogOutputStream:75 - [STDERR_REDIRECT] [Fatal Error] :1:1: Premature end of file.
2025-05-20 10:06:59,762 [ERROR] LogOutputStream:75 - [STDERR_REDIRECT] 
2025-05-20 10:07:00,763 [ERROR] LogOutputStream:75 - [STDERR_REDIRECT] [Fatal Error] :1:1: Premature end of file.
2025-05-20 10:07:00,763 [ERROR] LogOutputStream:75 - [STDERR_REDIRECT] 
2025-05-20 10:07:01,640 [INFO] ADCParametersView:116 -                Rank 1 : false
2025-05-20 10:07:01,641 [INFO] ADCParametersView:116 -                Rank 1 : false
2025-05-20 10:07:01,642 [INFO] ADCParametersView:116 -                Rank 1 : false
2025-05-20 10:07:01,642 [INFO] ADCParametersView:116 -                Rank 1 : false
2025-05-20 10:07:01,642 [INFO] ADCParametersView:116 -                Rank 1 : false
2025-05-20 10:07:01,642 [INFO] ADCParametersView:116 -                Rank 1 : false
2025-05-20 10:07:01,642 [INFO] ADCParametersView:116 -                Rank 1 : false
2025-05-20 10:07:01,642 [INFO] ADCParametersView:116 -                Rank 1 : false
2025-05-20 10:07:01,642 [INFO] ADCParametersView:116 -                Rank 1 : false
2025-05-20 10:07:01,642 [INFO] ADCParametersView:116 -                Rank 1 : false
2025-05-20 10:07:01,642 [INFO] ADCParametersView:116 -                Rank 1 : false
2025-05-20 10:07:01,642 [INFO] ADCParametersView:116 -                Rank 1 : false
2025-05-20 10:07:01,642 [INFO] ADCParametersView:116 -                Rank 1 : false
2025-05-20 10:07:01,643 [INFO] ADCParametersView:116 -                Rank 1 : false
2025-05-20 10:07:01,658 [INFO] ADCParametersView:116 -                Rank 1 : false
2025-05-20 10:07:01,684 [INFO] ADCParametersView:116 -                Rank 1 : false
2025-05-20 10:07:01,685 [INFO] ADCParametersView:116 -                Rank 1 : false
2025-05-20 10:07:01,685 [INFO] ADCParametersView:116 -                Rank 1 : false
2025-05-20 10:07:01,685 [INFO] ADCParametersView:116 -                Rank 1 : false
2025-05-20 10:07:01,685 [INFO] ADCParametersView:116 -                Rank 1 : false
2025-05-20 10:07:01,685 [INFO] ADCParametersView:116 -                Rank 1 : false
2025-05-20 10:07:01,685 [INFO] ADCParametersView:116 -                Rank 1 : false
2025-05-20 10:07:01,686 [INFO] ADCParametersView:116 -                Rank 1 : false
2025-05-20 10:07:01,686 [INFO] ADCParametersView:116 -                Rank 1 : false
2025-05-20 10:07:01,686 [INFO] ADCParametersView:116 -                Rank 1 : false
2025-05-20 10:07:01,686 [INFO] ADCParametersView:116 -                Rank 1 : false
2025-05-20 10:07:01,686 [INFO] ADCParametersView:116 -                Rank 1 : false
2025-05-20 10:07:01,686 [INFO] ADCParametersView:116 -                Rank 1 : false
2025-05-20 10:07:01,686 [INFO] ADCParametersView:116 -                Rank 1 : false
2025-05-20 10:07:01,706 [INFO] ADCParametersView:116 -                Rank 1 : false
2025-05-20 10:07:01,776 [ERROR] LogOutputStream:75 - [STDERR_REDIRECT] [Fatal Error] :1:1: Premature end of file.
2025-05-20 10:07:01,776 [ERROR] LogOutputStream:75 - [STDERR_REDIRECT] 
2025-05-20 10:07:02,762 [ERROR] LogOutputStream:75 - [STDERR_REDIRECT] [Fatal Error] :1:1: Premature end of file.
2025-05-20 10:07:02,762 [ERROR] LogOutputStream:75 - [STDERR_REDIRECT] 
2025-05-20 10:07:03,770 [ERROR] LogOutputStream:75 - [STDERR_REDIRECT] [Fatal Error] :1:1: Premature end of file.
2025-05-20 10:07:03,770 [ERROR] LogOutputStream:75 - [STDERR_REDIRECT] 
2025-05-20 10:07:04,766 [ERROR] LogOutputStream:75 - [STDERR_REDIRECT] [Fatal Error] :1:1: Premature end of file.
2025-05-20 10:07:04,766 [ERROR] LogOutputStream:75 - [STDERR_REDIRECT] 
2025-05-20 10:07:05,770 [ERROR] LogOutputStream:75 - [STDERR_REDIRECT] [Fatal Error] :1:1: Premature end of file.
2025-05-20 10:07:05,770 [ERROR] LogOutputStream:75 - [STDERR_REDIRECT] 
2025-05-20 10:07:06,761 [ERROR] LogOutputStream:75 - [STDERR_REDIRECT] [Fatal Error] :1:1: Premature end of file.
2025-05-20 10:07:06,761 [ERROR] LogOutputStream:75 - [STDERR_REDIRECT] 
2025-05-20 10:07:07,759 [ERROR] LogOutputStream:75 - [STDERR_REDIRECT] [Fatal Error] :1:1: Premature end of file.
2025-05-20 10:07:07,759 [ERROR] LogOutputStream:75 - [STDERR_REDIRECT] 
2025-05-20 10:07:08,765 [ERROR] LogOutputStream:75 - [STDERR_REDIRECT] [Fatal Error] :1:1: Premature end of file.
2025-05-20 10:07:08,765 [ERROR] LogOutputStream:75 - [STDERR_REDIRECT] 
2025-05-20 10:07:09,761 [ERROR] LogOutputStream:75 - [STDERR_REDIRECT] [Fatal Error] :1:1: Premature end of file.
2025-05-20 10:07:09,761 [ERROR] LogOutputStream:75 - [STDERR_REDIRECT] 
2025-05-20 10:07:10,769 [ERROR] LogOutputStream:75 - [STDERR_REDIRECT] [Fatal Error] :1:1: Premature end of file.
2025-05-20 10:07:10,769 [ERROR] LogOutputStream:75 - [STDERR_REDIRECT] 
2025-05-20 10:07:11,773 [ERROR] LogOutputStream:75 - [STDERR_REDIRECT] [Fatal Error] :1:1: Premature end of file.
2025-05-20 10:07:11,773 [ERROR] LogOutputStream:75 - [STDERR_REDIRECT] 
2025-05-20 10:07:12,762 [ERROR] LogOutputStream:75 - [STDERR_REDIRECT] [Fatal Error] :1:1: Premature end of file.
2025-05-20 10:07:12,762 [ERROR] LogOutputStream:75 - [STDERR_REDIRECT] 
2025-05-20 10:07:13,764 [ERROR] LogOutputStream:75 - [STDERR_REDIRECT] [Fatal Error] :1:1: Premature end of file.
2025-05-20 10:07:13,764 [ERROR] LogOutputStream:75 - [STDERR_REDIRECT] 
2025-05-20 10:07:14,765 [ERROR] LogOutputStream:75 - [STDERR_REDIRECT] [Fatal Error] :1:1: Premature end of file.
2025-05-20 10:07:14,765 [ERROR] LogOutputStream:75 - [STDERR_REDIRECT] 
2025-05-20 10:07:15,774 [ERROR] LogOutputStream:75 - [STDERR_REDIRECT] [Fatal Error] :1:1: Premature end of file.
2025-05-20 10:07:15,774 [ERROR] LogOutputStream:75 - [STDERR_REDIRECT] 
2025-05-20 10:07:16,788 [ERROR] LogOutputStream:75 - [STDERR_REDIRECT] [Fatal Error] :1:1: Premature end of file.
2025-05-20 10:07:16,788 [ERROR] LogOutputStream:75 - [STDERR_REDIRECT] 
2025-05-20 10:07:17,775 [ERROR] LogOutputStream:75 - [STDERR_REDIRECT] [Fatal Error] :1:1: Premature end of file.
2025-05-20 10:07:17,775 [ERROR] LogOutputStream:75 - [STDERR_REDIRECT] 
2025-05-20 10:07:18,778 [ERROR] LogOutputStream:75 - [STDERR_REDIRECT] [Fatal Error] :1:1: Premature end of file.
2025-05-20 10:07:18,778 [ERROR] LogOutputStream:75 - [STDERR_REDIRECT] 
2025-05-20 10:07:19,773 [ERROR] LogOutputStream:75 - [STDERR_REDIRECT] [Fatal Error] :1:1: Premature end of file.
2025-05-20 10:07:19,774 [ERROR] LogOutputStream:75 - [STDERR_REDIRECT] 
2025-05-20 10:07:20,776 [ERROR] LogOutputStream:75 - [STDERR_REDIRECT] [Fatal Error] :1:1: Premature end of file.
2025-05-20 10:07:20,776 [ERROR] LogOutputStream:75 - [STDERR_REDIRECT] 
2025-05-20 10:07:21,781 [ERROR] LogOutputStream:75 - [STDERR_REDIRECT] [Fatal Error] :1:1: Premature end of file.
2025-05-20 10:07:21,781 [ERROR] LogOutputStream:75 - [STDERR_REDIRECT] 
2025-05-20 10:07:22,776 [ERROR] LogOutputStream:75 - [STDERR_REDIRECT] [Fatal Error] :1:1: Premature end of file.
2025-05-20 10:07:22,776 [ERROR] LogOutputStream:75 - [STDERR_REDIRECT] 
2025-05-20 10:07:23,766 [ERROR] LogOutputStream:75 - [STDERR_REDIRECT] [Fatal Error] :1:1: Premature end of file.
2025-05-20 10:07:23,766 [ERROR] LogOutputStream:75 - [STDERR_REDIRECT] 
2025-05-20 10:07:24,774 [ERROR] LogOutputStream:75 - [STDERR_REDIRECT] [Fatal Error] :1:1: Premature end of file.
2025-05-20 10:07:24,774 [ERROR] LogOutputStream:75 - [STDERR_REDIRECT] 
2025-05-20 10:07:25,782 [ERROR] LogOutputStream:75 - [STDERR_REDIRECT] [Fatal Error] :1:1: Premature end of file.
2025-05-20 10:07:25,782 [ERROR] LogOutputStream:75 - [STDERR_REDIRECT] 
2025-05-20 10:07:26,778 [ERROR] LogOutputStream:75 - [STDERR_REDIRECT] [Fatal Error] :1:1: Premature end of file.
2025-05-20 10:07:26,778 [ERROR] LogOutputStream:75 - [STDERR_REDIRECT] 
2025-05-20 10:07:27,783 [ERROR] LogOutputStream:75 - [STDERR_REDIRECT] [Fatal Error] :1:1: Premature end of file.
2025-05-20 10:07:27,784 [ERROR] LogOutputStream:75 - [STDERR_REDIRECT] 
2025-05-20 10:07:28,790 [ERROR] LogOutputStream:75 - [STDERR_REDIRECT] [Fatal Error] :1:1: Premature end of file.
2025-05-20 10:07:28,790 [ERROR] LogOutputStream:75 - [STDERR_REDIRECT] 
2025-05-20 10:07:29,785 [ERROR] LogOutputStream:75 - [STDERR_REDIRECT] [Fatal Error] :1:1: Premature end of file.
2025-05-20 10:07:29,785 [ERROR] LogOutputStream:75 - [STDERR_REDIRECT] 
2025-05-20 10:07:30,785 [ERROR] LogOutputStream:75 - [STDERR_REDIRECT] [Fatal Error] :1:1: Premature end of file.
2025-05-20 10:07:30,785 [ERROR] LogOutputStream:75 - [STDERR_REDIRECT] 
2025-05-20 10:07:31,782 [ERROR] LogOutputStream:75 - [STDERR_REDIRECT] [Fatal Error] :1:1: Premature end of file.
2025-05-20 10:07:31,783 [ERROR] LogOutputStream:75 - [STDERR_REDIRECT] 
2025-05-20 10:07:32,785 [ERROR] LogOutputStream:75 - [STDERR_REDIRECT] [Fatal Error] :1:1: Premature end of file.
2025-05-20 10:07:32,785 [ERROR] LogOutputStream:75 - [STDERR_REDIRECT] 
2025-05-20 10:07:33,776 [ERROR] LogOutputStream:75 - [STDERR_REDIRECT] [Fatal Error] :1:1: Premature end of file.
2025-05-20 10:07:33,776 [ERROR] LogOutputStream:75 - [STDERR_REDIRECT] 
2025-05-20 10:07:34,786 [ERROR] LogOutputStream:75 - [STDERR_REDIRECT] [Fatal Error] :1:1: Premature end of file.
2025-05-20 10:07:34,786 [ERROR] LogOutputStream:75 - [STDERR_REDIRECT] 
2025-05-20 10:07:35,777 [ERROR] LogOutputStream:75 - [STDERR_REDIRECT] [Fatal Error] :1:1: Premature end of file.
2025-05-20 10:07:35,777 [ERROR] LogOutputStream:75 - [STDERR_REDIRECT] 
2025-05-20 10:07:36,234 [INFO] NvicIntPanel:101 - NVIC parent = com.st.microxplorer.plugins.ip.nvic.MultiNvicIntPanel[,0,0,0x0,invalid,layout=javax.swing.BoxLayout,alignmentX=0.0,alignmentY=0.0,border=,flags=9,maximumSize=,minimumSize=,preferredSize=]
2025-05-20 10:07:36,779 [ERROR] LogOutputStream:75 - [STDERR_REDIRECT] [Fatal Error] :1:1: Premature end of file.
2025-05-20 10:07:36,779 [ERROR] LogOutputStream:75 - [STDERR_REDIRECT] 
2025-05-20 10:07:37,781 [ERROR] LogOutputStream:75 - [STDERR_REDIRECT] [Fatal Error] :1:1: Premature end of file.
2025-05-20 10:07:37,781 [ERROR] LogOutputStream:75 - [STDERR_REDIRECT] 
2025-05-20 10:07:38,777 [ERROR] LogOutputStream:75 - [STDERR_REDIRECT] [Fatal Error] :1:1: Premature end of file.
2025-05-20 10:07:38,778 [ERROR] LogOutputStream:75 - [STDERR_REDIRECT] 
2025-05-20 10:07:39,777 [ERROR] LogOutputStream:75 - [STDERR_REDIRECT] [Fatal Error] :1:1: Premature end of file.
2025-05-20 10:07:39,777 [ERROR] LogOutputStream:75 - [STDERR_REDIRECT] 
2025-05-20 10:07:40,770 [ERROR] LogOutputStream:75 - [STDERR_REDIRECT] [Fatal Error] :1:1: Premature end of file.
2025-05-20 10:07:40,770 [ERROR] LogOutputStream:75 - [STDERR_REDIRECT] 
2025-05-20 10:07:41,765 [ERROR] LogOutputStream:75 - [STDERR_REDIRECT] [Fatal Error] :1:1: Premature end of file.
2025-05-20 10:07:41,765 [ERROR] LogOutputStream:75 - [STDERR_REDIRECT] 
2025-05-20 10:07:41,938 [INFO] NvicIntPanel:101 - NVIC parent = com.st.microxplorer.plugins.ip.nvic.MultiNvicIntPanel[,0,0,0x0,invalid,layout=javax.swing.BoxLayout,alignmentX=0.0,alignmentY=0.0,border=,flags=9,maximumSize=,minimumSize=,preferredSize=]
2025-05-20 10:07:42,782 [ERROR] LogOutputStream:75 - [STDERR_REDIRECT] [Fatal Error] :1:1: Premature end of file.
2025-05-20 10:07:42,782 [ERROR] LogOutputStream:75 - [STDERR_REDIRECT] 
2025-05-20 10:07:43,776 [ERROR] LogOutputStream:75 - [STDERR_REDIRECT] [Fatal Error] :1:1: Premature end of file.
2025-05-20 10:07:43,776 [ERROR] LogOutputStream:75 - [STDERR_REDIRECT] 
2025-05-20 10:07:44,772 [ERROR] LogOutputStream:75 - [STDERR_REDIRECT] [Fatal Error] :1:1: Premature end of file.
2025-05-20 10:07:44,772 [ERROR] LogOutputStream:75 - [STDERR_REDIRECT] 
2025-05-20 10:07:45,768 [ERROR] LogOutputStream:75 - [STDERR_REDIRECT] [Fatal Error] :1:1: Premature end of file.
2025-05-20 10:07:45,768 [ERROR] LogOutputStream:75 - [STDERR_REDIRECT] 
2025-05-20 10:07:46,769 [ERROR] LogOutputStream:75 - [STDERR_REDIRECT] [Fatal Error] :1:1: Premature end of file.
2025-05-20 10:07:46,769 [ERROR] LogOutputStream:75 - [STDERR_REDIRECT] 
2025-05-20 10:07:47,767 [ERROR] LogOutputStream:75 - [STDERR_REDIRECT] [Fatal Error] :1:1: Premature end of file.
2025-05-20 10:07:47,767 [ERROR] LogOutputStream:75 - [STDERR_REDIRECT] 
2025-05-20 10:07:48,766 [ERROR] LogOutputStream:75 - [STDERR_REDIRECT] [Fatal Error] :1:1: Premature end of file.
2025-05-20 10:07:48,766 [ERROR] LogOutputStream:75 - [STDERR_REDIRECT] 
2025-05-20 10:07:49,764 [ERROR] LogOutputStream:75 - [STDERR_REDIRECT] [Fatal Error] :1:1: Premature end of file.
2025-05-20 10:07:49,764 [ERROR] LogOutputStream:75 - [STDERR_REDIRECT] 
2025-05-20 10:07:50,765 [ERROR] LogOutputStream:75 - [STDERR_REDIRECT] [Fatal Error] :1:1: Premature end of file.
2025-05-20 10:07:50,765 [ERROR] LogOutputStream:75 - [STDERR_REDIRECT] 
2025-05-20 10:07:51,766 [ERROR] LogOutputStream:75 - [STDERR_REDIRECT] [Fatal Error] :1:1: Premature end of file.
2025-05-20 10:07:51,766 [ERROR] LogOutputStream:75 - [STDERR_REDIRECT] 
2025-05-20 10:07:52,767 [ERROR] LogOutputStream:75 - [STDERR_REDIRECT] [Fatal Error] :1:1: Premature end of file.
2025-05-20 10:07:52,767 [ERROR] LogOutputStream:75 - [STDERR_REDIRECT] 
2025-05-20 10:07:53,776 [ERROR] LogOutputStream:75 - [STDERR_REDIRECT] [Fatal Error] :1:1: Premature end of file.
2025-05-20 10:07:53,776 [ERROR] LogOutputStream:75 - [STDERR_REDIRECT] 
2025-05-20 10:07:54,775 [ERROR] LogOutputStream:75 - [STDERR_REDIRECT] [Fatal Error] :1:1: Premature end of file.
2025-05-20 10:07:54,775 [ERROR] LogOutputStream:75 - [STDERR_REDIRECT] 
2025-05-20 10:07:55,774 [ERROR] LogOutputStream:75 - [STDERR_REDIRECT] [Fatal Error] :1:1: Premature end of file.
2025-05-20 10:07:55,774 [ERROR] LogOutputStream:75 - [STDERR_REDIRECT] 
2025-05-20 10:07:56,777 [ERROR] LogOutputStream:75 - [STDERR_REDIRECT] [Fatal Error] :1:1: Premature end of file.
2025-05-20 10:07:56,777 [ERROR] LogOutputStream:75 - [STDERR_REDIRECT] 
2025-05-20 10:07:57,776 [ERROR] LogOutputStream:75 - [STDERR_REDIRECT] [Fatal Error] :1:1: Premature end of file.
2025-05-20 10:07:57,776 [ERROR] LogOutputStream:75 - [STDERR_REDIRECT] 
2025-05-20 10:07:58,771 [ERROR] LogOutputStream:75 - [STDERR_REDIRECT] [Fatal Error] :1:1: Premature end of file.
2025-05-20 10:07:58,771 [ERROR] LogOutputStream:75 - [STDERR_REDIRECT] 
2025-05-20 10:07:59,770 [ERROR] LogOutputStream:75 - [STDERR_REDIRECT] [Fatal Error] :1:1: Premature end of file.
2025-05-20 10:07:59,770 [ERROR] LogOutputStream:75 - [STDERR_REDIRECT] 
2025-05-20 10:08:00,770 [ERROR] LogOutputStream:75 - [STDERR_REDIRECT] [Fatal Error] :1:1: Premature end of file.
2025-05-20 10:08:00,770 [ERROR] LogOutputStream:75 - [STDERR_REDIRECT] 
2025-05-20 10:08:01,784 [ERROR] LogOutputStream:75 - [STDERR_REDIRECT] [Fatal Error] :1:1: Premature end of file.
2025-05-20 10:08:01,784 [ERROR] LogOutputStream:75 - [STDERR_REDIRECT] 
2025-05-20 10:08:02,766 [ERROR] LogOutputStream:75 - [STDERR_REDIRECT] [Fatal Error] :1:1: Premature end of file.
2025-05-20 10:08:02,766 [ERROR] LogOutputStream:75 - [STDERR_REDIRECT] 
2025-05-20 10:08:03,770 [ERROR] LogOutputStream:75 - [STDERR_REDIRECT] [Fatal Error] :1:1: Premature end of file.
2025-05-20 10:08:03,770 [ERROR] LogOutputStream:75 - [STDERR_REDIRECT] 
2025-05-20 10:08:04,773 [ERROR] LogOutputStream:75 - [STDERR_REDIRECT] [Fatal Error] :1:1: Premature end of file.
2025-05-20 10:08:04,773 [ERROR] LogOutputStream:75 - [STDERR_REDIRECT] 
2025-05-20 10:08:05,767 [ERROR] LogOutputStream:75 - [STDERR_REDIRECT] [Fatal Error] :1:1: Premature end of file.
2025-05-20 10:08:05,767 [ERROR] LogOutputStream:75 - [STDERR_REDIRECT] 
2025-05-20 10:08:06,764 [ERROR] LogOutputStream:75 - [STDERR_REDIRECT] [Fatal Error] :1:1: Premature end of file.
2025-05-20 10:08:06,764 [ERROR] LogOutputStream:75 - [STDERR_REDIRECT] 
2025-05-20 10:08:07,275 [INFO] NvicIntPanel:101 - NVIC parent = com.st.microxplorer.plugins.ip.nvic.MultiNvicIntPanel[,0,0,0x0,invalid,layout=javax.swing.BoxLayout,alignmentX=0.0,alignmentY=0.0,border=,flags=9,maximumSize=,minimumSize=,preferredSize=]
2025-05-20 10:08:07,766 [ERROR] LogOutputStream:75 - [STDERR_REDIRECT] [Fatal Error] :1:1: Premature end of file.
2025-05-20 10:08:07,766 [ERROR] LogOutputStream:75 - [STDERR_REDIRECT] 
2025-05-20 10:08:08,767 [ERROR] LogOutputStream:75 - [STDERR_REDIRECT] [Fatal Error] :1:1: Premature end of file.
2025-05-20 10:08:08,767 [ERROR] LogOutputStream:75 - [STDERR_REDIRECT] 
2025-05-20 10:08:09,769 [ERROR] LogOutputStream:75 - [STDERR_REDIRECT] [Fatal Error] :1:1: Premature end of file.
2025-05-20 10:08:09,770 [ERROR] LogOutputStream:75 - [STDERR_REDIRECT] 
2025-05-20 10:08:10,770 [ERROR] LogOutputStream:75 - [STDERR_REDIRECT] [Fatal Error] :1:1: Premature end of file.
2025-05-20 10:08:10,770 [ERROR] LogOutputStream:75 - [STDERR_REDIRECT] 
2025-05-20 10:08:11,769 [ERROR] LogOutputStream:75 - [STDERR_REDIRECT] [Fatal Error] :1:1: Premature end of file.
2025-05-20 10:08:11,769 [ERROR] LogOutputStream:75 - [STDERR_REDIRECT] 
2025-05-20 10:08:12,773 [ERROR] LogOutputStream:75 - [STDERR_REDIRECT] [Fatal Error] :1:1: Premature end of file.
2025-05-20 10:08:12,773 [ERROR] LogOutputStream:75 - [STDERR_REDIRECT] 
2025-05-20 10:08:13,776 [ERROR] LogOutputStream:75 - [STDERR_REDIRECT] [Fatal Error] :1:1: Premature end of file.
2025-05-20 10:08:13,776 [ERROR] LogOutputStream:75 - [STDERR_REDIRECT] 
2025-05-20 10:08:14,773 [ERROR] LogOutputStream:75 - [STDERR_REDIRECT] [Fatal Error] :1:1: Premature end of file.
2025-05-20 10:08:14,773 [ERROR] LogOutputStream:75 - [STDERR_REDIRECT] 
2025-05-20 10:08:15,761 [ERROR] LogOutputStream:75 - [STDERR_REDIRECT] [Fatal Error] :1:1: Premature end of file.
2025-05-20 10:08:15,761 [ERROR] LogOutputStream:75 - [STDERR_REDIRECT] 
2025-05-20 10:08:16,765 [ERROR] LogOutputStream:75 - [STDERR_REDIRECT] [Fatal Error] :1:1: Premature end of file.
2025-05-20 10:08:16,765 [ERROR] LogOutputStream:75 - [STDERR_REDIRECT] 
2025-05-20 10:08:17,771 [ERROR] LogOutputStream:75 - [STDERR_REDIRECT] [Fatal Error] :1:1: Premature end of file.
2025-05-20 10:08:17,772 [ERROR] LogOutputStream:75 - [STDERR_REDIRECT] 
2025-05-20 10:08:18,767 [ERROR] LogOutputStream:75 - [STDERR_REDIRECT] [Fatal Error] :1:1: Premature end of file.
2025-05-20 10:08:18,768 [ERROR] LogOutputStream:75 - [STDERR_REDIRECT] 
2025-05-20 10:08:19,772 [ERROR] LogOutputStream:75 - [STDERR_REDIRECT] [Fatal Error] :1:1: Premature end of file.
2025-05-20 10:08:19,772 [ERROR] LogOutputStream:75 - [STDERR_REDIRECT] 
2025-05-20 10:08:20,770 [ERROR] LogOutputStream:75 - [STDERR_REDIRECT] [Fatal Error] :1:1: Premature end of file.
2025-05-20 10:08:20,770 [ERROR] LogOutputStream:75 - [STDERR_REDIRECT] 
2025-05-20 10:08:21,783 [ERROR] LogOutputStream:75 - [STDERR_REDIRECT] [Fatal Error] :1:1: Premature end of file.
2025-05-20 10:08:21,783 [ERROR] LogOutputStream:75 - [STDERR_REDIRECT] 
2025-05-20 10:08:22,792 [ERROR] LogOutputStream:75 - [STDERR_REDIRECT] [Fatal Error] :1:1: Premature end of file.
2025-05-20 10:08:22,792 [ERROR] LogOutputStream:75 - [STDERR_REDIRECT] 
2025-05-20 10:08:23,791 [ERROR] LogOutputStream:75 - [STDERR_REDIRECT] [Fatal Error] :1:1: Premature end of file.
2025-05-20 10:08:23,791 [ERROR] LogOutputStream:75 - [STDERR_REDIRECT] 
2025-05-20 10:08:24,767 [ERROR] LogOutputStream:75 - [STDERR_REDIRECT] [Fatal Error] :1:1: Premature end of file.
2025-05-20 10:08:24,767 [ERROR] LogOutputStream:75 - [STDERR_REDIRECT] 
2025-05-20 10:08:25,778 [ERROR] LogOutputStream:75 - [STDERR_REDIRECT] [Fatal Error] :1:1: Premature end of file.
2025-05-20 10:08:25,778 [ERROR] LogOutputStream:75 - [STDERR_REDIRECT] 
2025-05-20 10:08:26,773 [ERROR] LogOutputStream:75 - [STDERR_REDIRECT] [Fatal Error] :1:1: Premature end of file.
2025-05-20 10:08:26,773 [ERROR] LogOutputStream:75 - [STDERR_REDIRECT] 
2025-05-20 10:08:27,777 [ERROR] LogOutputStream:75 - [STDERR_REDIRECT] [Fatal Error] :1:1: Premature end of file.
2025-05-20 10:08:27,777 [ERROR] LogOutputStream:75 - [STDERR_REDIRECT] 
2025-05-20 10:08:28,770 [ERROR] LogOutputStream:75 - [STDERR_REDIRECT] [Fatal Error] :1:1: Premature end of file.
2025-05-20 10:08:28,770 [ERROR] LogOutputStream:75 - [STDERR_REDIRECT] 
2025-05-20 10:08:29,786 [ERROR] LogOutputStream:75 - [STDERR_REDIRECT] [Fatal Error] :1:1: Premature end of file.
2025-05-20 10:08:29,786 [ERROR] LogOutputStream:75 - [STDERR_REDIRECT] 
2025-05-20 10:08:30,775 [ERROR] LogOutputStream:75 - [STDERR_REDIRECT] [Fatal Error] :1:1: Premature end of file.
2025-05-20 10:08:30,775 [ERROR] LogOutputStream:75 - [STDERR_REDIRECT] 
2025-05-20 10:08:31,784 [ERROR] LogOutputStream:75 - [STDERR_REDIRECT] [Fatal Error] :1:1: Premature end of file.
2025-05-20 10:08:31,785 [ERROR] LogOutputStream:75 - [STDERR_REDIRECT] 
2025-05-20 10:08:32,795 [ERROR] LogOutputStream:75 - [STDERR_REDIRECT] [Fatal Error] :1:1: Premature end of file.
2025-05-20 10:08:32,795 [ERROR] LogOutputStream:75 - [STDERR_REDIRECT] 
2025-05-20 10:08:33,780 [ERROR] LogOutputStream:75 - [STDERR_REDIRECT] [Fatal Error] :1:1: Premature end of file.
2025-05-20 10:08:33,780 [ERROR] LogOutputStream:75 - [STDERR_REDIRECT] 
2025-05-20 10:08:34,775 [ERROR] LogOutputStream:75 - [STDERR_REDIRECT] [Fatal Error] :1:1: Premature end of file.
2025-05-20 10:08:34,775 [ERROR] LogOutputStream:75 - [STDERR_REDIRECT] 
2025-05-20 10:08:35,786 [ERROR] LogOutputStream:75 - [STDERR_REDIRECT] [Fatal Error] :1:1: Premature end of file.
2025-05-20 10:08:35,786 [ERROR] LogOutputStream:75 - [STDERR_REDIRECT] 
2025-05-20 10:08:36,782 [ERROR] LogOutputStream:75 - [STDERR_REDIRECT] [Fatal Error] :1:1: Premature end of file.
2025-05-20 10:08:36,782 [ERROR] LogOutputStream:75 - [STDERR_REDIRECT] 
2025-05-20 10:08:37,797 [ERROR] LogOutputStream:75 - [STDERR_REDIRECT] [Fatal Error] :1:1: Premature end of file.
2025-05-20 10:08:37,797 [ERROR] LogOutputStream:75 - [STDERR_REDIRECT] 
2025-05-20 10:08:38,777 [ERROR] LogOutputStream:75 - [STDERR_REDIRECT] [Fatal Error] :1:1: Premature end of file.
2025-05-20 10:08:38,777 [ERROR] LogOutputStream:75 - [STDERR_REDIRECT] 
2025-05-20 10:08:39,781 [ERROR] LogOutputStream:75 - [STDERR_REDIRECT] [Fatal Error] :1:1: Premature end of file.
2025-05-20 10:08:39,781 [ERROR] LogOutputStream:75 - [STDERR_REDIRECT] 
2025-05-20 10:08:40,792 [ERROR] LogOutputStream:75 - [STDERR_REDIRECT] [Fatal Error] :1:1: Premature end of file.
2025-05-20 10:08:40,792 [ERROR] LogOutputStream:75 - [STDERR_REDIRECT] 
2025-05-20 10:08:41,786 [ERROR] LogOutputStream:75 - [STDERR_REDIRECT] [Fatal Error] :1:1: Premature end of file.
2025-05-20 10:08:41,786 [ERROR] LogOutputStream:75 - [STDERR_REDIRECT] 
2025-05-20 10:08:42,795 [ERROR] LogOutputStream:75 - [STDERR_REDIRECT] [Fatal Error] :1:1: Premature end of file.
2025-05-20 10:08:42,795 [ERROR] LogOutputStream:75 - [STDERR_REDIRECT] 
2025-05-20 10:08:43,778 [ERROR] LogOutputStream:75 - [STDERR_REDIRECT] [Fatal Error] :1:1: Premature end of file.
2025-05-20 10:08:43,778 [ERROR] LogOutputStream:75 - [STDERR_REDIRECT] 
2025-05-20 10:08:44,800 [ERROR] LogOutputStream:75 - [STDERR_REDIRECT] [Fatal Error] :1:1: Premature end of file.
2025-05-20 10:08:44,800 [ERROR] LogOutputStream:75 - [STDERR_REDIRECT] 
2025-05-20 10:08:45,792 [ERROR] LogOutputStream:75 - [STDERR_REDIRECT] [Fatal Error] :1:1: Premature end of file.
2025-05-20 10:08:45,793 [ERROR] LogOutputStream:75 - [STDERR_REDIRECT] 
2025-05-20 10:08:46,796 [ERROR] LogOutputStream:75 - [STDERR_REDIRECT] [Fatal Error] :1:1: Premature end of file.
2025-05-20 10:08:46,796 [ERROR] LogOutputStream:75 - [STDERR_REDIRECT] 
2025-05-20 10:08:47,802 [ERROR] LogOutputStream:75 - [STDERR_REDIRECT] [Fatal Error] :1:1: Premature end of file.
2025-05-20 10:08:47,802 [ERROR] LogOutputStream:75 - [STDERR_REDIRECT] 
2025-05-20 10:08:48,808 [ERROR] LogOutputStream:75 - [STDERR_REDIRECT] [Fatal Error] :1:1: Premature end of file.
2025-05-20 10:08:48,809 [ERROR] LogOutputStream:75 - [STDERR_REDIRECT] 
2025-05-20 10:08:49,790 [ERROR] LogOutputStream:75 - [STDERR_REDIRECT] [Fatal Error] :1:1: Premature end of file.
2025-05-20 10:08:49,790 [ERROR] LogOutputStream:75 - [STDERR_REDIRECT] 
2025-05-20 10:08:50,780 [ERROR] LogOutputStream:75 - [STDERR_REDIRECT] [Fatal Error] :1:1: Premature end of file.
2025-05-20 10:08:50,780 [ERROR] LogOutputStream:75 - [STDERR_REDIRECT] 
2025-05-20 10:08:51,795 [ERROR] LogOutputStream:75 - [STDERR_REDIRECT] [Fatal Error] :1:1: Premature end of file.
2025-05-20 10:08:51,796 [ERROR] LogOutputStream:75 - [STDERR_REDIRECT] 
2025-05-20 10:08:52,810 [ERROR] LogOutputStream:75 - [STDERR_REDIRECT] [Fatal Error] :1:1: Premature end of file.
2025-05-20 10:08:52,811 [ERROR] LogOutputStream:75 - [STDERR_REDIRECT] 
2025-05-20 10:08:53,803 [ERROR] LogOutputStream:75 - [STDERR_REDIRECT] [Fatal Error] :1:1: Premature end of file.
2025-05-20 10:08:53,803 [ERROR] LogOutputStream:75 - [STDERR_REDIRECT] 
2025-05-20 10:08:54,806 [ERROR] LogOutputStream:75 - [STDERR_REDIRECT] [Fatal Error] :1:1: Premature end of file.
2025-05-20 10:08:54,806 [ERROR] LogOutputStream:75 - [STDERR_REDIRECT] 
2025-05-20 10:08:55,804 [ERROR] LogOutputStream:75 - [STDERR_REDIRECT] [Fatal Error] :1:1: Premature end of file.
2025-05-20 10:08:55,804 [ERROR] LogOutputStream:75 - [STDERR_REDIRECT] 
2025-05-20 10:08:56,802 [ERROR] LogOutputStream:75 - [STDERR_REDIRECT] [Fatal Error] :1:1: Premature end of file.
2025-05-20 10:08:56,802 [ERROR] LogOutputStream:75 - [STDERR_REDIRECT] 
2025-05-20 10:08:57,785 [ERROR] LogOutputStream:75 - [STDERR_REDIRECT] [Fatal Error] :1:1: Premature end of file.
2025-05-20 10:08:57,785 [ERROR] LogOutputStream:75 - [STDERR_REDIRECT] 
2025-05-20 10:08:58,784 [ERROR] LogOutputStream:75 - [STDERR_REDIRECT] [Fatal Error] :1:1: Premature end of file.
2025-05-20 10:08:58,785 [ERROR] LogOutputStream:75 - [STDERR_REDIRECT] 
2025-05-20 10:08:59,782 [ERROR] LogOutputStream:75 - [STDERR_REDIRECT] [Fatal Error] :1:1: Premature end of file.
2025-05-20 10:08:59,782 [ERROR] LogOutputStream:75 - [STDERR_REDIRECT] 
2025-05-20 10:09:00,797 [ERROR] LogOutputStream:75 - [STDERR_REDIRECT] [Fatal Error] :1:1: Premature end of file.
2025-05-20 10:09:00,797 [ERROR] LogOutputStream:75 - [STDERR_REDIRECT] 
2025-05-20 10:09:01,789 [ERROR] LogOutputStream:75 - [STDERR_REDIRECT] [Fatal Error] :1:1: Premature end of file.
2025-05-20 10:09:01,789 [ERROR] LogOutputStream:75 - [STDERR_REDIRECT] 
2025-05-20 10:09:02,769 [ERROR] LogOutputStream:75 - [STDERR_REDIRECT] [Fatal Error] :1:1: Premature end of file.
2025-05-20 10:09:02,769 [ERROR] LogOutputStream:75 - [STDERR_REDIRECT] 
2025-05-20 10:09:03,774 [ERROR] LogOutputStream:75 - [STDERR_REDIRECT] [Fatal Error] :1:1: Premature end of file.
2025-05-20 10:09:03,774 [ERROR] LogOutputStream:75 - [STDERR_REDIRECT] 
2025-05-20 10:09:04,787 [ERROR] LogOutputStream:75 - [STDERR_REDIRECT] [Fatal Error] :1:1: Premature end of file.
2025-05-20 10:09:04,787 [ERROR] LogOutputStream:75 - [STDERR_REDIRECT] 
2025-05-20 10:09:05,785 [ERROR] LogOutputStream:75 - [STDERR_REDIRECT] [Fatal Error] :1:1: Premature end of file.
2025-05-20 10:09:05,785 [ERROR] LogOutputStream:75 - [STDERR_REDIRECT] 
2025-05-20 10:09:06,769 [ERROR] LogOutputStream:75 - [STDERR_REDIRECT] [Fatal Error] :1:1: Premature end of file.
2025-05-20 10:09:06,769 [ERROR] LogOutputStream:75 - [STDERR_REDIRECT] 
2025-05-20 10:09:07,782 [ERROR] LogOutputStream:75 - [STDERR_REDIRECT] [Fatal Error] :1:1: Premature end of file.
2025-05-20 10:09:07,782 [ERROR] LogOutputStream:75 - [STDERR_REDIRECT] 
2025-05-20 10:09:08,769 [ERROR] LogOutputStream:75 - [STDERR_REDIRECT] [Fatal Error] :1:1: Premature end of file.
2025-05-20 10:09:08,769 [ERROR] LogOutputStream:75 - [STDERR_REDIRECT] 
2025-05-20 10:09:09,789 [ERROR] LogOutputStream:75 - [STDERR_REDIRECT] [Fatal Error] :1:1: Premature end of file.
2025-05-20 10:09:09,789 [ERROR] LogOutputStream:75 - [STDERR_REDIRECT] 
2025-05-20 10:09:10,773 [ERROR] LogOutputStream:75 - [STDERR_REDIRECT] [Fatal Error] :1:1: Premature end of file.
2025-05-20 10:09:10,773 [ERROR] LogOutputStream:75 - [STDERR_REDIRECT] 
2025-05-20 10:09:11,789 [ERROR] LogOutputStream:75 - [STDERR_REDIRECT] [Fatal Error] :1:1: Premature end of file.
2025-05-20 10:09:11,789 [ERROR] LogOutputStream:75 - [STDERR_REDIRECT] 
2025-05-20 10:09:12,780 [ERROR] LogOutputStream:75 - [STDERR_REDIRECT] [Fatal Error] :1:1: Premature end of file.
2025-05-20 10:09:12,780 [ERROR] LogOutputStream:75 - [STDERR_REDIRECT] 
2025-05-20 10:09:13,400 [INFO] WebApp:194 - Connection lost
2025-05-20 10:09:13,636 [INFO] WebApp:191 - Connection restablished
2025-05-20 10:09:13,768 [ERROR] LogOutputStream:75 - [STDERR_REDIRECT] [Fatal Error] :1:1: Premature end of file.
2025-05-20 10:09:13,768 [ERROR] LogOutputStream:75 - [STDERR_REDIRECT] 
2025-05-20 10:09:14,777 [ERROR] LogOutputStream:75 - [STDERR_REDIRECT] [Fatal Error] :1:1: Premature end of file.
2025-05-20 10:09:14,777 [ERROR] LogOutputStream:75 - [STDERR_REDIRECT] 
2025-05-20 10:09:15,779 [ERROR] LogOutputStream:75 - [STDERR_REDIRECT] [Fatal Error] :1:1: Premature end of file.
2025-05-20 10:09:15,779 [ERROR] LogOutputStream:75 - [STDERR_REDIRECT] 
2025-05-20 10:09:16,790 [ERROR] LogOutputStream:75 - [STDERR_REDIRECT] [Fatal Error] :1:1: Premature end of file.
2025-05-20 10:09:16,790 [ERROR] LogOutputStream:75 - [STDERR_REDIRECT] 
2025-05-20 10:09:17,782 [ERROR] LogOutputStream:75 - [STDERR_REDIRECT] [Fatal Error] :1:1: Premature end of file.
2025-05-20 10:09:17,782 [ERROR] LogOutputStream:75 - [STDERR_REDIRECT] 
2025-05-20 10:09:18,782 [ERROR] LogOutputStream:75 - [STDERR_REDIRECT] [Fatal Error] :1:1: Premature end of file.
2025-05-20 10:09:18,782 [ERROR] LogOutputStream:75 - [STDERR_REDIRECT] 
2025-05-20 10:09:19,784 [ERROR] LogOutputStream:75 - [STDERR_REDIRECT] [Fatal Error] :1:1: Premature end of file.
2025-05-20 10:09:19,785 [ERROR] LogOutputStream:75 - [STDERR_REDIRECT] 
2025-05-20 10:09:20,772 [ERROR] LogOutputStream:75 - [STDERR_REDIRECT] [Fatal Error] :1:1: Premature end of file.
2025-05-20 10:09:20,772 [ERROR] LogOutputStream:75 - [STDERR_REDIRECT] 
2025-05-20 10:09:21,776 [ERROR] LogOutputStream:75 - [STDERR_REDIRECT] [Fatal Error] :1:1: Premature end of file.
2025-05-20 10:09:21,777 [ERROR] LogOutputStream:75 - [STDERR_REDIRECT] 
2025-05-20 10:09:22,783 [ERROR] LogOutputStream:75 - [STDERR_REDIRECT] [Fatal Error] :1:1: Premature end of file.
2025-05-20 10:09:22,784 [ERROR] LogOutputStream:75 - [STDERR_REDIRECT] 
2025-05-20 10:09:23,417 [INFO] WebApp:194 - Connection lost
2025-05-20 10:09:23,627 [INFO] WebApp:191 - Connection restablished
2025-05-20 10:09:23,789 [ERROR] LogOutputStream:75 - [STDERR_REDIRECT] [Fatal Error] :1:1: Premature end of file.
2025-05-20 10:09:23,789 [ERROR] LogOutputStream:75 - [STDERR_REDIRECT] 
2025-05-20 10:09:24,777 [ERROR] LogOutputStream:75 - [STDERR_REDIRECT] [Fatal Error] :1:1: Premature end of file.
2025-05-20 10:09:24,778 [ERROR] LogOutputStream:75 - [STDERR_REDIRECT] 
2025-05-20 10:09:25,780 [ERROR] LogOutputStream:75 - [STDERR_REDIRECT] [Fatal Error] :1:1: Premature end of file.
2025-05-20 10:09:25,780 [ERROR] LogOutputStream:75 - [STDERR_REDIRECT] 
2025-05-20 10:09:26,777 [ERROR] LogOutputStream:75 - [STDERR_REDIRECT] [Fatal Error] :1:1: Premature end of file.
2025-05-20 10:09:26,778 [ERROR] LogOutputStream:75 - [STDERR_REDIRECT] 
2025-05-20 10:09:27,771 [ERROR] LogOutputStream:75 - [STDERR_REDIRECT] [Fatal Error] :1:1: Premature end of file.
2025-05-20 10:09:27,771 [ERROR] LogOutputStream:75 - [STDERR_REDIRECT] 
2025-05-20 10:09:28,793 [ERROR] LogOutputStream:75 - [STDERR_REDIRECT] [Fatal Error] :1:1: Premature end of file.
2025-05-20 10:09:28,793 [ERROR] LogOutputStream:75 - [STDERR_REDIRECT] 
2025-05-20 10:09:29,771 [ERROR] LogOutputStream:75 - [STDERR_REDIRECT] [Fatal Error] :1:1: Premature end of file.
2025-05-20 10:09:29,771 [ERROR] LogOutputStream:75 - [STDERR_REDIRECT] 
2025-05-20 10:09:30,777 [ERROR] LogOutputStream:75 - [STDERR_REDIRECT] [Fatal Error] :1:1: Premature end of file.
2025-05-20 10:09:30,777 [ERROR] LogOutputStream:75 - [STDERR_REDIRECT] 
2025-05-20 10:09:31,773 [ERROR] LogOutputStream:75 - [STDERR_REDIRECT] [Fatal Error] :1:1: Premature end of file.
2025-05-20 10:09:31,773 [ERROR] LogOutputStream:75 - [STDERR_REDIRECT] 
2025-05-20 10:09:32,787 [ERROR] LogOutputStream:75 - [STDERR_REDIRECT] [Fatal Error] :1:1: Premature end of file.
2025-05-20 10:09:32,787 [ERROR] LogOutputStream:75 - [STDERR_REDIRECT] 
2025-05-20 10:09:33,772 [ERROR] LogOutputStream:75 - [STDERR_REDIRECT] [Fatal Error] :1:1: Premature end of file.
2025-05-20 10:09:33,773 [ERROR] LogOutputStream:75 - [STDERR_REDIRECT] 
2025-05-20 10:09:34,775 [ERROR] LogOutputStream:75 - [STDERR_REDIRECT] [Fatal Error] :1:1: Premature end of file.
2025-05-20 10:09:34,775 [ERROR] LogOutputStream:75 - [STDERR_REDIRECT] 
2025-05-20 10:09:35,787 [ERROR] LogOutputStream:75 - [STDERR_REDIRECT] [Fatal Error] :1:1: Premature end of file.
2025-05-20 10:09:35,787 [ERROR] LogOutputStream:75 - [STDERR_REDIRECT] 
2025-05-20 10:09:36,792 [ERROR] LogOutputStream:75 - [STDERR_REDIRECT] [Fatal Error] :1:1: Premature end of file.
2025-05-20 10:09:36,792 [ERROR] LogOutputStream:75 - [STDERR_REDIRECT] 
2025-05-20 10:09:37,780 [ERROR] LogOutputStream:75 - [STDERR_REDIRECT] [Fatal Error] :1:1: Premature end of file.
2025-05-20 10:09:37,781 [ERROR] LogOutputStream:75 - [STDERR_REDIRECT] 
2025-05-20 10:09:38,772 [ERROR] LogOutputStream:75 - [STDERR_REDIRECT] [Fatal Error] :1:1: Premature end of file.
2025-05-20 10:09:38,772 [ERROR] LogOutputStream:75 - [STDERR_REDIRECT] 
2025-05-20 10:09:39,777 [ERROR] LogOutputStream:75 - [STDERR_REDIRECT] [Fatal Error] :1:1: Premature end of file.
2025-05-20 10:09:39,777 [ERROR] LogOutputStream:75 - [STDERR_REDIRECT] 
2025-05-20 10:09:40,794 [ERROR] LogOutputStream:75 - [STDERR_REDIRECT] [Fatal Error] :1:1: Premature end of file.
2025-05-20 10:09:40,794 [ERROR] LogOutputStream:75 - [STDERR_REDIRECT] 
2025-05-20 10:09:41,809 [ERROR] LogOutputStream:75 - [STDERR_REDIRECT] [Fatal Error] :1:1: Premature end of file.
2025-05-20 10:09:41,809 [ERROR] LogOutputStream:75 - [STDERR_REDIRECT] 
2025-05-20 10:09:42,791 [ERROR] LogOutputStream:75 - [STDERR_REDIRECT] [Fatal Error] :1:1: Premature end of file.
2025-05-20 10:09:42,791 [ERROR] LogOutputStream:75 - [STDERR_REDIRECT] 
2025-05-20 10:09:43,814 [ERROR] LogOutputStream:75 - [STDERR_REDIRECT] [Fatal Error] :1:1: Premature end of file.
2025-05-20 10:09:43,814 [ERROR] LogOutputStream:75 - [STDERR_REDIRECT] 
2025-05-20 10:09:44,796 [ERROR] LogOutputStream:75 - [STDERR_REDIRECT] [Fatal Error] :1:1: Premature end of file.
2025-05-20 10:09:44,797 [ERROR] LogOutputStream:75 - [STDERR_REDIRECT] 
2025-05-20 10:09:45,783 [ERROR] LogOutputStream:75 - [STDERR_REDIRECT] [Fatal Error] :1:1: Premature end of file.
2025-05-20 10:09:45,783 [ERROR] LogOutputStream:75 - [STDERR_REDIRECT] 
2025-05-20 10:09:46,779 [ERROR] LogOutputStream:75 - [STDERR_REDIRECT] [Fatal Error] :1:1: Premature end of file.
2025-05-20 10:09:46,779 [ERROR] LogOutputStream:75 - [STDERR_REDIRECT] 
2025-05-20 10:09:47,792 [ERROR] LogOutputStream:75 - [STDERR_REDIRECT] [Fatal Error] :1:1: Premature end of file.
2025-05-20 10:09:47,792 [ERROR] LogOutputStream:75 - [STDERR_REDIRECT] 
2025-05-20 10:09:48,785 [ERROR] LogOutputStream:75 - [STDERR_REDIRECT] [Fatal Error] :1:1: Premature end of file.
2025-05-20 10:09:48,785 [ERROR] LogOutputStream:75 - [STDERR_REDIRECT] 
2025-05-20 10:09:49,787 [ERROR] LogOutputStream:75 - [STDERR_REDIRECT] [Fatal Error] :1:1: Premature end of file.
2025-05-20 10:09:49,787 [ERROR] LogOutputStream:75 - [STDERR_REDIRECT] 
2025-05-20 10:09:50,782 [ERROR] LogOutputStream:75 - [STDERR_REDIRECT] [Fatal Error] :1:1: Premature end of file.
2025-05-20 10:09:50,782 [ERROR] LogOutputStream:75 - [STDERR_REDIRECT] 
2025-05-20 10:09:51,803 [ERROR] LogOutputStream:75 - [STDERR_REDIRECT] [Fatal Error] :1:1: Premature end of file.
2025-05-20 10:09:51,803 [ERROR] LogOutputStream:75 - [STDERR_REDIRECT] 
2025-05-20 10:09:52,784 [ERROR] LogOutputStream:75 - [STDERR_REDIRECT] [Fatal Error] :1:1: Premature end of file.
2025-05-20 10:09:52,784 [ERROR] LogOutputStream:75 - [STDERR_REDIRECT] 
2025-05-20 10:09:53,802 [ERROR] LogOutputStream:75 - [STDERR_REDIRECT] [Fatal Error] :1:1: Premature end of file.
2025-05-20 10:09:53,802 [ERROR] LogOutputStream:75 - [STDERR_REDIRECT] 
2025-05-20 10:09:54,784 [ERROR] LogOutputStream:75 - [STDERR_REDIRECT] [Fatal Error] :1:1: Premature end of file.
2025-05-20 10:09:54,784 [ERROR] LogOutputStream:75 - [STDERR_REDIRECT] 
2025-05-20 10:09:55,765 [ERROR] LogOutputStream:75 - [STDERR_REDIRECT] [Fatal Error] :1:1: Premature end of file.
2025-05-20 10:09:55,766 [ERROR] LogOutputStream:75 - [STDERR_REDIRECT] 
2025-05-20 10:09:56,775 [ERROR] LogOutputStream:75 - [STDERR_REDIRECT] [Fatal Error] :1:1: Premature end of file.
2025-05-20 10:09:56,775 [ERROR] LogOutputStream:75 - [STDERR_REDIRECT] 
2025-05-20 10:09:57,767 [ERROR] LogOutputStream:75 - [STDERR_REDIRECT] [Fatal Error] :1:1: Premature end of file.
2025-05-20 10:09:57,767 [ERROR] LogOutputStream:75 - [STDERR_REDIRECT] 
2025-05-20 10:09:58,773 [ERROR] LogOutputStream:75 - [STDERR_REDIRECT] [Fatal Error] :1:1: Premature end of file.
2025-05-20 10:09:58,773 [ERROR] LogOutputStream:75 - [STDERR_REDIRECT] 
2025-05-20 10:09:59,777 [ERROR] LogOutputStream:75 - [STDERR_REDIRECT] [Fatal Error] :1:1: Premature end of file.
2025-05-20 10:09:59,777 [ERROR] LogOutputStream:75 - [STDERR_REDIRECT] 
2025-05-20 10:10:00,025 [WARN] BspModel:444 - BSP dependency skipped because of component: name='IOExpander', api='Unknown'
2025-05-20 10:10:00,779 [ERROR] LogOutputStream:75 - [STDERR_REDIRECT] [Fatal Error] :1:1: Premature end of file.
2025-05-20 10:10:00,779 [ERROR] LogOutputStream:75 - [STDERR_REDIRECT] 
2025-05-20 10:10:01,771 [ERROR] LogOutputStream:75 - [STDERR_REDIRECT] [Fatal Error] :1:1: Premature end of file.
2025-05-20 10:10:01,771 [ERROR] LogOutputStream:75 - [STDERR_REDIRECT] 
2025-05-20 10:10:02,768 [ERROR] LogOutputStream:75 - [STDERR_REDIRECT] [Fatal Error] :1:1: Premature end of file.
2025-05-20 10:10:02,768 [ERROR] LogOutputStream:75 - [STDERR_REDIRECT] 
2025-05-20 10:10:03,774 [ERROR] LogOutputStream:75 - [STDERR_REDIRECT] [Fatal Error] :1:1: Premature end of file.
2025-05-20 10:10:03,774 [ERROR] LogOutputStream:75 - [STDERR_REDIRECT] 
2025-05-20 10:10:04,772 [ERROR] LogOutputStream:75 - [STDERR_REDIRECT] [Fatal Error] :1:1: Premature end of file.
2025-05-20 10:10:04,772 [ERROR] LogOutputStream:75 - [STDERR_REDIRECT] 
2025-05-20 10:10:05,766 [ERROR] LogOutputStream:75 - [STDERR_REDIRECT] [Fatal Error] :1:1: Premature end of file.
2025-05-20 10:10:05,766 [ERROR] LogOutputStream:75 - [STDERR_REDIRECT] 
2025-05-20 10:10:06,769 [ERROR] LogOutputStream:75 - [STDERR_REDIRECT] [Fatal Error] :1:1: Premature end of file.
2025-05-20 10:10:06,769 [ERROR] LogOutputStream:75 - [STDERR_REDIRECT] 
2025-05-20 10:10:07,770 [ERROR] LogOutputStream:75 - [STDERR_REDIRECT] [Fatal Error] :1:1: Premature end of file.
2025-05-20 10:10:07,770 [ERROR] LogOutputStream:75 - [STDERR_REDIRECT] 
2025-05-20 10:10:08,779 [ERROR] LogOutputStream:75 - [STDERR_REDIRECT] [Fatal Error] :1:1: Premature end of file.
2025-05-20 10:10:08,779 [ERROR] LogOutputStream:75 - [STDERR_REDIRECT] 
2025-05-20 10:10:09,770 [ERROR] LogOutputStream:75 - [STDERR_REDIRECT] [Fatal Error] :1:1: Premature end of file.
2025-05-20 10:10:09,770 [ERROR] LogOutputStream:75 - [STDERR_REDIRECT] 
2025-05-20 10:10:10,770 [ERROR] LogOutputStream:75 - [STDERR_REDIRECT] [Fatal Error] :1:1: Premature end of file.
2025-05-20 10:10:10,770 [ERROR] LogOutputStream:75 - [STDERR_REDIRECT] 
2025-05-20 10:10:11,776 [ERROR] LogOutputStream:75 - [STDERR_REDIRECT] [Fatal Error] :1:1: Premature end of file.
2025-05-20 10:10:11,776 [ERROR] LogOutputStream:75 - [STDERR_REDIRECT] 
2025-05-20 10:10:12,775 [ERROR] LogOutputStream:75 - [STDERR_REDIRECT] [Fatal Error] :1:1: Premature end of file.
2025-05-20 10:10:12,775 [ERROR] LogOutputStream:75 - [STDERR_REDIRECT] 
2025-05-20 10:10:13,774 [ERROR] LogOutputStream:75 - [STDERR_REDIRECT] [Fatal Error] :1:1: Premature end of file.
2025-05-20 10:10:13,774 [ERROR] LogOutputStream:75 - [STDERR_REDIRECT] 
2025-05-20 10:10:14,778 [ERROR] LogOutputStream:75 - [STDERR_REDIRECT] [Fatal Error] :1:1: Premature end of file.
2025-05-20 10:10:14,778 [ERROR] LogOutputStream:75 - [STDERR_REDIRECT] 
2025-05-20 10:10:15,791 [ERROR] LogOutputStream:75 - [STDERR_REDIRECT] [Fatal Error] :1:1: Premature end of file.
2025-05-20 10:10:15,791 [ERROR] LogOutputStream:75 - [STDERR_REDIRECT] 
2025-05-20 10:10:16,775 [ERROR] LogOutputStream:75 - [STDERR_REDIRECT] [Fatal Error] :1:1: Premature end of file.
2025-05-20 10:10:16,775 [ERROR] LogOutputStream:75 - [STDERR_REDIRECT] 
2025-05-20 10:10:17,786 [ERROR] LogOutputStream:75 - [STDERR_REDIRECT] [Fatal Error] :1:1: Premature end of file.
2025-05-20 10:10:17,786 [ERROR] LogOutputStream:75 - [STDERR_REDIRECT] 
2025-05-20 10:10:18,786 [ERROR] LogOutputStream:75 - [STDERR_REDIRECT] [Fatal Error] :1:1: Premature end of file.
2025-05-20 10:10:18,786 [ERROR] LogOutputStream:75 - [STDERR_REDIRECT] 
2025-05-20 10:10:19,774 [ERROR] LogOutputStream:75 - [STDERR_REDIRECT] [Fatal Error] :1:1: Premature end of file.
2025-05-20 10:10:19,774 [ERROR] LogOutputStream:75 - [STDERR_REDIRECT] 
2025-05-20 10:10:20,785 [ERROR] LogOutputStream:75 - [STDERR_REDIRECT] [Fatal Error] :1:1: Premature end of file.
2025-05-20 10:10:20,785 [ERROR] LogOutputStream:75 - [STDERR_REDIRECT] 
2025-05-20 10:10:21,788 [ERROR] LogOutputStream:75 - [STDERR_REDIRECT] [Fatal Error] :1:1: Premature end of file.
2025-05-20 10:10:21,788 [ERROR] LogOutputStream:75 - [STDERR_REDIRECT] 
2025-05-20 10:10:22,781 [ERROR] LogOutputStream:75 - [STDERR_REDIRECT] [Fatal Error] :1:1: Premature end of file.
2025-05-20 10:10:22,781 [ERROR] LogOutputStream:75 - [STDERR_REDIRECT] 
2025-05-20 10:10:23,765 [ERROR] LogOutputStream:75 - [STDERR_REDIRECT] [Fatal Error] :1:1: Premature end of file.
2025-05-20 10:10:23,765 [ERROR] LogOutputStream:75 - [STDERR_REDIRECT] 
2025-05-20 10:10:24,786 [ERROR] LogOutputStream:75 - [STDERR_REDIRECT] [Fatal Error] :1:1: Premature end of file.
2025-05-20 10:10:24,786 [ERROR] LogOutputStream:75 - [STDERR_REDIRECT] 
2025-05-20 10:10:25,789 [ERROR] LogOutputStream:75 - [STDERR_REDIRECT] [Fatal Error] :1:1: Premature end of file.
2025-05-20 10:10:25,789 [ERROR] LogOutputStream:75 - [STDERR_REDIRECT] 
2025-05-20 10:10:26,769 [ERROR] LogOutputStream:75 - [STDERR_REDIRECT] [Fatal Error] :1:1: Premature end of file.
2025-05-20 10:10:26,769 [ERROR] LogOutputStream:75 - [STDERR_REDIRECT] 
2025-05-20 10:10:27,802 [ERROR] LogOutputStream:75 - [STDERR_REDIRECT] [Fatal Error] :1:1: Premature end of file.
2025-05-20 10:10:27,802 [ERROR] LogOutputStream:75 - [STDERR_REDIRECT] 
2025-05-20 10:10:28,774 [ERROR] LogOutputStream:75 - [STDERR_REDIRECT] [Fatal Error] :1:1: Premature end of file.
2025-05-20 10:10:28,774 [ERROR] LogOutputStream:75 - [STDERR_REDIRECT] 
2025-05-20 10:10:29,767 [ERROR] LogOutputStream:75 - [STDERR_REDIRECT] [Fatal Error] :1:1: Premature end of file.
2025-05-20 10:10:29,767 [ERROR] LogOutputStream:75 - [STDERR_REDIRECT] 
2025-05-20 10:10:30,770 [ERROR] LogOutputStream:75 - [STDERR_REDIRECT] [Fatal Error] :1:1: Premature end of file.
2025-05-20 10:10:30,770 [ERROR] LogOutputStream:75 - [STDERR_REDIRECT] 
2025-05-20 10:10:31,772 [ERROR] LogOutputStream:75 - [STDERR_REDIRECT] [Fatal Error] :1:1: Premature end of file.
2025-05-20 10:10:31,772 [ERROR] LogOutputStream:75 - [STDERR_REDIRECT] 
2025-05-20 10:10:32,776 [ERROR] LogOutputStream:75 - [STDERR_REDIRECT] [Fatal Error] :1:1: Premature end of file.
2025-05-20 10:10:32,776 [ERROR] LogOutputStream:75 - [STDERR_REDIRECT] 
2025-05-20 10:10:33,774 [ERROR] LogOutputStream:75 - [STDERR_REDIRECT] [Fatal Error] :1:1: Premature end of file.
2025-05-20 10:10:33,774 [ERROR] LogOutputStream:75 - [STDERR_REDIRECT] 
2025-05-20 10:10:34,768 [ERROR] LogOutputStream:75 - [STDERR_REDIRECT] [Fatal Error] :1:1: Premature end of file.
2025-05-20 10:10:34,768 [ERROR] LogOutputStream:75 - [STDERR_REDIRECT] 
2025-05-20 10:10:35,773 [ERROR] LogOutputStream:75 - [STDERR_REDIRECT] [Fatal Error] :1:1: Premature end of file.
2025-05-20 10:10:35,774 [ERROR] LogOutputStream:75 - [STDERR_REDIRECT] 
2025-05-20 10:10:36,773 [ERROR] LogOutputStream:75 - [STDERR_REDIRECT] [Fatal Error] :1:1: Premature end of file.
2025-05-20 10:10:36,773 [ERROR] LogOutputStream:75 - [STDERR_REDIRECT] 
2025-05-20 10:10:37,772 [ERROR] LogOutputStream:75 - [STDERR_REDIRECT] [Fatal Error] :1:1: Premature end of file.
2025-05-20 10:10:37,772 [ERROR] LogOutputStream:75 - [STDERR_REDIRECT] 
2025-05-20 10:10:38,772 [ERROR] LogOutputStream:75 - [STDERR_REDIRECT] [Fatal Error] :1:1: Premature end of file.
2025-05-20 10:10:38,772 [ERROR] LogOutputStream:75 - [STDERR_REDIRECT] 
2025-05-20 10:10:39,775 [ERROR] LogOutputStream:75 - [STDERR_REDIRECT] [Fatal Error] :1:1: Premature end of file.
2025-05-20 10:10:39,775 [ERROR] LogOutputStream:75 - [STDERR_REDIRECT] 
2025-05-20 10:10:40,771 [ERROR] LogOutputStream:75 - [STDERR_REDIRECT] [Fatal Error] :1:1: Premature end of file.
2025-05-20 10:10:40,771 [ERROR] LogOutputStream:75 - [STDERR_REDIRECT] 
2025-05-20 10:10:41,780 [ERROR] LogOutputStream:75 - [STDERR_REDIRECT] [Fatal Error] :1:1: Premature end of file.
2025-05-20 10:10:41,780 [ERROR] LogOutputStream:75 - [STDERR_REDIRECT] 
2025-05-20 10:10:42,779 [ERROR] LogOutputStream:75 - [STDERR_REDIRECT] [Fatal Error] :1:1: Premature end of file.
2025-05-20 10:10:42,779 [ERROR] LogOutputStream:75 - [STDERR_REDIRECT] 
2025-05-20 10:10:43,782 [ERROR] LogOutputStream:75 - [STDERR_REDIRECT] [Fatal Error] :1:1: Premature end of file.
2025-05-20 10:10:43,782 [ERROR] LogOutputStream:75 - [STDERR_REDIRECT] 
2025-05-20 10:10:44,785 [ERROR] LogOutputStream:75 - [STDERR_REDIRECT] [Fatal Error] :1:1: Premature end of file.
2025-05-20 10:10:44,785 [ERROR] LogOutputStream:75 - [STDERR_REDIRECT] 
2025-05-20 10:10:45,780 [ERROR] LogOutputStream:75 - [STDERR_REDIRECT] [Fatal Error] :1:1: Premature end of file.
2025-05-20 10:10:45,780 [ERROR] LogOutputStream:75 - [STDERR_REDIRECT] 
2025-05-20 10:10:46,781 [ERROR] LogOutputStream:75 - [STDERR_REDIRECT] [Fatal Error] :1:1: Premature end of file.
2025-05-20 10:10:46,781 [ERROR] LogOutputStream:75 - [STDERR_REDIRECT] 
2025-05-20 10:10:47,771 [ERROR] LogOutputStream:75 - [STDERR_REDIRECT] [Fatal Error] :1:1: Premature end of file.
2025-05-20 10:10:47,771 [ERROR] LogOutputStream:75 - [STDERR_REDIRECT] 
2025-05-20 10:10:48,795 [ERROR] LogOutputStream:75 - [STDERR_REDIRECT] [Fatal Error] :1:1: Premature end of file.
2025-05-20 10:10:48,795 [ERROR] LogOutputStream:75 - [STDERR_REDIRECT] 
2025-05-20 10:10:49,767 [ERROR] LogOutputStream:75 - [STDERR_REDIRECT] [Fatal Error] :1:1: Premature end of file.
2025-05-20 10:10:49,767 [ERROR] LogOutputStream:75 - [STDERR_REDIRECT] 
2025-05-20 10:10:50,777 [ERROR] LogOutputStream:75 - [STDERR_REDIRECT] [Fatal Error] :1:1: Premature end of file.
2025-05-20 10:10:50,777 [ERROR] LogOutputStream:75 - [STDERR_REDIRECT] 
2025-05-20 10:10:51,793 [ERROR] LogOutputStream:75 - [STDERR_REDIRECT] [Fatal Error] :1:1: Premature end of file.
2025-05-20 10:10:51,794 [ERROR] LogOutputStream:75 - [STDERR_REDIRECT] 
2025-05-20 10:10:52,778 [ERROR] LogOutputStream:75 - [STDERR_REDIRECT] [Fatal Error] :1:1: Premature end of file.
2025-05-20 10:10:52,778 [ERROR] LogOutputStream:75 - [STDERR_REDIRECT] 
2025-05-20 10:10:53,772 [ERROR] LogOutputStream:75 - [STDERR_REDIRECT] [Fatal Error] :1:1: Premature end of file.
2025-05-20 10:10:53,772 [ERROR] LogOutputStream:75 - [STDERR_REDIRECT] 
2025-05-20 10:10:54,765 [ERROR] LogOutputStream:75 - [STDERR_REDIRECT] [Fatal Error] :1:1: Premature end of file.
2025-05-20 10:10:54,765 [ERROR] LogOutputStream:75 - [STDERR_REDIRECT] 
2025-05-20 10:10:55,770 [ERROR] LogOutputStream:75 - [STDERR_REDIRECT] [Fatal Error] :1:1: Premature end of file.
2025-05-20 10:10:55,772 [ERROR] LogOutputStream:75 - [STDERR_REDIRECT] 
2025-05-20 10:10:56,771 [ERROR] LogOutputStream:75 - [STDERR_REDIRECT] [Fatal Error] :1:1: Premature end of file.
2025-05-20 10:10:56,771 [ERROR] LogOutputStream:75 - [STDERR_REDIRECT] 
2025-05-20 10:10:57,768 [ERROR] LogOutputStream:75 - [STDERR_REDIRECT] [Fatal Error] :1:1: Premature end of file.
2025-05-20 10:10:57,768 [ERROR] LogOutputStream:75 - [STDERR_REDIRECT] 
2025-05-20 10:10:58,769 [ERROR] LogOutputStream:75 - [STDERR_REDIRECT] [Fatal Error] :1:1: Premature end of file.
2025-05-20 10:10:58,769 [ERROR] LogOutputStream:75 - [STDERR_REDIRECT] 
2025-05-20 10:10:59,763 [ERROR] LogOutputStream:75 - [STDERR_REDIRECT] [Fatal Error] :1:1: Premature end of file.
2025-05-20 10:10:59,763 [ERROR] LogOutputStream:75 - [STDERR_REDIRECT] 
2025-05-20 10:11:00,769 [ERROR] LogOutputStream:75 - [STDERR_REDIRECT] [Fatal Error] :1:1: Premature end of file.
2025-05-20 10:11:00,769 [ERROR] LogOutputStream:75 - [STDERR_REDIRECT] 
2025-05-20 10:11:01,377 [WARN] BspModel:444 - BSP dependency skipped because of component: name='IOExpander', api='Unknown'
2025-05-20 10:11:01,770 [ERROR] LogOutputStream:75 - [STDERR_REDIRECT] [Fatal Error] :1:1: Premature end of file.
2025-05-20 10:11:01,770 [ERROR] LogOutputStream:75 - [STDERR_REDIRECT] 
2025-05-20 10:11:02,768 [ERROR] LogOutputStream:75 - [STDERR_REDIRECT] [Fatal Error] :1:1: Premature end of file.
2025-05-20 10:11:02,768 [ERROR] LogOutputStream:75 - [STDERR_REDIRECT] 
2025-05-20 10:11:03,770 [ERROR] LogOutputStream:75 - [STDERR_REDIRECT] [Fatal Error] :1:1: Premature end of file.
2025-05-20 10:11:03,770 [ERROR] LogOutputStream:75 - [STDERR_REDIRECT] 
2025-05-20 10:11:04,766 [ERROR] LogOutputStream:75 - [STDERR_REDIRECT] [Fatal Error] :1:1: Premature end of file.
2025-05-20 10:11:04,766 [ERROR] LogOutputStream:75 - [STDERR_REDIRECT] 
2025-05-20 10:11:05,761 [ERROR] LogOutputStream:75 - [STDERR_REDIRECT] [Fatal Error] :1:1: Premature end of file.
2025-05-20 10:11:05,761 [ERROR] LogOutputStream:75 - [STDERR_REDIRECT] 
2025-05-20 10:11:06,777 [ERROR] LogOutputStream:75 - [STDERR_REDIRECT] [Fatal Error] :1:1: Premature end of file.
2025-05-20 10:11:06,777 [ERROR] LogOutputStream:75 - [STDERR_REDIRECT] 
2025-05-20 10:11:07,765 [ERROR] LogOutputStream:75 - [STDERR_REDIRECT] [Fatal Error] :1:1: Premature end of file.
2025-05-20 10:11:07,765 [ERROR] LogOutputStream:75 - [STDERR_REDIRECT] 
2025-05-20 10:11:08,774 [ERROR] LogOutputStream:75 - [STDERR_REDIRECT] [Fatal Error] :1:1: Premature end of file.
2025-05-20 10:11:08,774 [ERROR] LogOutputStream:75 - [STDERR_REDIRECT] 
2025-05-20 10:11:09,766 [ERROR] LogOutputStream:75 - [STDERR_REDIRECT] [Fatal Error] :1:1: Premature end of file.
2025-05-20 10:11:09,767 [ERROR] LogOutputStream:75 - [STDERR_REDIRECT] 
2025-05-20 10:11:10,770 [ERROR] LogOutputStream:75 - [STDERR_REDIRECT] [Fatal Error] :1:1: Premature end of file.
2025-05-20 10:11:10,770 [ERROR] LogOutputStream:75 - [STDERR_REDIRECT] 
2025-05-20 10:11:11,761 [ERROR] LogOutputStream:75 - [STDERR_REDIRECT] [Fatal Error] :1:1: Premature end of file.
2025-05-20 10:11:11,761 [ERROR] LogOutputStream:75 - [STDERR_REDIRECT] 
2025-05-20 10:11:12,786 [ERROR] LogOutputStream:75 - [STDERR_REDIRECT] [Fatal Error] :1:1: Premature end of file.
2025-05-20 10:11:12,786 [ERROR] LogOutputStream:75 - [STDERR_REDIRECT] 
2025-05-20 10:11:13,779 [ERROR] LogOutputStream:75 - [STDERR_REDIRECT] [Fatal Error] :1:1: Premature end of file.
2025-05-20 10:11:13,779 [ERROR] LogOutputStream:75 - [STDERR_REDIRECT] 
2025-05-20 10:11:14,781 [ERROR] LogOutputStream:75 - [STDERR_REDIRECT] [Fatal Error] :1:1: Premature end of file.
2025-05-20 10:11:14,781 [ERROR] LogOutputStream:75 - [STDERR_REDIRECT] 
2025-05-20 10:11:15,764 [ERROR] LogOutputStream:75 - [STDERR_REDIRECT] [Fatal Error] :1:1: Premature end of file.
2025-05-20 10:11:15,764 [ERROR] LogOutputStream:75 - [STDERR_REDIRECT] 
2025-05-20 10:11:16,768 [ERROR] LogOutputStream:75 - [STDERR_REDIRECT] [Fatal Error] :1:1: Premature end of file.
2025-05-20 10:11:16,768 [ERROR] LogOutputStream:75 - [STDERR_REDIRECT] 
2025-05-20 10:11:17,772 [ERROR] LogOutputStream:75 - [STDERR_REDIRECT] [Fatal Error] :1:1: Premature end of file.
2025-05-20 10:11:17,773 [ERROR] LogOutputStream:75 - [STDERR_REDIRECT] 
2025-05-20 10:11:18,772 [ERROR] LogOutputStream:75 - [STDERR_REDIRECT] [Fatal Error] :1:1: Premature end of file.
2025-05-20 10:11:18,772 [ERROR] LogOutputStream:75 - [STDERR_REDIRECT] 
2025-05-20 10:11:19,765 [ERROR] LogOutputStream:75 - [STDERR_REDIRECT] [Fatal Error] :1:1: Premature end of file.
2025-05-20 10:11:19,765 [ERROR] LogOutputStream:75 - [STDERR_REDIRECT] 
2025-05-20 10:11:20,776 [ERROR] LogOutputStream:75 - [STDERR_REDIRECT] [Fatal Error] :1:1: Premature end of file.
2025-05-20 10:11:20,777 [ERROR] LogOutputStream:75 - [STDERR_REDIRECT] 
2025-05-20 10:11:21,768 [ERROR] LogOutputStream:75 - [STDERR_REDIRECT] [Fatal Error] :1:1: Premature end of file.
2025-05-20 10:11:21,768 [ERROR] LogOutputStream:75 - [STDERR_REDIRECT] 
2025-05-20 10:11:22,765 [ERROR] LogOutputStream:75 - [STDERR_REDIRECT] [Fatal Error] :1:1: Premature end of file.
2025-05-20 10:11:22,765 [ERROR] LogOutputStream:75 - [STDERR_REDIRECT] 
2025-05-20 10:11:23,767 [ERROR] LogOutputStream:75 - [STDERR_REDIRECT] [Fatal Error] :1:1: Premature end of file.
2025-05-20 10:11:23,767 [ERROR] LogOutputStream:75 - [STDERR_REDIRECT] 
2025-05-20 10:11:24,760 [ERROR] LogOutputStream:75 - [STDERR_REDIRECT] [Fatal Error] :1:1: Premature end of file.
2025-05-20 10:11:24,760 [ERROR] LogOutputStream:75 - [STDERR_REDIRECT] 
2025-05-20 10:11:25,765 [ERROR] LogOutputStream:75 - [STDERR_REDIRECT] [Fatal Error] :1:1: Premature end of file.
2025-05-20 10:11:25,765 [ERROR] LogOutputStream:75 - [STDERR_REDIRECT] 
2025-05-20 10:11:26,769 [ERROR] LogOutputStream:75 - [STDERR_REDIRECT] [Fatal Error] :1:1: Premature end of file.
2025-05-20 10:11:26,769 [ERROR] LogOutputStream:75 - [STDERR_REDIRECT] 
2025-05-20 10:11:27,770 [ERROR] LogOutputStream:75 - [STDERR_REDIRECT] [Fatal Error] :1:1: Premature end of file.
2025-05-20 10:11:27,770 [ERROR] LogOutputStream:75 - [STDERR_REDIRECT] 
2025-05-20 10:11:28,772 [ERROR] LogOutputStream:75 - [STDERR_REDIRECT] [Fatal Error] :1:1: Premature end of file.
2025-05-20 10:11:28,772 [ERROR] LogOutputStream:75 - [STDERR_REDIRECT] 
2025-05-20 10:11:29,768 [ERROR] LogOutputStream:75 - [STDERR_REDIRECT] [Fatal Error] :1:1: Premature end of file.
2025-05-20 10:11:29,768 [ERROR] LogOutputStream:75 - [STDERR_REDIRECT] 
2025-05-20 10:11:30,769 [ERROR] LogOutputStream:75 - [STDERR_REDIRECT] [Fatal Error] :1:1: Premature end of file.
2025-05-20 10:11:30,769 [ERROR] LogOutputStream:75 - [STDERR_REDIRECT] 
2025-05-20 10:11:31,773 [ERROR] LogOutputStream:75 - [STDERR_REDIRECT] [Fatal Error] :1:1: Premature end of file.
2025-05-20 10:11:31,773 [ERROR] LogOutputStream:75 - [STDERR_REDIRECT] 
2025-05-20 10:11:32,771 [ERROR] LogOutputStream:75 - [STDERR_REDIRECT] [Fatal Error] :1:1: Premature end of file.
2025-05-20 10:11:32,771 [ERROR] LogOutputStream:75 - [STDERR_REDIRECT] 
2025-05-20 10:11:33,764 [ERROR] LogOutputStream:75 - [STDERR_REDIRECT] [Fatal Error] :1:1: Premature end of file.
2025-05-20 10:11:33,764 [ERROR] LogOutputStream:75 - [STDERR_REDIRECT] 
2025-05-20 10:11:34,770 [ERROR] LogOutputStream:75 - [STDERR_REDIRECT] [Fatal Error] :1:1: Premature end of file.
2025-05-20 10:11:34,770 [ERROR] LogOutputStream:75 - [STDERR_REDIRECT] 
2025-05-20 10:11:35,768 [ERROR] LogOutputStream:75 - [STDERR_REDIRECT] [Fatal Error] :1:1: Premature end of file.
2025-05-20 10:11:35,768 [ERROR] LogOutputStream:75 - [STDERR_REDIRECT] 
2025-05-20 10:11:36,772 [ERROR] LogOutputStream:75 - [STDERR_REDIRECT] [Fatal Error] :1:1: Premature end of file.
2025-05-20 10:11:36,772 [ERROR] LogOutputStream:75 - [STDERR_REDIRECT] 
2025-05-20 10:11:37,772 [ERROR] LogOutputStream:75 - [STDERR_REDIRECT] [Fatal Error] :1:1: Premature end of file.
2025-05-20 10:11:37,772 [ERROR] LogOutputStream:75 - [STDERR_REDIRECT] 
2025-05-20 10:11:38,775 [ERROR] LogOutputStream:75 - [STDERR_REDIRECT] [Fatal Error] :1:1: Premature end of file.
2025-05-20 10:11:38,775 [ERROR] LogOutputStream:75 - [STDERR_REDIRECT] 
2025-05-20 10:11:39,033 [WARN] BspModel:444 - BSP dependency skipped because of component: name='IOExpander', api='Unknown'
2025-05-20 10:11:39,088 [INFO] I2sManager:658 - 9.6E7
2025-05-20 10:11:39,088 [INFO] I2sManager:195 - I2S Clock Value : 9.6E7
2025-05-20 10:11:39,088 [INFO] I2sManager:553 - AudioClock : 8000Divider : 187Odd : 1
2025-05-20 10:11:39,151 [INFO] I2sManager:658 - 9.6E7
2025-05-20 10:11:39,151 [INFO] I2sManager:195 - I2S Clock Value : 9.6E7
2025-05-20 10:11:39,151 [INFO] I2sManager:553 - AudioClock : 8000Divider : 187Odd : 1
2025-05-20 10:11:39,176 [WARN] BspModel:444 - BSP dependency skipped because of component: name='IOExpander', api='Unknown'
2025-05-20 10:11:39,767 [ERROR] LogOutputStream:75 - [STDERR_REDIRECT] [Fatal Error] :1:1: Premature end of file.
2025-05-20 10:11:39,767 [ERROR] LogOutputStream:75 - [STDERR_REDIRECT] 
2025-05-20 10:11:40,769 [ERROR] LogOutputStream:75 - [STDERR_REDIRECT] [Fatal Error] :1:1: Premature end of file.
2025-05-20 10:11:40,769 [ERROR] LogOutputStream:75 - [STDERR_REDIRECT] 
2025-05-20 10:11:41,768 [ERROR] LogOutputStream:75 - [STDERR_REDIRECT] [Fatal Error] :1:1: Premature end of file.
2025-05-20 10:11:41,768 [ERROR] LogOutputStream:75 - [STDERR_REDIRECT] 
2025-05-20 10:11:42,762 [ERROR] LogOutputStream:75 - [STDERR_REDIRECT] [Fatal Error] :1:1: Premature end of file.
2025-05-20 10:11:42,762 [ERROR] LogOutputStream:75 - [STDERR_REDIRECT] 
2025-05-20 10:11:43,764 [ERROR] LogOutputStream:75 - [STDERR_REDIRECT] [Fatal Error] :1:1: Premature end of file.
2025-05-20 10:11:43,764 [ERROR] LogOutputStream:75 - [STDERR_REDIRECT] 
2025-05-20 10:11:44,773 [ERROR] LogOutputStream:75 - [STDERR_REDIRECT] [Fatal Error] :1:1: Premature end of file.
2025-05-20 10:11:44,773 [ERROR] LogOutputStream:75 - [STDERR_REDIRECT] 
2025-05-20 10:11:45,766 [ERROR] LogOutputStream:75 - [STDERR_REDIRECT] [Fatal Error] :1:1: Premature end of file.
2025-05-20 10:11:45,766 [ERROR] LogOutputStream:75 - [STDERR_REDIRECT] 
2025-05-20 10:11:46,769 [ERROR] LogOutputStream:75 - [STDERR_REDIRECT] [Fatal Error] :1:1: Premature end of file.
2025-05-20 10:11:46,769 [ERROR] LogOutputStream:75 - [STDERR_REDIRECT] 
2025-05-20 10:11:47,769 [ERROR] LogOutputStream:75 - [STDERR_REDIRECT] [Fatal Error] :1:1: Premature end of file.
2025-05-20 10:11:47,769 [ERROR] LogOutputStream:75 - [STDERR_REDIRECT] 
2025-05-20 10:11:48,769 [ERROR] LogOutputStream:75 - [STDERR_REDIRECT] [Fatal Error] :1:1: Premature end of file.
2025-05-20 10:11:48,769 [ERROR] LogOutputStream:75 - [STDERR_REDIRECT] 
2025-05-20 10:11:49,773 [ERROR] LogOutputStream:75 - [STDERR_REDIRECT] [Fatal Error] :1:1: Premature end of file.
2025-05-20 10:11:49,773 [ERROR] LogOutputStream:75 - [STDERR_REDIRECT] 
2025-05-20 10:11:50,785 [ERROR] LogOutputStream:75 - [STDERR_REDIRECT] [Fatal Error] :1:1: Premature end of file.
2025-05-20 10:11:50,785 [ERROR] LogOutputStream:75 - [STDERR_REDIRECT] 
2025-05-20 10:11:51,786 [ERROR] LogOutputStream:75 - [STDERR_REDIRECT] [Fatal Error] :1:1: Premature end of file.
2025-05-20 10:11:51,786 [ERROR] LogOutputStream:75 - [STDERR_REDIRECT] 
2025-05-20 10:11:52,775 [ERROR] LogOutputStream:75 - [STDERR_REDIRECT] [Fatal Error] :1:1: Premature end of file.
2025-05-20 10:11:52,775 [ERROR] LogOutputStream:75 - [STDERR_REDIRECT] 
2025-05-20 10:11:53,784 [ERROR] LogOutputStream:75 - [STDERR_REDIRECT] [Fatal Error] :1:1: Premature end of file.
2025-05-20 10:11:53,784 [ERROR] LogOutputStream:75 - [STDERR_REDIRECT] 
2025-05-20 10:11:54,789 [ERROR] LogOutputStream:75 - [STDERR_REDIRECT] [Fatal Error] :1:1: Premature end of file.
2025-05-20 10:11:54,789 [ERROR] LogOutputStream:75 - [STDERR_REDIRECT] 
2025-05-20 10:11:55,783 [ERROR] LogOutputStream:75 - [STDERR_REDIRECT] [Fatal Error] :1:1: Premature end of file.
2025-05-20 10:11:55,783 [ERROR] LogOutputStream:75 - [STDERR_REDIRECT] 
2025-05-20 10:11:56,773 [ERROR] LogOutputStream:75 - [STDERR_REDIRECT] [Fatal Error] :1:1: Premature end of file.
2025-05-20 10:11:56,773 [ERROR] LogOutputStream:75 - [STDERR_REDIRECT] 
2025-05-20 10:11:57,785 [ERROR] LogOutputStream:75 - [STDERR_REDIRECT] [Fatal Error] :1:1: Premature end of file.
2025-05-20 10:11:57,785 [ERROR] LogOutputStream:75 - [STDERR_REDIRECT] 
2025-05-20 10:11:58,791 [ERROR] LogOutputStream:75 - [STDERR_REDIRECT] [Fatal Error] :1:1: Premature end of file.
2025-05-20 10:11:58,791 [ERROR] LogOutputStream:75 - [STDERR_REDIRECT] 
2025-05-20 10:11:59,790 [ERROR] LogOutputStream:75 - [STDERR_REDIRECT] [Fatal Error] :1:1: Premature end of file.
2025-05-20 10:11:59,791 [ERROR] LogOutputStream:75 - [STDERR_REDIRECT] 
2025-05-20 10:12:00,789 [ERROR] LogOutputStream:75 - [STDERR_REDIRECT] [Fatal Error] :1:1: Premature end of file.
2025-05-20 10:12:00,789 [ERROR] LogOutputStream:75 - [STDERR_REDIRECT] 
2025-05-20 10:12:01,768 [ERROR] LogOutputStream:75 - [STDERR_REDIRECT] [Fatal Error] :1:1: Premature end of file.
2025-05-20 10:12:01,768 [ERROR] LogOutputStream:75 - [STDERR_REDIRECT] 
2025-05-20 10:12:02,782 [ERROR] LogOutputStream:75 - [STDERR_REDIRECT] [Fatal Error] :1:1: Premature end of file.
2025-05-20 10:12:02,782 [ERROR] LogOutputStream:75 - [STDERR_REDIRECT] 
2025-05-20 10:12:03,782 [ERROR] LogOutputStream:75 - [STDERR_REDIRECT] [Fatal Error] :1:1: Premature end of file.
2025-05-20 10:12:03,782 [ERROR] LogOutputStream:75 - [STDERR_REDIRECT] 
2025-05-20 10:12:04,764 [ERROR] LogOutputStream:75 - [STDERR_REDIRECT] [Fatal Error] :1:1: Premature end of file.
2025-05-20 10:12:04,764 [ERROR] LogOutputStream:75 - [STDERR_REDIRECT] 
2025-05-20 10:12:05,776 [ERROR] LogOutputStream:75 - [STDERR_REDIRECT] [Fatal Error] :1:1: Premature end of file.
2025-05-20 10:12:05,776 [ERROR] LogOutputStream:75 - [STDERR_REDIRECT] 
2025-05-20 10:12:06,776 [ERROR] LogOutputStream:75 - [STDERR_REDIRECT] [Fatal Error] :1:1: Premature end of file.
2025-05-20 10:12:06,776 [ERROR] LogOutputStream:75 - [STDERR_REDIRECT] 
2025-05-20 10:12:07,452 [WARN] BspModel:444 - BSP dependency skipped because of component: name='IOExpander', api='Unknown'
2025-05-20 10:12:07,765 [ERROR] LogOutputStream:75 - [STDERR_REDIRECT] [Fatal Error] :1:1: Premature end of file.
2025-05-20 10:12:07,766 [ERROR] LogOutputStream:75 - [STDERR_REDIRECT] 
2025-05-20 10:12:08,773 [ERROR] LogOutputStream:75 - [STDERR_REDIRECT] [Fatal Error] :1:1: Premature end of file.
2025-05-20 10:12:08,773 [ERROR] LogOutputStream:75 - [STDERR_REDIRECT] 
2025-05-20 10:12:09,776 [ERROR] LogOutputStream:75 - [STDERR_REDIRECT] [Fatal Error] :1:1: Premature end of file.
2025-05-20 10:12:09,777 [ERROR] LogOutputStream:75 - [STDERR_REDIRECT] 
2025-05-20 10:12:10,773 [ERROR] LogOutputStream:75 - [STDERR_REDIRECT] [Fatal Error] :1:1: Premature end of file.
2025-05-20 10:12:10,773 [ERROR] LogOutputStream:75 - [STDERR_REDIRECT] 
2025-05-20 10:12:11,773 [ERROR] LogOutputStream:75 - [STDERR_REDIRECT] [Fatal Error] :1:1: Premature end of file.
2025-05-20 10:12:11,773 [ERROR] LogOutputStream:75 - [STDERR_REDIRECT] 
2025-05-20 10:12:12,129 [WARN] BspModel:444 - BSP dependency skipped because of component: name='IOExpander', api='Unknown'
2025-05-20 10:12:12,766 [ERROR] LogOutputStream:75 - [STDERR_REDIRECT] [Fatal Error] :1:1: Premature end of file.
2025-05-20 10:12:12,766 [ERROR] LogOutputStream:75 - [STDERR_REDIRECT] 
2025-05-20 10:12:13,774 [ERROR] LogOutputStream:75 - [STDERR_REDIRECT] [Fatal Error] :1:1: Premature end of file.
2025-05-20 10:12:13,774 [ERROR] LogOutputStream:75 - [STDERR_REDIRECT] 
2025-05-20 10:12:14,773 [ERROR] LogOutputStream:75 - [STDERR_REDIRECT] [Fatal Error] :1:1: Premature end of file.
2025-05-20 10:12:14,773 [ERROR] LogOutputStream:75 - [STDERR_REDIRECT] 
2025-05-20 10:12:15,766 [ERROR] LogOutputStream:75 - [STDERR_REDIRECT] [Fatal Error] :1:1: Premature end of file.
2025-05-20 10:12:15,766 [ERROR] LogOutputStream:75 - [STDERR_REDIRECT] 
2025-05-20 10:12:16,771 [ERROR] LogOutputStream:75 - [STDERR_REDIRECT] [Fatal Error] :1:1: Premature end of file.
2025-05-20 10:12:16,771 [ERROR] LogOutputStream:75 - [STDERR_REDIRECT] 
2025-05-20 10:12:17,774 [ERROR] LogOutputStream:75 - [STDERR_REDIRECT] [Fatal Error] :1:1: Premature end of file.
2025-05-20 10:12:17,774 [ERROR] LogOutputStream:75 - [STDERR_REDIRECT] 
2025-05-20 10:12:18,764 [ERROR] LogOutputStream:75 - [STDERR_REDIRECT] [Fatal Error] :1:1: Premature end of file.
2025-05-20 10:12:18,764 [ERROR] LogOutputStream:75 - [STDERR_REDIRECT] 
2025-05-20 10:12:19,657 [WARN] BspModel:444 - BSP dependency skipped because of component: name='IOExpander', api='Unknown'
2025-05-20 10:12:19,773 [ERROR] LogOutputStream:75 - [STDERR_REDIRECT] [Fatal Error] :1:1: Premature end of file.
2025-05-20 10:12:19,773 [ERROR] LogOutputStream:75 - [STDERR_REDIRECT] 
2025-05-20 10:12:20,774 [ERROR] LogOutputStream:75 - [STDERR_REDIRECT] [Fatal Error] :1:1: Premature end of file.
2025-05-20 10:12:20,774 [ERROR] LogOutputStream:75 - [STDERR_REDIRECT] 
2025-05-20 10:12:21,781 [ERROR] LogOutputStream:75 - [STDERR_REDIRECT] [Fatal Error] :1:1: Premature end of file.
2025-05-20 10:12:21,781 [ERROR] LogOutputStream:75 - [STDERR_REDIRECT] 
2025-05-20 10:12:22,770 [ERROR] LogOutputStream:75 - [STDERR_REDIRECT] [Fatal Error] :1:1: Premature end of file.
2025-05-20 10:12:22,770 [ERROR] LogOutputStream:75 - [STDERR_REDIRECT] 
2025-05-20 10:12:23,767 [ERROR] LogOutputStream:75 - [STDERR_REDIRECT] [Fatal Error] :1:1: Premature end of file.
2025-05-20 10:12:23,767 [ERROR] LogOutputStream:75 - [STDERR_REDIRECT] 
2025-05-20 10:12:24,774 [ERROR] LogOutputStream:75 - [STDERR_REDIRECT] [Fatal Error] :1:1: Premature end of file.
2025-05-20 10:12:24,774 [ERROR] LogOutputStream:75 - [STDERR_REDIRECT] 
2025-05-20 10:12:25,773 [ERROR] LogOutputStream:75 - [STDERR_REDIRECT] [Fatal Error] :1:1: Premature end of file.
2025-05-20 10:12:25,773 [ERROR] LogOutputStream:75 - [STDERR_REDIRECT] 
2025-05-20 10:12:26,771 [ERROR] LogOutputStream:75 - [STDERR_REDIRECT] [Fatal Error] :1:1: Premature end of file.
2025-05-20 10:12:26,771 [ERROR] LogOutputStream:75 - [STDERR_REDIRECT] 
2025-05-20 10:12:27,764 [ERROR] LogOutputStream:75 - [STDERR_REDIRECT] [Fatal Error] :1:1: Premature end of file.
2025-05-20 10:12:27,764 [ERROR] LogOutputStream:75 - [STDERR_REDIRECT] 
2025-05-20 10:12:28,775 [ERROR] LogOutputStream:75 - [STDERR_REDIRECT] [Fatal Error] :1:1: Premature end of file.
2025-05-20 10:12:28,775 [ERROR] LogOutputStream:75 - [STDERR_REDIRECT] 
2025-05-20 10:12:29,773 [ERROR] LogOutputStream:75 - [STDERR_REDIRECT] [Fatal Error] :1:1: Premature end of file.
2025-05-20 10:12:29,773 [ERROR] LogOutputStream:75 - [STDERR_REDIRECT] 
2025-05-20 10:12:30,782 [ERROR] LogOutputStream:75 - [STDERR_REDIRECT] [Fatal Error] :1:1: Premature end of file.
2025-05-20 10:12:30,782 [ERROR] LogOutputStream:75 - [STDERR_REDIRECT] 
2025-05-20 10:12:31,771 [ERROR] LogOutputStream:75 - [STDERR_REDIRECT] [Fatal Error] :1:1: Premature end of file.
2025-05-20 10:12:31,771 [ERROR] LogOutputStream:75 - [STDERR_REDIRECT] 
2025-05-20 10:12:32,783 [ERROR] LogOutputStream:75 - [STDERR_REDIRECT] [Fatal Error] :1:1: Premature end of file.
2025-05-20 10:12:32,783 [ERROR] LogOutputStream:75 - [STDERR_REDIRECT] 
2025-05-20 10:12:33,792 [ERROR] LogOutputStream:75 - [STDERR_REDIRECT] [Fatal Error] :1:1: Premature end of file.
2025-05-20 10:12:33,792 [ERROR] LogOutputStream:75 - [STDERR_REDIRECT] 
2025-05-20 10:12:34,775 [ERROR] LogOutputStream:75 - [STDERR_REDIRECT] [Fatal Error] :1:1: Premature end of file.
2025-05-20 10:12:34,775 [ERROR] LogOutputStream:75 - [STDERR_REDIRECT] 
2025-05-20 10:12:35,775 [ERROR] LogOutputStream:75 - [STDERR_REDIRECT] [Fatal Error] :1:1: Premature end of file.
2025-05-20 10:12:35,775 [ERROR] LogOutputStream:75 - [STDERR_REDIRECT] 
2025-05-20 10:12:36,779 [ERROR] LogOutputStream:75 - [STDERR_REDIRECT] [Fatal Error] :1:1: Premature end of file.
2025-05-20 10:12:36,781 [ERROR] LogOutputStream:75 - [STDERR_REDIRECT] 
2025-05-20 10:12:37,786 [ERROR] LogOutputStream:75 - [STDERR_REDIRECT] [Fatal Error] :1:1: Premature end of file.
2025-05-20 10:12:37,786 [ERROR] LogOutputStream:75 - [STDERR_REDIRECT] 
2025-05-20 10:12:38,773 [ERROR] LogOutputStream:75 - [STDERR_REDIRECT] [Fatal Error] :1:1: Premature end of file.
2025-05-20 10:12:38,773 [ERROR] LogOutputStream:75 - [STDERR_REDIRECT] 
2025-05-20 10:12:39,788 [ERROR] LogOutputStream:75 - [STDERR_REDIRECT] [Fatal Error] :1:1: Premature end of file.
2025-05-20 10:12:39,788 [ERROR] LogOutputStream:75 - [STDERR_REDIRECT] 
2025-05-20 10:12:40,773 [ERROR] LogOutputStream:75 - [STDERR_REDIRECT] [Fatal Error] :1:1: Premature end of file.
2025-05-20 10:12:40,773 [ERROR] LogOutputStream:75 - [STDERR_REDIRECT] 
2025-05-20 10:12:41,777 [ERROR] LogOutputStream:75 - [STDERR_REDIRECT] [Fatal Error] :1:1: Premature end of file.
2025-05-20 10:12:41,777 [ERROR] LogOutputStream:75 - [STDERR_REDIRECT] 
2025-05-20 10:12:42,781 [ERROR] LogOutputStream:75 - [STDERR_REDIRECT] [Fatal Error] :1:1: Premature end of file.
2025-05-20 10:12:42,781 [ERROR] LogOutputStream:75 - [STDERR_REDIRECT] 
2025-05-20 10:12:43,783 [ERROR] LogOutputStream:75 - [STDERR_REDIRECT] [Fatal Error] :1:1: Premature end of file.
2025-05-20 10:12:43,783 [ERROR] LogOutputStream:75 - [STDERR_REDIRECT] 
2025-05-20 10:12:44,783 [ERROR] LogOutputStream:75 - [STDERR_REDIRECT] [Fatal Error] :1:1: Premature end of file.
2025-05-20 10:12:44,783 [ERROR] LogOutputStream:75 - [STDERR_REDIRECT] 
2025-05-20 10:12:45,783 [ERROR] LogOutputStream:75 - [STDERR_REDIRECT] [Fatal Error] :1:1: Premature end of file.
2025-05-20 10:12:45,783 [ERROR] LogOutputStream:75 - [STDERR_REDIRECT] 
2025-05-20 10:12:46,786 [ERROR] LogOutputStream:75 - [STDERR_REDIRECT] [Fatal Error] :1:1: Premature end of file.
2025-05-20 10:12:46,786 [ERROR] LogOutputStream:75 - [STDERR_REDIRECT] 
2025-05-20 10:12:47,787 [ERROR] LogOutputStream:75 - [STDERR_REDIRECT] [Fatal Error] :1:1: Premature end of file.
2025-05-20 10:12:47,787 [ERROR] LogOutputStream:75 - [STDERR_REDIRECT] 
2025-05-20 10:12:48,785 [ERROR] LogOutputStream:75 - [STDERR_REDIRECT] [Fatal Error] :1:1: Premature end of file.
2025-05-20 10:12:48,785 [ERROR] LogOutputStream:75 - [STDERR_REDIRECT] 
2025-05-20 10:12:49,799 [ERROR] LogOutputStream:75 - [STDERR_REDIRECT] [Fatal Error] :1:1: Premature end of file.
2025-05-20 10:12:49,800 [ERROR] LogOutputStream:75 - [STDERR_REDIRECT] 
2025-05-20 10:12:50,796 [ERROR] LogOutputStream:75 - [STDERR_REDIRECT] [Fatal Error] :1:1: Premature end of file.
2025-05-20 10:12:50,797 [ERROR] LogOutputStream:75 - [STDERR_REDIRECT] 
2025-05-20 10:12:51,777 [ERROR] LogOutputStream:75 - [STDERR_REDIRECT] [Fatal Error] :1:1: Premature end of file.
2025-05-20 10:12:51,777 [ERROR] LogOutputStream:75 - [STDERR_REDIRECT] 
2025-05-20 10:12:52,783 [ERROR] LogOutputStream:75 - [STDERR_REDIRECT] [Fatal Error] :1:1: Premature end of file.
2025-05-20 10:12:52,783 [ERROR] LogOutputStream:75 - [STDERR_REDIRECT] 
2025-05-20 10:12:53,797 [ERROR] LogOutputStream:75 - [STDERR_REDIRECT] [Fatal Error] :1:1: Premature end of file.
2025-05-20 10:12:53,797 [ERROR] LogOutputStream:75 - [STDERR_REDIRECT] 
2025-05-20 10:12:54,788 [ERROR] LogOutputStream:75 - [STDERR_REDIRECT] [Fatal Error] :1:1: Premature end of file.
2025-05-20 10:12:54,788 [ERROR] LogOutputStream:75 - [STDERR_REDIRECT] 
2025-05-20 10:12:55,783 [ERROR] LogOutputStream:75 - [STDERR_REDIRECT] [Fatal Error] :1:1: Premature end of file.
2025-05-20 10:12:55,783 [ERROR] LogOutputStream:75 - [STDERR_REDIRECT] 
2025-05-20 10:12:56,781 [ERROR] LogOutputStream:75 - [STDERR_REDIRECT] [Fatal Error] :1:1: Premature end of file.
2025-05-20 10:12:56,781 [ERROR] LogOutputStream:75 - [STDERR_REDIRECT] 
2025-05-20 10:12:57,783 [ERROR] LogOutputStream:75 - [STDERR_REDIRECT] [Fatal Error] :1:1: Premature end of file.
2025-05-20 10:12:57,783 [ERROR] LogOutputStream:75 - [STDERR_REDIRECT] 
2025-05-20 10:12:58,780 [ERROR] LogOutputStream:75 - [STDERR_REDIRECT] [Fatal Error] :1:1: Premature end of file.
2025-05-20 10:12:58,780 [ERROR] LogOutputStream:75 - [STDERR_REDIRECT] 
2025-05-20 10:12:59,786 [ERROR] LogOutputStream:75 - [STDERR_REDIRECT] [Fatal Error] :1:1: Premature end of file.
2025-05-20 10:12:59,786 [ERROR] LogOutputStream:75 - [STDERR_REDIRECT] 
2025-05-20 10:13:00,783 [ERROR] LogOutputStream:75 - [STDERR_REDIRECT] [Fatal Error] :1:1: Premature end of file.
2025-05-20 10:13:00,783 [ERROR] LogOutputStream:75 - [STDERR_REDIRECT] 
2025-05-20 10:13:01,778 [ERROR] LogOutputStream:75 - [STDERR_REDIRECT] [Fatal Error] :1:1: Premature end of file.
2025-05-20 10:13:01,778 [ERROR] LogOutputStream:75 - [STDERR_REDIRECT] 
2025-05-20 10:13:02,784 [ERROR] LogOutputStream:75 - [STDERR_REDIRECT] [Fatal Error] :1:1: Premature end of file.
2025-05-20 10:13:02,784 [ERROR] LogOutputStream:75 - [STDERR_REDIRECT] 
2025-05-20 10:13:03,784 [ERROR] LogOutputStream:75 - [STDERR_REDIRECT] [Fatal Error] :1:1: Premature end of file.
2025-05-20 10:13:03,784 [ERROR] LogOutputStream:75 - [STDERR_REDIRECT] 
2025-05-20 10:13:04,773 [ERROR] LogOutputStream:75 - [STDERR_REDIRECT] [Fatal Error] :1:1: Premature end of file.
2025-05-20 10:13:04,773 [ERROR] LogOutputStream:75 - [STDERR_REDIRECT] 
2025-05-20 10:13:05,780 [ERROR] LogOutputStream:75 - [STDERR_REDIRECT] [Fatal Error] :1:1: Premature end of file.
2025-05-20 10:13:05,780 [ERROR] LogOutputStream:75 - [STDERR_REDIRECT] 
2025-05-20 10:13:06,769 [ERROR] LogOutputStream:75 - [STDERR_REDIRECT] [Fatal Error] :1:1: Premature end of file.
2025-05-20 10:13:06,769 [ERROR] LogOutputStream:75 - [STDERR_REDIRECT] 
2025-05-20 10:13:07,769 [ERROR] LogOutputStream:75 - [STDERR_REDIRECT] [Fatal Error] :1:1: Premature end of file.
2025-05-20 10:13:07,769 [ERROR] LogOutputStream:75 - [STDERR_REDIRECT] 
2025-05-20 10:13:08,770 [ERROR] LogOutputStream:75 - [STDERR_REDIRECT] [Fatal Error] :1:1: Premature end of file.
2025-05-20 10:13:08,770 [ERROR] LogOutputStream:75 - [STDERR_REDIRECT] 
2025-05-20 10:13:09,774 [ERROR] LogOutputStream:75 - [STDERR_REDIRECT] [Fatal Error] :1:1: Premature end of file.
2025-05-20 10:13:09,774 [ERROR] LogOutputStream:75 - [STDERR_REDIRECT] 
2025-05-20 10:13:10,778 [ERROR] LogOutputStream:75 - [STDERR_REDIRECT] [Fatal Error] :1:1: Premature end of file.
2025-05-20 10:13:10,778 [ERROR] LogOutputStream:75 - [STDERR_REDIRECT] 
2025-05-20 10:13:11,769 [ERROR] LogOutputStream:75 - [STDERR_REDIRECT] [Fatal Error] :1:1: Premature end of file.
2025-05-20 10:13:11,769 [ERROR] LogOutputStream:75 - [STDERR_REDIRECT] 
2025-05-20 10:13:12,779 [ERROR] LogOutputStream:75 - [STDERR_REDIRECT] [Fatal Error] :1:1: Premature end of file.
2025-05-20 10:13:12,779 [ERROR] LogOutputStream:75 - [STDERR_REDIRECT] 
2025-05-20 10:13:13,773 [ERROR] LogOutputStream:75 - [STDERR_REDIRECT] [Fatal Error] :1:1: Premature end of file.
2025-05-20 10:13:13,773 [ERROR] LogOutputStream:75 - [STDERR_REDIRECT] 
2025-05-20 10:13:14,775 [ERROR] LogOutputStream:75 - [STDERR_REDIRECT] [Fatal Error] :1:1: Premature end of file.
2025-05-20 10:13:14,775 [ERROR] LogOutputStream:75 - [STDERR_REDIRECT] 
2025-05-20 10:13:15,776 [ERROR] LogOutputStream:75 - [STDERR_REDIRECT] [Fatal Error] :1:1: Premature end of file.
2025-05-20 10:13:15,776 [ERROR] LogOutputStream:75 - [STDERR_REDIRECT] 
2025-05-20 10:13:16,768 [ERROR] LogOutputStream:75 - [STDERR_REDIRECT] [Fatal Error] :1:1: Premature end of file.
2025-05-20 10:13:16,768 [ERROR] LogOutputStream:75 - [STDERR_REDIRECT] 
2025-05-20 10:13:17,771 [ERROR] LogOutputStream:75 - [STDERR_REDIRECT] [Fatal Error] :1:1: Premature end of file.
2025-05-20 10:13:17,771 [ERROR] LogOutputStream:75 - [STDERR_REDIRECT] 
2025-05-20 10:13:18,762 [ERROR] LogOutputStream:75 - [STDERR_REDIRECT] [Fatal Error] :1:1: Premature end of file.
2025-05-20 10:13:18,762 [ERROR] LogOutputStream:75 - [STDERR_REDIRECT] 
2025-05-20 10:13:19,773 [ERROR] LogOutputStream:75 - [STDERR_REDIRECT] [Fatal Error] :1:1: Premature end of file.
2025-05-20 10:13:19,773 [ERROR] LogOutputStream:75 - [STDERR_REDIRECT] 
2025-05-20 10:13:20,215 [INFO] Mcu:1664 - InternalPropertyChange: try BijectiveRequest:DAC_OUT1
2025-05-20 10:13:20,396 [WARN] BspModel:444 - BSP dependency skipped because of component: name='IOExpander', api='Unknown'
2025-05-20 10:13:20,769 [ERROR] LogOutputStream:75 - [STDERR_REDIRECT] [Fatal Error] :1:1: Premature end of file.
2025-05-20 10:13:20,769 [ERROR] LogOutputStream:75 - [STDERR_REDIRECT] 
2025-05-20 10:13:21,770 [ERROR] LogOutputStream:75 - [STDERR_REDIRECT] [Fatal Error] :1:1: Premature end of file.
2025-05-20 10:13:21,770 [ERROR] LogOutputStream:75 - [STDERR_REDIRECT] 
2025-05-20 10:13:22,778 [ERROR] LogOutputStream:75 - [STDERR_REDIRECT] [Fatal Error] :1:1: Premature end of file.
2025-05-20 10:13:22,778 [ERROR] LogOutputStream:75 - [STDERR_REDIRECT] 
2025-05-20 10:13:23,765 [ERROR] LogOutputStream:75 - [STDERR_REDIRECT] [Fatal Error] :1:1: Premature end of file.
2025-05-20 10:13:23,765 [ERROR] LogOutputStream:75 - [STDERR_REDIRECT] 
2025-05-20 10:13:24,772 [ERROR] LogOutputStream:75 - [STDERR_REDIRECT] [Fatal Error] :1:1: Premature end of file.
2025-05-20 10:13:24,772 [ERROR] LogOutputStream:75 - [STDERR_REDIRECT] 
2025-05-20 10:13:25,764 [ERROR] LogOutputStream:75 - [STDERR_REDIRECT] [Fatal Error] :1:1: Premature end of file.
2025-05-20 10:13:25,764 [ERROR] LogOutputStream:75 - [STDERR_REDIRECT] 
2025-05-20 10:13:26,769 [ERROR] LogOutputStream:75 - [STDERR_REDIRECT] [Fatal Error] :1:1: Premature end of file.
2025-05-20 10:13:26,769 [ERROR] LogOutputStream:75 - [STDERR_REDIRECT] 
2025-05-20 10:13:27,772 [ERROR] LogOutputStream:75 - [STDERR_REDIRECT] [Fatal Error] :1:1: Premature end of file.
2025-05-20 10:13:27,772 [ERROR] LogOutputStream:75 - [STDERR_REDIRECT] 
2025-05-20 10:13:28,779 [ERROR] LogOutputStream:75 - [STDERR_REDIRECT] [Fatal Error] :1:1: Premature end of file.
2025-05-20 10:13:28,780 [ERROR] LogOutputStream:75 - [STDERR_REDIRECT] 
2025-05-20 10:13:29,766 [ERROR] LogOutputStream:75 - [STDERR_REDIRECT] [Fatal Error] :1:1: Premature end of file.
2025-05-20 10:13:29,766 [ERROR] LogOutputStream:75 - [STDERR_REDIRECT] 
2025-05-20 10:13:30,766 [ERROR] LogOutputStream:75 - [STDERR_REDIRECT] [Fatal Error] :1:1: Premature end of file.
2025-05-20 10:13:30,766 [ERROR] LogOutputStream:75 - [STDERR_REDIRECT] 
2025-05-20 10:13:31,765 [ERROR] LogOutputStream:75 - [STDERR_REDIRECT] [Fatal Error] :1:1: Premature end of file.
2025-05-20 10:13:31,766 [ERROR] LogOutputStream:75 - [STDERR_REDIRECT] 
2025-05-20 10:13:32,775 [ERROR] LogOutputStream:75 - [STDERR_REDIRECT] [Fatal Error] :1:1: Premature end of file.
2025-05-20 10:13:32,775 [ERROR] LogOutputStream:75 - [STDERR_REDIRECT] 
2025-05-20 10:13:33,776 [ERROR] LogOutputStream:75 - [STDERR_REDIRECT] [Fatal Error] :1:1: Premature end of file.
2025-05-20 10:13:33,776 [ERROR] LogOutputStream:75 - [STDERR_REDIRECT] 
2025-05-20 10:13:34,793 [ERROR] LogOutputStream:75 - [STDERR_REDIRECT] [Fatal Error] :1:1: Premature end of file.
2025-05-20 10:13:34,793 [ERROR] LogOutputStream:75 - [STDERR_REDIRECT] 
2025-05-20 10:13:35,784 [ERROR] LogOutputStream:75 - [STDERR_REDIRECT] [Fatal Error] :1:1: Premature end of file.
2025-05-20 10:13:35,784 [ERROR] LogOutputStream:75 - [STDERR_REDIRECT] 
2025-05-20 10:13:36,787 [ERROR] LogOutputStream:75 - [STDERR_REDIRECT] [Fatal Error] :1:1: Premature end of file.
2025-05-20 10:13:36,787 [ERROR] LogOutputStream:75 - [STDERR_REDIRECT] 
2025-05-20 10:13:37,781 [ERROR] LogOutputStream:75 - [STDERR_REDIRECT] [Fatal Error] :1:1: Premature end of file.
2025-05-20 10:13:37,781 [ERROR] LogOutputStream:75 - [STDERR_REDIRECT] 
2025-05-20 10:13:38,788 [ERROR] LogOutputStream:75 - [STDERR_REDIRECT] [Fatal Error] :1:1: Premature end of file.
2025-05-20 10:13:38,788 [ERROR] LogOutputStream:75 - [STDERR_REDIRECT] 
2025-05-20 10:13:39,791 [ERROR] LogOutputStream:75 - [STDERR_REDIRECT] [Fatal Error] :1:1: Premature end of file.
2025-05-20 10:13:39,791 [ERROR] LogOutputStream:75 - [STDERR_REDIRECT] 
2025-05-20 10:13:40,786 [ERROR] LogOutputStream:75 - [STDERR_REDIRECT] [Fatal Error] :1:1: Premature end of file.
2025-05-20 10:13:40,786 [ERROR] LogOutputStream:75 - [STDERR_REDIRECT] 
2025-05-20 10:13:41,790 [ERROR] LogOutputStream:75 - [STDERR_REDIRECT] [Fatal Error] :1:1: Premature end of file.
2025-05-20 10:13:41,790 [ERROR] LogOutputStream:75 - [STDERR_REDIRECT] 
2025-05-20 10:13:42,786 [ERROR] LogOutputStream:75 - [STDERR_REDIRECT] [Fatal Error] :1:1: Premature end of file.
2025-05-20 10:13:42,786 [ERROR] LogOutputStream:75 - [STDERR_REDIRECT] 
2025-05-20 10:13:43,789 [ERROR] LogOutputStream:75 - [STDERR_REDIRECT] [Fatal Error] :1:1: Premature end of file.
2025-05-20 10:13:43,790 [ERROR] LogOutputStream:75 - [STDERR_REDIRECT] 
2025-05-20 10:13:44,784 [ERROR] LogOutputStream:75 - [STDERR_REDIRECT] [Fatal Error] :1:1: Premature end of file.
2025-05-20 10:13:44,785 [ERROR] LogOutputStream:75 - [STDERR_REDIRECT] 
2025-05-20 10:13:45,785 [ERROR] LogOutputStream:75 - [STDERR_REDIRECT] [Fatal Error] :1:1: Premature end of file.
2025-05-20 10:13:45,785 [ERROR] LogOutputStream:75 - [STDERR_REDIRECT] 
2025-05-20 10:13:46,786 [ERROR] LogOutputStream:75 - [STDERR_REDIRECT] [Fatal Error] :1:1: Premature end of file.
2025-05-20 10:13:46,786 [ERROR] LogOutputStream:75 - [STDERR_REDIRECT] 
2025-05-20 10:13:47,786 [ERROR] LogOutputStream:75 - [STDERR_REDIRECT] [Fatal Error] :1:1: Premature end of file.
2025-05-20 10:13:47,786 [ERROR] LogOutputStream:75 - [STDERR_REDIRECT] 
2025-05-20 10:13:48,791 [ERROR] LogOutputStream:75 - [STDERR_REDIRECT] [Fatal Error] :1:1: Premature end of file.
2025-05-20 10:13:48,791 [ERROR] LogOutputStream:75 - [STDERR_REDIRECT] 
2025-05-20 10:13:49,781 [ERROR] LogOutputStream:75 - [STDERR_REDIRECT] [Fatal Error] :1:1: Premature end of file.
2025-05-20 10:13:49,781 [ERROR] LogOutputStream:75 - [STDERR_REDIRECT] 
2025-05-20 10:13:50,784 [ERROR] LogOutputStream:75 - [STDERR_REDIRECT] [Fatal Error] :1:1: Premature end of file.
2025-05-20 10:13:50,784 [ERROR] LogOutputStream:75 - [STDERR_REDIRECT] 
2025-05-20 10:13:51,798 [ERROR] LogOutputStream:75 - [STDERR_REDIRECT] [Fatal Error] :1:1: Premature end of file.
2025-05-20 10:13:51,799 [ERROR] LogOutputStream:75 - [STDERR_REDIRECT] 
2025-05-20 10:13:52,791 [ERROR] LogOutputStream:75 - [STDERR_REDIRECT] [Fatal Error] :1:1: Premature end of file.
2025-05-20 10:13:52,791 [ERROR] LogOutputStream:75 - [STDERR_REDIRECT] 
2025-05-20 10:13:53,787 [ERROR] LogOutputStream:75 - [STDERR_REDIRECT] [Fatal Error] :1:1: Premature end of file.
2025-05-20 10:13:53,787 [ERROR] LogOutputStream:75 - [STDERR_REDIRECT] 
2025-05-20 10:13:54,798 [ERROR] LogOutputStream:75 - [STDERR_REDIRECT] [Fatal Error] :1:1: Premature end of file.
2025-05-20 10:13:54,798 [ERROR] LogOutputStream:75 - [STDERR_REDIRECT] 
2025-05-20 10:13:55,788 [ERROR] LogOutputStream:75 - [STDERR_REDIRECT] [Fatal Error] :1:1: Premature end of file.
2025-05-20 10:13:55,789 [ERROR] LogOutputStream:75 - [STDERR_REDIRECT] 
2025-05-20 10:13:56,789 [ERROR] LogOutputStream:75 - [STDERR_REDIRECT] [Fatal Error] :1:1: Premature end of file.
2025-05-20 10:13:56,789 [ERROR] LogOutputStream:75 - [STDERR_REDIRECT] 
2025-05-20 10:13:57,789 [ERROR] LogOutputStream:75 - [STDERR_REDIRECT] [Fatal Error] :1:1: Premature end of file.
2025-05-20 10:13:57,790 [ERROR] LogOutputStream:75 - [STDERR_REDIRECT] 
2025-05-20 10:13:58,794 [ERROR] LogOutputStream:75 - [STDERR_REDIRECT] [Fatal Error] :1:1: Premature end of file.
2025-05-20 10:13:58,795 [ERROR] LogOutputStream:75 - [STDERR_REDIRECT] 
2025-05-20 10:13:59,790 [ERROR] LogOutputStream:75 - [STDERR_REDIRECT] [Fatal Error] :1:1: Premature end of file.
2025-05-20 10:13:59,790 [ERROR] LogOutputStream:75 - [STDERR_REDIRECT] 
2025-05-20 10:14:00,790 [ERROR] LogOutputStream:75 - [STDERR_REDIRECT] [Fatal Error] :1:1: Premature end of file.
2025-05-20 10:14:00,790 [ERROR] LogOutputStream:75 - [STDERR_REDIRECT] 
2025-05-20 10:14:01,799 [ERROR] LogOutputStream:75 - [STDERR_REDIRECT] [Fatal Error] :1:1: Premature end of file.
2025-05-20 10:14:01,800 [ERROR] LogOutputStream:75 - [STDERR_REDIRECT] 
2025-05-20 10:14:02,795 [ERROR] LogOutputStream:75 - [STDERR_REDIRECT] [Fatal Error] :1:1: Premature end of file.
2025-05-20 10:14:02,796 [ERROR] LogOutputStream:75 - [STDERR_REDIRECT] 
2025-05-20 10:14:03,801 [ERROR] LogOutputStream:75 - [STDERR_REDIRECT] [Fatal Error] :1:1: Premature end of file.
2025-05-20 10:14:03,801 [ERROR] LogOutputStream:75 - [STDERR_REDIRECT] 
2025-05-20 10:14:04,785 [ERROR] LogOutputStream:75 - [STDERR_REDIRECT] [Fatal Error] :1:1: Premature end of file.
2025-05-20 10:14:04,786 [ERROR] LogOutputStream:75 - [STDERR_REDIRECT] 
2025-05-20 10:14:05,797 [ERROR] LogOutputStream:75 - [STDERR_REDIRECT] [Fatal Error] :1:1: Premature end of file.
2025-05-20 10:14:05,797 [ERROR] LogOutputStream:75 - [STDERR_REDIRECT] 
2025-05-20 10:14:06,789 [ERROR] LogOutputStream:75 - [STDERR_REDIRECT] [Fatal Error] :1:1: Premature end of file.
2025-05-20 10:14:06,789 [ERROR] LogOutputStream:75 - [STDERR_REDIRECT] 
2025-05-20 10:14:07,789 [ERROR] LogOutputStream:75 - [STDERR_REDIRECT] [Fatal Error] :1:1: Premature end of file.
2025-05-20 10:14:07,789 [ERROR] LogOutputStream:75 - [STDERR_REDIRECT] 
2025-05-20 10:14:08,791 [ERROR] LogOutputStream:75 - [STDERR_REDIRECT] [Fatal Error] :1:1: Premature end of file.
2025-05-20 10:14:08,791 [ERROR] LogOutputStream:75 - [STDERR_REDIRECT] 
2025-05-20 10:14:09,800 [ERROR] LogOutputStream:75 - [STDERR_REDIRECT] [Fatal Error] :1:1: Premature end of file.
2025-05-20 10:14:09,800 [ERROR] LogOutputStream:75 - [STDERR_REDIRECT] 
2025-05-20 10:14:10,799 [ERROR] LogOutputStream:75 - [STDERR_REDIRECT] [Fatal Error] :1:1: Premature end of file.
2025-05-20 10:14:10,799 [ERROR] LogOutputStream:75 - [STDERR_REDIRECT] 
2025-05-20 10:14:11,805 [ERROR] LogOutputStream:75 - [STDERR_REDIRECT] [Fatal Error] :1:1: Premature end of file.
2025-05-20 10:14:11,805 [ERROR] LogOutputStream:75 - [STDERR_REDIRECT] 
2025-05-20 10:14:12,781 [ERROR] LogOutputStream:75 - [STDERR_REDIRECT] [Fatal Error] :1:1: Premature end of file.
2025-05-20 10:14:12,781 [ERROR] LogOutputStream:75 - [STDERR_REDIRECT] 
2025-05-20 10:14:13,788 [ERROR] LogOutputStream:75 - [STDERR_REDIRECT] [Fatal Error] :1:1: Premature end of file.
2025-05-20 10:14:13,788 [ERROR] LogOutputStream:75 - [STDERR_REDIRECT] 
2025-05-20 10:14:14,776 [ERROR] LogOutputStream:75 - [STDERR_REDIRECT] [Fatal Error] :1:1: Premature end of file.
2025-05-20 10:14:14,776 [ERROR] LogOutputStream:75 - [STDERR_REDIRECT] 
2025-05-20 10:14:15,783 [ERROR] LogOutputStream:75 - [STDERR_REDIRECT] [Fatal Error] :1:1: Premature end of file.
2025-05-20 10:14:15,783 [ERROR] LogOutputStream:75 - [STDERR_REDIRECT] 
2025-05-20 10:14:16,784 [ERROR] LogOutputStream:75 - [STDERR_REDIRECT] [Fatal Error] :1:1: Premature end of file.
2025-05-20 10:14:16,785 [ERROR] LogOutputStream:75 - [STDERR_REDIRECT] 
2025-05-20 10:14:17,783 [ERROR] LogOutputStream:75 - [STDERR_REDIRECT] [Fatal Error] :1:1: Premature end of file.
2025-05-20 10:14:17,783 [ERROR] LogOutputStream:75 - [STDERR_REDIRECT] 
2025-05-20 10:14:18,787 [ERROR] LogOutputStream:75 - [STDERR_REDIRECT] [Fatal Error] :1:1: Premature end of file.
2025-05-20 10:14:18,787 [ERROR] LogOutputStream:75 - [STDERR_REDIRECT] 
2025-05-20 10:14:19,775 [ERROR] LogOutputStream:75 - [STDERR_REDIRECT] [Fatal Error] :1:1: Premature end of file.
2025-05-20 10:14:19,775 [ERROR] LogOutputStream:75 - [STDERR_REDIRECT] 
2025-05-20 10:14:20,775 [ERROR] LogOutputStream:75 - [STDERR_REDIRECT] [Fatal Error] :1:1: Premature end of file.
2025-05-20 10:14:20,775 [ERROR] LogOutputStream:75 - [STDERR_REDIRECT] 
2025-05-20 10:14:21,777 [ERROR] LogOutputStream:75 - [STDERR_REDIRECT] [Fatal Error] :1:1: Premature end of file.
2025-05-20 10:14:21,777 [ERROR] LogOutputStream:75 - [STDERR_REDIRECT] 
2025-05-20 10:14:22,784 [ERROR] LogOutputStream:75 - [STDERR_REDIRECT] [Fatal Error] :1:1: Premature end of file.
2025-05-20 10:14:22,784 [ERROR] LogOutputStream:75 - [STDERR_REDIRECT] 
2025-05-20 10:14:23,777 [ERROR] LogOutputStream:75 - [STDERR_REDIRECT] [Fatal Error] :1:1: Premature end of file.
2025-05-20 10:14:23,777 [ERROR] LogOutputStream:75 - [STDERR_REDIRECT] 
2025-05-20 10:14:24,773 [ERROR] LogOutputStream:75 - [STDERR_REDIRECT] [Fatal Error] :1:1: Premature end of file.
2025-05-20 10:14:24,773 [ERROR] LogOutputStream:75 - [STDERR_REDIRECT] 
2025-05-20 10:14:25,773 [ERROR] LogOutputStream:75 - [STDERR_REDIRECT] [Fatal Error] :1:1: Premature end of file.
2025-05-20 10:14:25,773 [ERROR] LogOutputStream:75 - [STDERR_REDIRECT] 
2025-05-20 10:14:26,776 [ERROR] LogOutputStream:75 - [STDERR_REDIRECT] [Fatal Error] :1:1: Premature end of file.
2025-05-20 10:14:26,776 [ERROR] LogOutputStream:75 - [STDERR_REDIRECT] 
2025-05-20 10:14:27,782 [ERROR] LogOutputStream:75 - [STDERR_REDIRECT] [Fatal Error] :1:1: Premature end of file.
2025-05-20 10:14:27,782 [ERROR] LogOutputStream:75 - [STDERR_REDIRECT] 
2025-05-20 10:14:28,762 [ERROR] LogOutputStream:75 - [STDERR_REDIRECT] [Fatal Error] :1:1: Premature end of file.
2025-05-20 10:14:28,762 [ERROR] LogOutputStream:75 - [STDERR_REDIRECT] 
2025-05-20 10:14:29,764 [ERROR] LogOutputStream:75 - [STDERR_REDIRECT] [Fatal Error] :1:1: Premature end of file.
2025-05-20 10:14:29,764 [ERROR] LogOutputStream:75 - [STDERR_REDIRECT] 
2025-05-20 10:14:30,773 [ERROR] LogOutputStream:75 - [STDERR_REDIRECT] [Fatal Error] :1:1: Premature end of file.
2025-05-20 10:14:30,773 [ERROR] LogOutputStream:75 - [STDERR_REDIRECT] 
2025-05-20 10:14:31,378 [WARN] BspModel:444 - BSP dependency skipped because of component: name='IOExpander', api='Unknown'
2025-05-20 10:14:31,778 [ERROR] LogOutputStream:75 - [STDERR_REDIRECT] [Fatal Error] :1:1: Premature end of file.
2025-05-20 10:14:31,778 [ERROR] LogOutputStream:75 - [STDERR_REDIRECT] 
2025-05-20 10:14:32,772 [ERROR] LogOutputStream:75 - [STDERR_REDIRECT] [Fatal Error] :1:1: Premature end of file.
2025-05-20 10:14:32,772 [ERROR] LogOutputStream:75 - [STDERR_REDIRECT] 
2025-05-20 10:14:33,775 [ERROR] LogOutputStream:75 - [STDERR_REDIRECT] [Fatal Error] :1:1: Premature end of file.
2025-05-20 10:14:33,775 [ERROR] LogOutputStream:75 - [STDERR_REDIRECT] 
2025-05-20 10:14:34,766 [ERROR] LogOutputStream:75 - [STDERR_REDIRECT] [Fatal Error] :1:1: Premature end of file.
2025-05-20 10:14:34,766 [ERROR] LogOutputStream:75 - [STDERR_REDIRECT] 
2025-05-20 10:14:35,769 [ERROR] LogOutputStream:75 - [STDERR_REDIRECT] [Fatal Error] :1:1: Premature end of file.
2025-05-20 10:14:35,769 [ERROR] LogOutputStream:75 - [STDERR_REDIRECT] 
2025-05-20 10:14:36,765 [ERROR] LogOutputStream:75 - [STDERR_REDIRECT] [Fatal Error] :1:1: Premature end of file.
2025-05-20 10:14:36,767 [ERROR] LogOutputStream:75 - [STDERR_REDIRECT] 
2025-05-20 10:14:37,776 [ERROR] LogOutputStream:75 - [STDERR_REDIRECT] [Fatal Error] :1:1: Premature end of file.
2025-05-20 10:14:37,776 [ERROR] LogOutputStream:75 - [STDERR_REDIRECT] 
2025-05-20 10:14:38,761 [ERROR] LogOutputStream:75 - [STDERR_REDIRECT] [Fatal Error] :1:1: Premature end of file.
2025-05-20 10:14:38,761 [ERROR] LogOutputStream:75 - [STDERR_REDIRECT] 
2025-05-20 10:14:39,766 [ERROR] LogOutputStream:75 - [STDERR_REDIRECT] [Fatal Error] :1:1: Premature end of file.
2025-05-20 10:14:39,766 [ERROR] LogOutputStream:75 - [STDERR_REDIRECT] 
2025-05-20 10:14:40,776 [ERROR] LogOutputStream:75 - [STDERR_REDIRECT] [Fatal Error] :1:1: Premature end of file.
2025-05-20 10:14:40,776 [ERROR] LogOutputStream:75 - [STDERR_REDIRECT] 
2025-05-20 10:14:41,767 [ERROR] LogOutputStream:75 - [STDERR_REDIRECT] [Fatal Error] :1:1: Premature end of file.
2025-05-20 10:14:41,767 [ERROR] LogOutputStream:75 - [STDERR_REDIRECT] 
2025-05-20 10:14:42,527 [WARN] BspModel:444 - BSP dependency skipped because of component: name='IOExpander', api='Unknown'
2025-05-20 10:14:42,771 [ERROR] LogOutputStream:75 - [STDERR_REDIRECT] [Fatal Error] :1:1: Premature end of file.
2025-05-20 10:14:42,772 [ERROR] LogOutputStream:75 - [STDERR_REDIRECT] 
2025-05-20 10:14:43,771 [ERROR] LogOutputStream:75 - [STDERR_REDIRECT] [Fatal Error] :1:1: Premature end of file.
2025-05-20 10:14:43,771 [ERROR] LogOutputStream:75 - [STDERR_REDIRECT] 
2025-05-20 10:14:44,766 [ERROR] LogOutputStream:75 - [STDERR_REDIRECT] [Fatal Error] :1:1: Premature end of file.
2025-05-20 10:14:44,766 [ERROR] LogOutputStream:75 - [STDERR_REDIRECT] 
2025-05-20 10:14:45,209 [WARN] BspModel:444 - BSP dependency skipped because of component: name='IOExpander', api='Unknown'
2025-05-20 10:14:45,291 [WARN] BspModel:444 - BSP dependency skipped because of component: name='IOExpander', api='Unknown'
2025-05-20 10:14:45,763 [ERROR] LogOutputStream:75 - [STDERR_REDIRECT] [Fatal Error] :1:1: Premature end of file.
2025-05-20 10:14:45,763 [ERROR] LogOutputStream:75 - [STDERR_REDIRECT] 
2025-05-20 10:14:46,768 [ERROR] LogOutputStream:75 - [STDERR_REDIRECT] [Fatal Error] :1:1: Premature end of file.
2025-05-20 10:14:46,768 [ERROR] LogOutputStream:75 - [STDERR_REDIRECT] 
2025-05-20 10:14:47,773 [ERROR] LogOutputStream:75 - [STDERR_REDIRECT] [Fatal Error] :1:1: Premature end of file.
2025-05-20 10:14:47,773 [ERROR] LogOutputStream:75 - [STDERR_REDIRECT] 
2025-05-20 10:14:48,772 [ERROR] LogOutputStream:75 - [STDERR_REDIRECT] [Fatal Error] :1:1: Premature end of file.
2025-05-20 10:14:48,772 [ERROR] LogOutputStream:75 - [STDERR_REDIRECT] 
2025-05-20 10:14:49,770 [ERROR] LogOutputStream:75 - [STDERR_REDIRECT] [Fatal Error] :1:1: Premature end of file.
2025-05-20 10:14:49,770 [ERROR] LogOutputStream:75 - [STDERR_REDIRECT] 
2025-05-20 10:14:50,770 [ERROR] LogOutputStream:75 - [STDERR_REDIRECT] [Fatal Error] :1:1: Premature end of file.
2025-05-20 10:14:50,770 [ERROR] LogOutputStream:75 - [STDERR_REDIRECT] 
2025-05-20 10:14:51,773 [ERROR] LogOutputStream:75 - [STDERR_REDIRECT] [Fatal Error] :1:1: Premature end of file.
2025-05-20 10:14:51,773 [ERROR] LogOutputStream:75 - [STDERR_REDIRECT] 
2025-05-20 10:14:52,773 [ERROR] LogOutputStream:75 - [STDERR_REDIRECT] [Fatal Error] :1:1: Premature end of file.
2025-05-20 10:14:52,773 [ERROR] LogOutputStream:75 - [STDERR_REDIRECT] 
2025-05-20 10:14:53,152 [INFO] I2sManager:658 - 9.6E7
2025-05-20 10:14:53,152 [INFO] I2sManager:195 - I2S Clock Value : 9.6E7
2025-05-20 10:14:53,152 [INFO] I2sManager:553 - AudioClock : 8000Divider : 187Odd : 1
2025-05-20 10:14:53,778 [ERROR] LogOutputStream:75 - [STDERR_REDIRECT] [Fatal Error] :1:1: Premature end of file.
2025-05-20 10:14:53,778 [ERROR] LogOutputStream:75 - [STDERR_REDIRECT] 
2025-05-20 10:14:54,766 [ERROR] LogOutputStream:75 - [STDERR_REDIRECT] [Fatal Error] :1:1: Premature end of file.
2025-05-20 10:14:54,766 [ERROR] LogOutputStream:75 - [STDERR_REDIRECT] 
2025-05-20 10:14:55,779 [ERROR] LogOutputStream:75 - [STDERR_REDIRECT] [Fatal Error] :1:1: Premature end of file.
2025-05-20 10:14:55,779 [ERROR] LogOutputStream:75 - [STDERR_REDIRECT] 
2025-05-20 10:14:56,766 [ERROR] LogOutputStream:75 - [STDERR_REDIRECT] [Fatal Error] :1:1: Premature end of file.
2025-05-20 10:14:56,766 [ERROR] LogOutputStream:75 - [STDERR_REDIRECT] 
2025-05-20 10:14:57,774 [ERROR] LogOutputStream:75 - [STDERR_REDIRECT] [Fatal Error] :1:1: Premature end of file.
2025-05-20 10:14:57,774 [ERROR] LogOutputStream:75 - [STDERR_REDIRECT] 
2025-05-20 10:14:58,772 [ERROR] LogOutputStream:75 - [STDERR_REDIRECT] [Fatal Error] :1:1: Premature end of file.
2025-05-20 10:14:58,772 [ERROR] LogOutputStream:75 - [STDERR_REDIRECT] 
2025-05-20 10:14:59,773 [ERROR] LogOutputStream:75 - [STDERR_REDIRECT] [Fatal Error] :1:1: Premature end of file.
2025-05-20 10:14:59,773 [ERROR] LogOutputStream:75 - [STDERR_REDIRECT] 
2025-05-20 10:15:00,779 [ERROR] LogOutputStream:75 - [STDERR_REDIRECT] [Fatal Error] :1:1: Premature end of file.
2025-05-20 10:15:00,779 [ERROR] LogOutputStream:75 - [STDERR_REDIRECT] 
2025-05-20 10:15:01,781 [ERROR] LogOutputStream:75 - [STDERR_REDIRECT] [Fatal Error] :1:1: Premature end of file.
2025-05-20 10:15:01,781 [ERROR] LogOutputStream:75 - [STDERR_REDIRECT] 
2025-05-20 10:15:02,780 [ERROR] LogOutputStream:75 - [STDERR_REDIRECT] [Fatal Error] :1:1: Premature end of file.
2025-05-20 10:15:02,780 [ERROR] LogOutputStream:75 - [STDERR_REDIRECT] 
2025-05-20 10:15:03,774 [ERROR] LogOutputStream:75 - [STDERR_REDIRECT] [Fatal Error] :1:1: Premature end of file.
2025-05-20 10:15:03,774 [ERROR] LogOutputStream:75 - [STDERR_REDIRECT] 
2025-05-20 10:15:04,773 [ERROR] LogOutputStream:75 - [STDERR_REDIRECT] [Fatal Error] :1:1: Premature end of file.
2025-05-20 10:15:04,773 [ERROR] LogOutputStream:75 - [STDERR_REDIRECT] 
2025-05-20 10:15:05,774 [ERROR] LogOutputStream:75 - [STDERR_REDIRECT] [Fatal Error] :1:1: Premature end of file.
2025-05-20 10:15:05,774 [ERROR] LogOutputStream:75 - [STDERR_REDIRECT] 
2025-05-20 10:15:06,775 [ERROR] LogOutputStream:75 - [STDERR_REDIRECT] [Fatal Error] :1:1: Premature end of file.
2025-05-20 10:15:06,775 [ERROR] LogOutputStream:75 - [STDERR_REDIRECT] 
2025-05-20 10:15:07,776 [ERROR] LogOutputStream:75 - [STDERR_REDIRECT] [Fatal Error] :1:1: Premature end of file.
2025-05-20 10:15:07,776 [ERROR] LogOutputStream:75 - [STDERR_REDIRECT] 
2025-05-20 10:15:08,775 [ERROR] LogOutputStream:75 - [STDERR_REDIRECT] [Fatal Error] :1:1: Premature end of file.
2025-05-20 10:15:08,775 [ERROR] LogOutputStream:75 - [STDERR_REDIRECT] 
2025-05-20 10:15:09,773 [ERROR] LogOutputStream:75 - [STDERR_REDIRECT] [Fatal Error] :1:1: Premature end of file.
2025-05-20 10:15:09,773 [ERROR] LogOutputStream:75 - [STDERR_REDIRECT] 
2025-05-20 10:15:10,778 [ERROR] LogOutputStream:75 - [STDERR_REDIRECT] [Fatal Error] :1:1: Premature end of file.
2025-05-20 10:15:10,778 [ERROR] LogOutputStream:75 - [STDERR_REDIRECT] 
2025-05-20 10:15:11,789 [ERROR] LogOutputStream:75 - [STDERR_REDIRECT] [Fatal Error] :1:1: Premature end of file.
2025-05-20 10:15:11,789 [ERROR] LogOutputStream:75 - [STDERR_REDIRECT] 
2025-05-20 10:15:12,785 [ERROR] LogOutputStream:75 - [STDERR_REDIRECT] [Fatal Error] :1:1: Premature end of file.
2025-05-20 10:15:12,785 [ERROR] LogOutputStream:75 - [STDERR_REDIRECT] 
2025-05-20 10:15:13,785 [ERROR] LogOutputStream:75 - [STDERR_REDIRECT] [Fatal Error] :1:1: Premature end of file.
2025-05-20 10:15:13,785 [ERROR] LogOutputStream:75 - [STDERR_REDIRECT] 
2025-05-20 10:15:14,777 [ERROR] LogOutputStream:75 - [STDERR_REDIRECT] [Fatal Error] :1:1: Premature end of file.
2025-05-20 10:15:14,777 [ERROR] LogOutputStream:75 - [STDERR_REDIRECT] 
2025-05-20 10:15:15,775 [ERROR] LogOutputStream:75 - [STDERR_REDIRECT] [Fatal Error] :1:1: Premature end of file.
2025-05-20 10:15:15,775 [ERROR] LogOutputStream:75 - [STDERR_REDIRECT] 
2025-05-20 10:15:16,784 [ERROR] LogOutputStream:75 - [STDERR_REDIRECT] [Fatal Error] :1:1: Premature end of file.
2025-05-20 10:15:16,784 [ERROR] LogOutputStream:75 - [STDERR_REDIRECT] 
2025-05-20 10:15:17,784 [ERROR] LogOutputStream:75 - [STDERR_REDIRECT] [Fatal Error] :1:1: Premature end of file.
2025-05-20 10:15:17,784 [ERROR] LogOutputStream:75 - [STDERR_REDIRECT] 
2025-05-20 10:15:18,782 [ERROR] LogOutputStream:75 - [STDERR_REDIRECT] [Fatal Error] :1:1: Premature end of file.
2025-05-20 10:15:18,782 [ERROR] LogOutputStream:75 - [STDERR_REDIRECT] 
2025-05-20 10:15:19,777 [ERROR] LogOutputStream:75 - [STDERR_REDIRECT] [Fatal Error] :1:1: Premature end of file.
2025-05-20 10:15:19,777 [ERROR] LogOutputStream:75 - [STDERR_REDIRECT] 
2025-05-20 10:15:20,769 [ERROR] LogOutputStream:75 - [STDERR_REDIRECT] [Fatal Error] :1:1: Premature end of file.
2025-05-20 10:15:20,769 [ERROR] LogOutputStream:75 - [STDERR_REDIRECT] 
2025-05-20 10:15:21,478 [INFO] UtilMem:75 - End SaveConfig() Used Memory: 545914088 Bytes (993001472)
2025-05-20 10:15:21,569 [INFO] UtilMem:75 - End SaveConfig() Used Memory: 566385544 Bytes (993001472)
2025-05-20 10:15:21,775 [ERROR] LogOutputStream:75 - [STDERR_REDIRECT] [Fatal Error] :1:1: Premature end of file.
2025-05-20 10:15:21,775 [ERROR] LogOutputStream:75 - [STDERR_REDIRECT] 
2025-05-20 10:15:22,062 [INFO] UtilMem:75 - End SaveConfig() Used Memory: 604108008 Bytes (993001472)
2025-05-20 10:15:22,234 [INFO] BlockDiagram:2775 - set Specific Code input for plugin: SPI
2025-05-20 10:15:22,234 [INFO] BlockDiagram:2775 - set Specific Code input for plugin: TIM1_8
2025-05-20 10:15:22,234 [INFO] BlockDiagram:2775 - set Specific Code input for plugin: TIM1_8
2025-05-20 10:15:22,234 [INFO] BlockDiagram:2775 - set Specific Code input for plugin: I2S
2025-05-20 10:15:22,234 [INFO] BlockDiagram:2775 - set Specific Code input for plugin: SYS
2025-05-20 10:15:22,234 [INFO] BlockDiagram:2775 - set Specific Code input for plugin: ADC
2025-05-20 10:15:22,235 [INFO] BlockDiagram:2775 - set Specific Code input for plugin: RCC
2025-05-20 10:15:22,235 [INFO] BlockDiagram:2775 - set Specific Code input for plugin: I2C
2025-05-20 10:15:22,235 [INFO] BlockDiagram:2775 - set Specific Code input for plugin: USB_OTG_FS
2025-05-20 10:15:22,236 [INFO] BlockDiagram:2775 - set Specific Code input for plugin: NVIC
2025-05-20 10:15:22,236 [INFO] BlockDiagram:2775 - set Specific Code input for plugin: USB_HOST
2025-05-20 10:15:22,236 [INFO] BlockDiagram:2775 - set Specific Code input for plugin: DMA
2025-05-20 10:15:22,236 [INFO] BlockDiagram:2775 - set Specific Code input for plugin: DAC
2025-05-20 10:15:22,236 [INFO] BlockDiagram:2775 - set Specific Code input for plugin: GPIO
2025-05-20 10:15:22,237 [INFO] CodeGenerator:882 - code generatio: config db path: C:\ST\STM32CubeIDE_1.18.0\STM32CubeIDE\plugins\com.st.stm32cube.common.mx_6.14.1.202504091515\\db\
2025-05-20 10:15:22,249 [WARN] IP:2250 - I2C_Coeff_DF not found: check if there is a RefParameter without a condition.
2025-05-20 10:15:22,249 [WARN] IP:2250 - Analog_Filter not found: check if there is a RefParameter without a condition.
2025-05-20 10:15:22,310 [INFO] CodeEngine:263 - oldGeneratedFile, C:\Users\hamdo\Desktop\E_SYSTEMS\STM-CUBE-IDE\STM32407G_MotorControllerChallenge\MXTmpFiles\license.tmp_save
2025-05-20 10:15:22,511 [INFO] CodeEngine:287 - Generated code: C:\Users\hamdo\Desktop\E_SYSTEMS\STM-CUBE-IDE\STM32407G_MotorControllerChallenge\MXTmpFiles\license.tmp
2025-05-20 10:15:22,549 [INFO] CodeEngine:263 - oldGeneratedFile, C:\Users\hamdo\Desktop\E_SYSTEMS\STM-CUBE-IDE\STM32407G_MotorControllerChallenge\MXTmpFiles\gpio.tmp_save
2025-05-20 10:15:22,638 [INFO] CodeEngine:287 - Generated code: C:\Users\hamdo\Desktop\E_SYSTEMS\STM-CUBE-IDE\STM32407G_MotorControllerChallenge\MXTmpFiles\gpio.tmp
2025-05-20 10:15:22,698 [WARN] IPConfigManager:3217 - Warning: the RefConfig PWREx_EnableUSBVoltageDetector is not available in your config.xml file
2025-05-20 10:15:22,705 [INFO] CodeEngine:263 - oldGeneratedFile, C:\Users\hamdo\Desktop\E_SYSTEMS\STM-CUBE-IDE\STM32407G_MotorControllerChallenge\MXTmpFiles\usb_otg_fs_vars.tmp_save
2025-05-20 10:15:22,766 [INFO] CodeEngine:287 - Generated code: C:\Users\hamdo\Desktop\E_SYSTEMS\STM-CUBE-IDE\STM32407G_MotorControllerChallenge\MXTmpFiles\usb_otg_fs_vars.tmp
2025-05-20 10:15:22,769 [INFO] CodeEngine:263 - oldGeneratedFile, C:\Users\hamdo\Desktop\E_SYSTEMS\STM-CUBE-IDE\STM32407G_MotorControllerChallenge\MXTmpFiles\usb_otg_fs_inc.tmp_save
2025-05-20 10:15:22,772 [ERROR] LogOutputStream:75 - [STDERR_REDIRECT] [Fatal Error] :1:1: Premature end of file.
2025-05-20 10:15:22,773 [ERROR] LogOutputStream:75 - [STDERR_REDIRECT] 
2025-05-20 10:15:22,809 [INFO] CodeEngine:287 - Generated code: C:\Users\hamdo\Desktop\E_SYSTEMS\STM-CUBE-IDE\STM32407G_MotorControllerChallenge\MXTmpFiles\usb_otg_fs_inc.tmp
2025-05-20 10:15:22,813 [INFO] CodeEngine:263 - oldGeneratedFile, C:\Users\hamdo\Desktop\E_SYSTEMS\STM-CUBE-IDE\STM32407G_MotorControllerChallenge\MXTmpFiles\usb_otg_fs_HalInit.tmp_save
2025-05-20 10:15:22,869 [INFO] CodeEngine:287 - Generated code: C:\Users\hamdo\Desktop\E_SYSTEMS\STM-CUBE-IDE\STM32407G_MotorControllerChallenge\MXTmpFiles\usb_otg_fs_HalInit.tmp
2025-05-20 10:15:22,872 [INFO] CodeEngine:263 - oldGeneratedFile, C:\Users\hamdo\Desktop\E_SYSTEMS\STM-CUBE-IDE\STM32407G_MotorControllerChallenge\MXTmpFiles\usb_otg_fs_Msp.tmp_save
2025-05-20 10:15:22,932 [INFO] CodeEngine:287 - Generated code: C:\Users\hamdo\Desktop\E_SYSTEMS\STM-CUBE-IDE\STM32407G_MotorControllerChallenge\MXTmpFiles\usb_otg_fs_Msp.tmp
2025-05-20 10:15:23,232 [INFO] CodeEngine:263 - oldGeneratedFile, C:\Users\hamdo\Desktop\E_SYSTEMS\STM-CUBE-IDE\STM32407G_MotorControllerChallenge\MXTmpFiles\dma.tmp_save
2025-05-20 10:15:23,277 [INFO] CodeEngine:287 - Generated code: C:\Users\hamdo\Desktop\E_SYSTEMS\STM-CUBE-IDE\STM32407G_MotorControllerChallenge\MXTmpFiles\dma.tmp
2025-05-20 10:15:23,281 [INFO] CodeEngine:263 - oldGeneratedFile, C:\Users\hamdo\Desktop\E_SYSTEMS\STM-CUBE-IDE\STM32407G_MotorControllerChallenge\MXTmpFiles\dma_GV.tmp_save
2025-05-20 10:15:23,319 [INFO] CodeEngine:287 - Generated code: C:\Users\hamdo\Desktop\E_SYSTEMS\STM-CUBE-IDE\STM32407G_MotorControllerChallenge\MXTmpFiles\dma_GV.tmp
2025-05-20 10:15:23,340 [INFO] CodeEngine:263 - oldGeneratedFile, C:\Users\hamdo\Desktop\E_SYSTEMS\STM-CUBE-IDE\STM32407G_MotorControllerChallenge\USB_HOST\App\usb_host.c_save
2025-05-20 10:15:23,391 [INFO] CodeEngine:287 - Generated code: C:\Users\hamdo\Desktop\E_SYSTEMS\STM-CUBE-IDE\STM32407G_MotorControllerChallenge\USB_HOST\App\usb_host.c
2025-05-20 10:15:23,398 [INFO] CodeEngine:263 - oldGeneratedFile, C:\Users\hamdo\Desktop\E_SYSTEMS\STM-CUBE-IDE\STM32407G_MotorControllerChallenge\USB_HOST\App\usb_host.h_save
2025-05-20 10:15:23,456 [INFO] CodeEngine:287 - Generated code: C:\Users\hamdo\Desktop\E_SYSTEMS\STM-CUBE-IDE\STM32407G_MotorControllerChallenge\USB_HOST\App\usb_host.h
2025-05-20 10:15:23,460 [INFO] CodeEngine:263 - oldGeneratedFile, C:\Users\hamdo\Desktop\E_SYSTEMS\STM-CUBE-IDE\STM32407G_MotorControllerChallenge\USB_HOST\Target\usbh_conf.h_save
2025-05-20 10:15:23,507 [INFO] CodeEngine:287 - Generated code: C:\Users\hamdo\Desktop\E_SYSTEMS\STM-CUBE-IDE\STM32407G_MotorControllerChallenge\USB_HOST\Target\usbh_conf.h
2025-05-20 10:15:23,511 [INFO] CodeEngine:263 - oldGeneratedFile, C:\Users\hamdo\Desktop\E_SYSTEMS\STM-CUBE-IDE\STM32407G_MotorControllerChallenge\USB_HOST\Target\usbh_conf.c_save
2025-05-20 10:15:23,559 [INFO] CodeEngine:287 - Generated code: C:\Users\hamdo\Desktop\E_SYSTEMS\STM-CUBE-IDE\STM32407G_MotorControllerChallenge\USB_HOST\Target\usbh_conf.c
2025-05-20 10:15:23,564 [INFO] CodeEngine:263 - oldGeneratedFile, C:\Users\hamdo\Desktop\E_SYSTEMS\STM-CUBE-IDE\STM32407G_MotorControllerChallenge\USB_HOST\Target\usbh_platform.c_save
2025-05-20 10:15:23,605 [INFO] CodeEngine:287 - Generated code: C:\Users\hamdo\Desktop\E_SYSTEMS\STM-CUBE-IDE\STM32407G_MotorControllerChallenge\USB_HOST\Target\usbh_platform.c
2025-05-20 10:15:23,609 [INFO] CodeEngine:263 - oldGeneratedFile, C:\Users\hamdo\Desktop\E_SYSTEMS\STM-CUBE-IDE\STM32407G_MotorControllerChallenge\USB_HOST\Target\usbh_platform.h_save
2025-05-20 10:15:23,649 [INFO] CodeEngine:287 - Generated code: C:\Users\hamdo\Desktop\E_SYSTEMS\STM-CUBE-IDE\STM32407G_MotorControllerChallenge\USB_HOST\Target\usbh_platform.h
2025-05-20 10:15:23,659 [INFO] CodeEngine:263 - oldGeneratedFile, C:\Users\hamdo\Desktop\E_SYSTEMS\STM-CUBE-IDE\STM32407G_MotorControllerChallenge\Core\Src\stm32f4xx_it.c_save
2025-05-20 10:15:23,784 [ERROR] LogOutputStream:75 - [STDERR_REDIRECT] [Fatal Error] :1:1: Premature end of file.
2025-05-20 10:15:23,784 [ERROR] LogOutputStream:75 - [STDERR_REDIRECT] 
2025-05-20 10:15:23,795 [INFO] CodeEngine:287 - Generated code: C:\Users\hamdo\Desktop\E_SYSTEMS\STM-CUBE-IDE\STM32407G_MotorControllerChallenge\Core\Src\stm32f4xx_it.c
2025-05-20 10:15:23,801 [INFO] CodeEngine:263 - oldGeneratedFile, C:\Users\hamdo\Desktop\E_SYSTEMS\STM-CUBE-IDE\STM32407G_MotorControllerChallenge\Core\Inc\stm32f4xx_it.h_save
2025-05-20 10:15:23,851 [INFO] CodeEngine:287 - Generated code: C:\Users\hamdo\Desktop\E_SYSTEMS\STM-CUBE-IDE\STM32407G_MotorControllerChallenge\Core\Inc\stm32f4xx_it.h
2025-05-20 10:15:23,865 [INFO] CodeEngine:263 - oldGeneratedFile, C:\Users\hamdo\Desktop\E_SYSTEMS\STM-CUBE-IDE\STM32407G_MotorControllerChallenge\Core\Src\stm32f4xx_hal_msp.c_save
2025-05-20 10:15:23,944 [INFO] CodeEngine:287 - Generated code: C:\Users\hamdo\Desktop\E_SYSTEMS\STM-CUBE-IDE\STM32407G_MotorControllerChallenge\Core\Src\stm32f4xx_hal_msp.c
2025-05-20 10:15:23,947 [INFO] CodeEngine:263 - oldGeneratedFile, C:\Users\hamdo\Desktop\E_SYSTEMS\STM-CUBE-IDE\STM32407G_MotorControllerChallenge\MXTmpFiles\system.tmp_save
2025-05-20 10:15:23,984 [INFO] CodeEngine:287 - Generated code: C:\Users\hamdo\Desktop\E_SYSTEMS\STM-CUBE-IDE\STM32407G_MotorControllerChallenge\MXTmpFiles\system.tmp
2025-05-20 10:15:23,993 [INFO] CodeEngine:319 - oldGeneratedFile, C:\Users\hamdo\Desktop\E_SYSTEMS\STM-CUBE-IDE\STM32407G_MotorControllerChallenge\Core\Inc\stm32f4xx_hal_conf.h_save
2025-05-20 10:15:24,037 [INFO] CodeEngine:343 - Generated code: C:\Users\hamdo\Desktop\E_SYSTEMS\STM-CUBE-IDE\STM32407G_MotorControllerChallenge\Core\Inc\stm32f4xx_hal_conf.h
2025-05-20 10:15:24,057 [INFO] ApiDbMcu:508 - Load IP Config File for ADC1
2025-05-20 10:15:24,059 [INFO] ApiDbMcu:508 - Load IP Config File for DAC
2025-05-20 10:15:24,066 [INFO] ApiDbMcu:508 - Load IP Config File for TIM2
2025-05-20 10:15:24,072 [INFO] ApiDbMcu:508 - Load IP Config File for TIM3
2025-05-20 10:15:24,074 [WARN] IPConfigManager:3790 - IP not found : TIM
2025-05-20 10:15:24,075 [WARN] CodeGenerator:4198 - IP not found : null
2025-05-20 10:15:24,082 [INFO] CodeEngine:263 - oldGeneratedFile, C:\Users\hamdo\Desktop\E_SYSTEMS\STM-CUBE-IDE\STM32407G_MotorControllerChallenge\Core\Inc\main.h_save
2025-05-20 10:15:24,136 [INFO] CodeEngine:287 - Generated code: C:\Users\hamdo\Desktop\E_SYSTEMS\STM-CUBE-IDE\STM32407G_MotorControllerChallenge\Core\Inc\main.h
2025-05-20 10:15:24,142 [INFO] CodeEngine:263 - oldGeneratedFile, C:\Users\hamdo\Desktop\E_SYSTEMS\STM-CUBE-IDE\STM32407G_MotorControllerChallenge\Core\Src\main.c_save
2025-05-20 10:15:24,224 [INFO] CodeEngine:287 - Generated code: C:\Users\hamdo\Desktop\E_SYSTEMS\STM-CUBE-IDE\STM32407G_MotorControllerChallenge\Core\Src\main.c
2025-05-20 10:15:24,502 [INFO] ProjectBuilder:3324 - Time for Copy HAL[1] : 193mS.
2025-05-20 10:15:24,508 [INFO] ProjectBuilder:4912 - Project Generator version: 4.6.0.1-B1
2025-05-20 10:15:24,562 [INFO] ConfigFileManager:1590 - The Die is : DIE413
2025-05-20 10:15:24,780 [ERROR] LogOutputStream:75 - [STDERR_REDIRECT] [Fatal Error] :1:1: Premature end of file.
2025-05-20 10:15:24,780 [ERROR] LogOutputStream:75 - [STDERR_REDIRECT] 
2025-05-20 10:15:25,459 [INFO] ProjectBuilder:5191 - Time for Generating toolchain IDE Files: 950mS.
2025-05-20 10:15:25,460 [INFO] ProjectBuilder:3181 - Time for Copy CMSIS : 0mS.
2025-05-20 10:15:25,479 [INFO] ProjectBuilder:3181 - Time for Copy CMSIS : 0mS.
2025-05-20 10:15:25,786 [ERROR] LogOutputStream:75 - [STDERR_REDIRECT] [Fatal Error] :1:1: Premature end of file.
2025-05-20 10:15:25,786 [ERROR] LogOutputStream:75 - [STDERR_REDIRECT] 
2025-05-20 10:15:26,770 [ERROR] LogOutputStream:75 - [STDERR_REDIRECT] [Fatal Error] :1:1: Premature end of file.
2025-05-20 10:15:26,770 [ERROR] LogOutputStream:75 - [STDERR_REDIRECT] 
2025-05-20 10:15:27,781 [ERROR] LogOutputStream:75 - [STDERR_REDIRECT] [Fatal Error] :1:1: Premature end of file.
2025-05-20 10:15:27,782 [ERROR] LogOutputStream:75 - [STDERR_REDIRECT] 
2025-05-20 10:15:28,784 [ERROR] LogOutputStream:75 - [STDERR_REDIRECT] [Fatal Error] :1:1: Premature end of file.
2025-05-20 10:15:28,785 [ERROR] LogOutputStream:75 - [STDERR_REDIRECT] 
2025-05-20 10:15:29,769 [ERROR] LogOutputStream:75 - [STDERR_REDIRECT] [Fatal Error] :1:1: Premature end of file.
2025-05-20 10:15:29,769 [ERROR] LogOutputStream:75 - [STDERR_REDIRECT] 
2025-05-20 10:15:30,767 [ERROR] LogOutputStream:75 - [STDERR_REDIRECT] [Fatal Error] :1:1: Premature end of file.
2025-05-20 10:15:30,767 [ERROR] LogOutputStream:75 - [STDERR_REDIRECT] 
2025-05-20 10:15:31,774 [ERROR] LogOutputStream:75 - [STDERR_REDIRECT] [Fatal Error] :1:1: Premature end of file.
2025-05-20 10:15:31,774 [ERROR] LogOutputStream:75 - [STDERR_REDIRECT] 
2025-05-20 10:15:32,779 [ERROR] LogOutputStream:75 - [STDERR_REDIRECT] [Fatal Error] :1:1: Premature end of file.
2025-05-20 10:15:32,779 [ERROR] LogOutputStream:75 - [STDERR_REDIRECT] 
2025-05-20 10:15:33,792 [ERROR] LogOutputStream:75 - [STDERR_REDIRECT] [Fatal Error] :1:1: Premature end of file.
2025-05-20 10:15:33,792 [ERROR] LogOutputStream:75 - [STDERR_REDIRECT] 
2025-05-20 10:15:34,783 [ERROR] LogOutputStream:75 - [STDERR_REDIRECT] [Fatal Error] :1:1: Premature end of file.
2025-05-20 10:15:34,783 [ERROR] LogOutputStream:75 - [STDERR_REDIRECT] 
2025-05-20 10:15:35,776 [ERROR] LogOutputStream:75 - [STDERR_REDIRECT] [Fatal Error] :1:1: Premature end of file.
2025-05-20 10:15:35,776 [ERROR] LogOutputStream:75 - [STDERR_REDIRECT] 
2025-05-20 10:15:36,778 [ERROR] LogOutputStream:75 - [STDERR_REDIRECT] [Fatal Error] :1:1: Premature end of file.
2025-05-20 10:15:36,778 [ERROR] LogOutputStream:75 - [STDERR_REDIRECT] 
2025-05-20 10:15:37,794 [ERROR] LogOutputStream:75 - [STDERR_REDIRECT] [Fatal Error] :1:1: Premature end of file.
2025-05-20 10:15:37,794 [ERROR] LogOutputStream:75 - [STDERR_REDIRECT] 
2025-05-20 10:15:38,772 [ERROR] LogOutputStream:75 - [STDERR_REDIRECT] [Fatal Error] :1:1: Premature end of file.
2025-05-20 10:15:38,772 [ERROR] LogOutputStream:75 - [STDERR_REDIRECT] 
2025-05-20 10:15:39,764 [ERROR] LogOutputStream:75 - [STDERR_REDIRECT] [Fatal Error] :1:1: Premature end of file.
2025-05-20 10:15:39,764 [ERROR] LogOutputStream:75 - [STDERR_REDIRECT] 
2025-05-20 10:15:40,776 [ERROR] LogOutputStream:75 - [STDERR_REDIRECT] [Fatal Error] :1:1: Premature end of file.
2025-05-20 10:15:40,776 [ERROR] LogOutputStream:75 - [STDERR_REDIRECT] 
2025-05-20 10:15:41,765 [ERROR] LogOutputStream:75 - [STDERR_REDIRECT] [Fatal Error] :1:1: Premature end of file.
2025-05-20 10:15:41,766 [ERROR] LogOutputStream:75 - [STDERR_REDIRECT] 
2025-05-20 10:15:42,779 [ERROR] LogOutputStream:75 - [STDERR_REDIRECT] [Fatal Error] :1:1: Premature end of file.
2025-05-20 10:15:42,779 [ERROR] LogOutputStream:75 - [STDERR_REDIRECT] 
2025-05-20 10:15:43,795 [ERROR] LogOutputStream:75 - [STDERR_REDIRECT] [Fatal Error] :1:1: Premature end of file.
2025-05-20 10:15:43,795 [ERROR] LogOutputStream:75 - [STDERR_REDIRECT] 
2025-05-20 10:15:44,777 [ERROR] LogOutputStream:75 - [STDERR_REDIRECT] [Fatal Error] :1:1: Premature end of file.
2025-05-20 10:15:44,777 [ERROR] LogOutputStream:75 - [STDERR_REDIRECT] 
2025-05-20 10:15:45,773 [ERROR] LogOutputStream:75 - [STDERR_REDIRECT] [Fatal Error] :1:1: Premature end of file.
2025-05-20 10:15:45,773 [ERROR] LogOutputStream:75 - [STDERR_REDIRECT] 
2025-05-20 10:15:46,771 [ERROR] LogOutputStream:75 - [STDERR_REDIRECT] [Fatal Error] :1:1: Premature end of file.
2025-05-20 10:15:46,772 [ERROR] LogOutputStream:75 - [STDERR_REDIRECT] 
2025-05-20 10:15:47,777 [ERROR] LogOutputStream:75 - [STDERR_REDIRECT] [Fatal Error] :1:1: Premature end of file.
2025-05-20 10:15:47,777 [ERROR] LogOutputStream:75 - [STDERR_REDIRECT] 
2025-05-20 10:15:48,770 [ERROR] LogOutputStream:75 - [STDERR_REDIRECT] [Fatal Error] :1:1: Premature end of file.
2025-05-20 10:15:48,770 [ERROR] LogOutputStream:75 - [STDERR_REDIRECT] 
2025-05-20 10:15:49,791 [ERROR] LogOutputStream:75 - [STDERR_REDIRECT] [Fatal Error] :1:1: Premature end of file.
2025-05-20 10:15:49,791 [ERROR] LogOutputStream:75 - [STDERR_REDIRECT] 
2025-05-20 10:15:50,782 [ERROR] LogOutputStream:75 - [STDERR_REDIRECT] [Fatal Error] :1:1: Premature end of file.
2025-05-20 10:15:50,782 [ERROR] LogOutputStream:75 - [STDERR_REDIRECT] 
2025-05-20 10:15:51,789 [ERROR] LogOutputStream:75 - [STDERR_REDIRECT] [Fatal Error] :1:1: Premature end of file.
2025-05-20 10:15:51,789 [ERROR] LogOutputStream:75 - [STDERR_REDIRECT] 
2025-05-20 10:15:52,782 [ERROR] LogOutputStream:75 - [STDERR_REDIRECT] [Fatal Error] :1:1: Premature end of file.
2025-05-20 10:15:52,782 [ERROR] LogOutputStream:75 - [STDERR_REDIRECT] 
2025-05-20 10:15:53,767 [ERROR] LogOutputStream:75 - [STDERR_REDIRECT] [Fatal Error] :1:1: Premature end of file.
2025-05-20 10:15:53,767 [ERROR] LogOutputStream:75 - [STDERR_REDIRECT] 
2025-05-20 10:15:54,776 [ERROR] LogOutputStream:75 - [STDERR_REDIRECT] [Fatal Error] :1:1: Premature end of file.
2025-05-20 10:15:54,776 [ERROR] LogOutputStream:75 - [STDERR_REDIRECT] 
2025-05-20 10:15:55,773 [ERROR] LogOutputStream:75 - [STDERR_REDIRECT] [Fatal Error] :1:1: Premature end of file.
2025-05-20 10:15:55,773 [ERROR] LogOutputStream:75 - [STDERR_REDIRECT] 
2025-05-20 10:15:56,780 [ERROR] LogOutputStream:75 - [STDERR_REDIRECT] [Fatal Error] :1:1: Premature end of file.
2025-05-20 10:15:56,780 [ERROR] LogOutputStream:75 - [STDERR_REDIRECT] 
2025-05-20 10:15:57,775 [ERROR] LogOutputStream:75 - [STDERR_REDIRECT] [Fatal Error] :1:1: Premature end of file.
2025-05-20 10:15:57,775 [ERROR] LogOutputStream:75 - [STDERR_REDIRECT] 
2025-05-20 10:15:58,782 [ERROR] LogOutputStream:75 - [STDERR_REDIRECT] [Fatal Error] :1:1: Premature end of file.
2025-05-20 10:15:58,782 [ERROR] LogOutputStream:75 - [STDERR_REDIRECT] 
2025-05-20 10:15:59,770 [ERROR] LogOutputStream:75 - [STDERR_REDIRECT] [Fatal Error] :1:1: Premature end of file.
2025-05-20 10:15:59,770 [ERROR] LogOutputStream:75 - [STDERR_REDIRECT] 
2025-05-20 10:16:00,771 [ERROR] LogOutputStream:75 - [STDERR_REDIRECT] [Fatal Error] :1:1: Premature end of file.
2025-05-20 10:16:00,771 [ERROR] LogOutputStream:75 - [STDERR_REDIRECT] 
2025-05-20 10:16:01,772 [ERROR] LogOutputStream:75 - [STDERR_REDIRECT] [Fatal Error] :1:1: Premature end of file.
2025-05-20 10:16:01,772 [ERROR] LogOutputStream:75 - [STDERR_REDIRECT] 
2025-05-20 10:16:02,765 [ERROR] LogOutputStream:75 - [STDERR_REDIRECT] [Fatal Error] :1:1: Premature end of file.
2025-05-20 10:16:02,765 [ERROR] LogOutputStream:75 - [STDERR_REDIRECT] 
2025-05-20 10:16:03,766 [ERROR] LogOutputStream:75 - [STDERR_REDIRECT] [Fatal Error] :1:1: Premature end of file.
2025-05-20 10:16:03,766 [ERROR] LogOutputStream:75 - [STDERR_REDIRECT] 
2025-05-20 10:16:04,774 [ERROR] LogOutputStream:75 - [STDERR_REDIRECT] [Fatal Error] :1:1: Premature end of file.
2025-05-20 10:16:04,774 [ERROR] LogOutputStream:75 - [STDERR_REDIRECT] 
2025-05-20 10:16:05,773 [ERROR] LogOutputStream:75 - [STDERR_REDIRECT] [Fatal Error] :1:1: Premature end of file.
2025-05-20 10:16:05,773 [ERROR] LogOutputStream:75 - [STDERR_REDIRECT] 
2025-05-20 10:16:06,774 [ERROR] LogOutputStream:75 - [STDERR_REDIRECT] [Fatal Error] :1:1: Premature end of file.
2025-05-20 10:16:06,774 [ERROR] LogOutputStream:75 - [STDERR_REDIRECT] 
2025-05-20 10:16:07,774 [ERROR] LogOutputStream:75 - [STDERR_REDIRECT] [Fatal Error] :1:1: Premature end of file.
2025-05-20 10:16:07,774 [ERROR] LogOutputStream:75 - [STDERR_REDIRECT] 
2025-05-20 10:16:08,776 [ERROR] LogOutputStream:75 - [STDERR_REDIRECT] [Fatal Error] :1:1: Premature end of file.
2025-05-20 10:16:08,776 [ERROR] LogOutputStream:75 - [STDERR_REDIRECT] 
2025-05-20 10:16:09,787 [ERROR] LogOutputStream:75 - [STDERR_REDIRECT] [Fatal Error] :1:1: Premature end of file.
2025-05-20 10:16:09,787 [ERROR] LogOutputStream:75 - [STDERR_REDIRECT] 
2025-05-20 10:16:10,769 [ERROR] LogOutputStream:75 - [STDERR_REDIRECT] [Fatal Error] :1:1: Premature end of file.
2025-05-20 10:16:10,769 [ERROR] LogOutputStream:75 - [STDERR_REDIRECT] 
2025-05-20 10:16:11,776 [ERROR] LogOutputStream:75 - [STDERR_REDIRECT] [Fatal Error] :1:1: Premature end of file.
2025-05-20 10:16:11,776 [ERROR] LogOutputStream:75 - [STDERR_REDIRECT] 
2025-05-20 10:16:12,770 [ERROR] LogOutputStream:75 - [STDERR_REDIRECT] [Fatal Error] :1:1: Premature end of file.
2025-05-20 10:16:12,770 [ERROR] LogOutputStream:75 - [STDERR_REDIRECT] 
2025-05-20 10:16:13,765 [ERROR] LogOutputStream:75 - [STDERR_REDIRECT] [Fatal Error] :1:1: Premature end of file.
2025-05-20 10:16:13,765 [ERROR] LogOutputStream:75 - [STDERR_REDIRECT] 
2025-05-20 10:16:14,773 [ERROR] LogOutputStream:75 - [STDERR_REDIRECT] [Fatal Error] :1:1: Premature end of file.
2025-05-20 10:16:14,773 [ERROR] LogOutputStream:75 - [STDERR_REDIRECT] 
2025-05-20 10:16:15,785 [ERROR] LogOutputStream:75 - [STDERR_REDIRECT] [Fatal Error] :1:1: Premature end of file.
2025-05-20 10:16:15,785 [ERROR] LogOutputStream:75 - [STDERR_REDIRECT] 
2025-05-20 10:16:16,778 [ERROR] LogOutputStream:75 - [STDERR_REDIRECT] [Fatal Error] :1:1: Premature end of file.
2025-05-20 10:16:16,778 [ERROR] LogOutputStream:75 - [STDERR_REDIRECT] 
2025-05-20 10:16:17,773 [ERROR] LogOutputStream:75 - [STDERR_REDIRECT] [Fatal Error] :1:1: Premature end of file.
2025-05-20 10:16:17,773 [ERROR] LogOutputStream:75 - [STDERR_REDIRECT] 
2025-05-20 10:16:18,768 [ERROR] LogOutputStream:75 - [STDERR_REDIRECT] [Fatal Error] :1:1: Premature end of file.
2025-05-20 10:16:18,768 [ERROR] LogOutputStream:75 - [STDERR_REDIRECT] 
2025-05-20 10:16:19,766 [ERROR] LogOutputStream:75 - [STDERR_REDIRECT] [Fatal Error] :1:1: Premature end of file.
2025-05-20 10:16:19,766 [ERROR] LogOutputStream:75 - [STDERR_REDIRECT] 
2025-05-20 10:16:20,772 [ERROR] LogOutputStream:75 - [STDERR_REDIRECT] [Fatal Error] :1:1: Premature end of file.
2025-05-20 10:16:20,772 [ERROR] LogOutputStream:75 - [STDERR_REDIRECT] 
2025-05-20 10:16:21,769 [ERROR] LogOutputStream:75 - [STDERR_REDIRECT] [Fatal Error] :1:1: Premature end of file.
2025-05-20 10:16:21,769 [ERROR] LogOutputStream:75 - [STDERR_REDIRECT] 
2025-05-20 10:16:22,774 [ERROR] LogOutputStream:75 - [STDERR_REDIRECT] [Fatal Error] :1:1: Premature end of file.
2025-05-20 10:16:22,774 [ERROR] LogOutputStream:75 - [STDERR_REDIRECT] 
2025-05-20 10:16:23,766 [ERROR] LogOutputStream:75 - [STDERR_REDIRECT] [Fatal Error] :1:1: Premature end of file.
2025-05-20 10:16:23,767 [ERROR] LogOutputStream:75 - [STDERR_REDIRECT] 
2025-05-20 10:16:24,775 [ERROR] LogOutputStream:75 - [STDERR_REDIRECT] [Fatal Error] :1:1: Premature end of file.
2025-05-20 10:16:24,775 [ERROR] LogOutputStream:75 - [STDERR_REDIRECT] 
2025-05-20 10:16:25,776 [ERROR] LogOutputStream:75 - [STDERR_REDIRECT] [Fatal Error] :1:1: Premature end of file.
2025-05-20 10:16:25,776 [ERROR] LogOutputStream:75 - [STDERR_REDIRECT] 
2025-05-20 10:16:26,769 [ERROR] LogOutputStream:75 - [STDERR_REDIRECT] [Fatal Error] :1:1: Premature end of file.
2025-05-20 10:16:26,769 [ERROR] LogOutputStream:75 - [STDERR_REDIRECT] 
2025-05-20 10:16:27,771 [ERROR] LogOutputStream:75 - [STDERR_REDIRECT] [Fatal Error] :1:1: Premature end of file.
2025-05-20 10:16:27,771 [ERROR] LogOutputStream:75 - [STDERR_REDIRECT] 
2025-05-20 10:16:28,771 [ERROR] LogOutputStream:75 - [STDERR_REDIRECT] [Fatal Error] :1:1: Premature end of file.
2025-05-20 10:16:28,771 [ERROR] LogOutputStream:75 - [STDERR_REDIRECT] 
2025-05-20 10:16:29,761 [ERROR] LogOutputStream:75 - [STDERR_REDIRECT] [Fatal Error] :1:1: Premature end of file.
2025-05-20 10:16:29,761 [ERROR] LogOutputStream:75 - [STDERR_REDIRECT] 
2025-05-20 10:16:30,789 [ERROR] LogOutputStream:75 - [STDERR_REDIRECT] [Fatal Error] :1:1: Premature end of file.
2025-05-20 10:16:30,789 [ERROR] LogOutputStream:75 - [STDERR_REDIRECT] 
2025-05-20 10:16:31,774 [ERROR] LogOutputStream:75 - [STDERR_REDIRECT] [Fatal Error] :1:1: Premature end of file.
2025-05-20 10:16:31,774 [ERROR] LogOutputStream:75 - [STDERR_REDIRECT] 
2025-05-20 10:16:32,776 [ERROR] LogOutputStream:75 - [STDERR_REDIRECT] [Fatal Error] :1:1: Premature end of file.
2025-05-20 10:16:32,776 [ERROR] LogOutputStream:75 - [STDERR_REDIRECT] 
2025-05-20 10:16:33,772 [ERROR] LogOutputStream:75 - [STDERR_REDIRECT] [Fatal Error] :1:1: Premature end of file.
2025-05-20 10:16:33,773 [ERROR] LogOutputStream:75 - [STDERR_REDIRECT] 
2025-05-20 10:16:34,771 [ERROR] LogOutputStream:75 - [STDERR_REDIRECT] [Fatal Error] :1:1: Premature end of file.
2025-05-20 10:16:34,771 [ERROR] LogOutputStream:75 - [STDERR_REDIRECT] 
2025-05-20 10:16:35,785 [ERROR] LogOutputStream:75 - [STDERR_REDIRECT] [Fatal Error] :1:1: Premature end of file.
2025-05-20 10:16:35,785 [ERROR] LogOutputStream:75 - [STDERR_REDIRECT] 
2025-05-20 10:16:36,785 [ERROR] LogOutputStream:75 - [STDERR_REDIRECT] [Fatal Error] :1:1: Premature end of file.
2025-05-20 10:16:36,785 [ERROR] LogOutputStream:75 - [STDERR_REDIRECT] 
2025-05-20 10:16:37,773 [ERROR] LogOutputStream:75 - [STDERR_REDIRECT] [Fatal Error] :1:1: Premature end of file.
2025-05-20 10:16:37,773 [ERROR] LogOutputStream:75 - [STDERR_REDIRECT] 
2025-05-20 10:16:38,779 [ERROR] LogOutputStream:75 - [STDERR_REDIRECT] [Fatal Error] :1:1: Premature end of file.
2025-05-20 10:16:38,779 [ERROR] LogOutputStream:75 - [STDERR_REDIRECT] 
2025-05-20 10:16:39,780 [ERROR] LogOutputStream:75 - [STDERR_REDIRECT] [Fatal Error] :1:1: Premature end of file.
2025-05-20 10:16:39,780 [ERROR] LogOutputStream:75 - [STDERR_REDIRECT] 
2025-05-20 10:16:40,771 [ERROR] LogOutputStream:75 - [STDERR_REDIRECT] [Fatal Error] :1:1: Premature end of file.
2025-05-20 10:16:40,771 [ERROR] LogOutputStream:75 - [STDERR_REDIRECT] 
2025-05-20 10:16:41,772 [ERROR] LogOutputStream:75 - [STDERR_REDIRECT] [Fatal Error] :1:1: Premature end of file.
2025-05-20 10:16:41,772 [ERROR] LogOutputStream:75 - [STDERR_REDIRECT] 
2025-05-20 10:16:42,793 [ERROR] LogOutputStream:75 - [STDERR_REDIRECT] [Fatal Error] :1:1: Premature end of file.
2025-05-20 10:16:42,793 [ERROR] LogOutputStream:75 - [STDERR_REDIRECT] 
2025-05-20 10:16:43,783 [ERROR] LogOutputStream:75 - [STDERR_REDIRECT] [Fatal Error] :1:1: Premature end of file.
2025-05-20 10:16:43,783 [ERROR] LogOutputStream:75 - [STDERR_REDIRECT] 
2025-05-20 10:16:44,768 [ERROR] LogOutputStream:75 - [STDERR_REDIRECT] [Fatal Error] :1:1: Premature end of file.
2025-05-20 10:16:44,768 [ERROR] LogOutputStream:75 - [STDERR_REDIRECT] 
2025-05-20 10:16:45,760 [ERROR] LogOutputStream:75 - [STDERR_REDIRECT] [Fatal Error] :1:1: Premature end of file.
2025-05-20 10:16:45,760 [ERROR] LogOutputStream:75 - [STDERR_REDIRECT] 
2025-05-20 10:16:46,766 [ERROR] LogOutputStream:75 - [STDERR_REDIRECT] [Fatal Error] :1:1: Premature end of file.
2025-05-20 10:16:46,766 [ERROR] LogOutputStream:75 - [STDERR_REDIRECT] 
2025-05-20 10:16:47,764 [ERROR] LogOutputStream:75 - [STDERR_REDIRECT] [Fatal Error] :1:1: Premature end of file.
2025-05-20 10:16:47,764 [ERROR] LogOutputStream:75 - [STDERR_REDIRECT] 
2025-05-20 10:16:48,766 [ERROR] LogOutputStream:75 - [STDERR_REDIRECT] [Fatal Error] :1:1: Premature end of file.
2025-05-20 10:16:48,766 [ERROR] LogOutputStream:75 - [STDERR_REDIRECT] 
2025-05-20 10:16:49,769 [ERROR] LogOutputStream:75 - [STDERR_REDIRECT] [Fatal Error] :1:1: Premature end of file.
2025-05-20 10:16:49,769 [ERROR] LogOutputStream:75 - [STDERR_REDIRECT] 
2025-05-20 10:16:50,785 [ERROR] LogOutputStream:75 - [STDERR_REDIRECT] [Fatal Error] :1:1: Premature end of file.
2025-05-20 10:16:50,785 [ERROR] LogOutputStream:75 - [STDERR_REDIRECT] 
2025-05-20 10:16:51,768 [ERROR] LogOutputStream:75 - [STDERR_REDIRECT] [Fatal Error] :1:1: Premature end of file.
2025-05-20 10:16:51,768 [ERROR] LogOutputStream:75 - [STDERR_REDIRECT] 
2025-05-20 10:16:52,771 [ERROR] LogOutputStream:75 - [STDERR_REDIRECT] [Fatal Error] :1:1: Premature end of file.
2025-05-20 10:16:52,771 [ERROR] LogOutputStream:75 - [STDERR_REDIRECT] 
2025-05-20 10:16:53,772 [ERROR] LogOutputStream:75 - [STDERR_REDIRECT] [Fatal Error] :1:1: Premature end of file.
2025-05-20 10:16:53,772 [ERROR] LogOutputStream:75 - [STDERR_REDIRECT] 
2025-05-20 10:16:54,762 [ERROR] LogOutputStream:75 - [STDERR_REDIRECT] [Fatal Error] :1:1: Premature end of file.
2025-05-20 10:16:54,762 [ERROR] LogOutputStream:75 - [STDERR_REDIRECT] 
2025-05-20 10:16:55,772 [ERROR] LogOutputStream:75 - [STDERR_REDIRECT] [Fatal Error] :1:1: Premature end of file.
2025-05-20 10:16:55,772 [ERROR] LogOutputStream:75 - [STDERR_REDIRECT] 
2025-05-20 10:16:56,771 [ERROR] LogOutputStream:75 - [STDERR_REDIRECT] [Fatal Error] :1:1: Premature end of file.
2025-05-20 10:16:56,771 [ERROR] LogOutputStream:75 - [STDERR_REDIRECT] 
2025-05-20 10:16:57,775 [ERROR] LogOutputStream:75 - [STDERR_REDIRECT] [Fatal Error] :1:1: Premature end of file.
2025-05-20 10:16:57,775 [ERROR] LogOutputStream:75 - [STDERR_REDIRECT] 
2025-05-20 10:16:58,771 [ERROR] LogOutputStream:75 - [STDERR_REDIRECT] [Fatal Error] :1:1: Premature end of file.
2025-05-20 10:16:58,771 [ERROR] LogOutputStream:75 - [STDERR_REDIRECT] 
2025-05-20 10:16:59,775 [ERROR] LogOutputStream:75 - [STDERR_REDIRECT] [Fatal Error] :1:1: Premature end of file.
2025-05-20 10:16:59,775 [ERROR] LogOutputStream:75 - [STDERR_REDIRECT] 
2025-05-20 10:17:00,766 [ERROR] LogOutputStream:75 - [STDERR_REDIRECT] [Fatal Error] :1:1: Premature end of file.
2025-05-20 10:17:00,766 [ERROR] LogOutputStream:75 - [STDERR_REDIRECT] 
2025-05-20 10:17:01,776 [ERROR] LogOutputStream:75 - [STDERR_REDIRECT] [Fatal Error] :1:1: Premature end of file.
2025-05-20 10:17:01,776 [ERROR] LogOutputStream:75 - [STDERR_REDIRECT] 
2025-05-20 10:17:02,773 [ERROR] LogOutputStream:75 - [STDERR_REDIRECT] [Fatal Error] :1:1: Premature end of file.
2025-05-20 10:17:02,773 [ERROR] LogOutputStream:75 - [STDERR_REDIRECT] 
2025-05-20 10:17:03,772 [ERROR] LogOutputStream:75 - [STDERR_REDIRECT] [Fatal Error] :1:1: Premature end of file.
2025-05-20 10:17:03,772 [ERROR] LogOutputStream:75 - [STDERR_REDIRECT] 
2025-05-20 10:17:04,770 [ERROR] LogOutputStream:75 - [STDERR_REDIRECT] [Fatal Error] :1:1: Premature end of file.
2025-05-20 10:17:04,770 [ERROR] LogOutputStream:75 - [STDERR_REDIRECT] 
2025-05-20 10:17:05,768 [ERROR] LogOutputStream:75 - [STDERR_REDIRECT] [Fatal Error] :1:1: Premature end of file.
2025-05-20 10:17:05,768 [ERROR] LogOutputStream:75 - [STDERR_REDIRECT] 
2025-05-20 10:17:06,765 [ERROR] LogOutputStream:75 - [STDERR_REDIRECT] [Fatal Error] :1:1: Premature end of file.
2025-05-20 10:17:06,765 [ERROR] LogOutputStream:75 - [STDERR_REDIRECT] 
2025-05-20 10:17:07,764 [ERROR] LogOutputStream:75 - [STDERR_REDIRECT] [Fatal Error] :1:1: Premature end of file.
2025-05-20 10:17:07,764 [ERROR] LogOutputStream:75 - [STDERR_REDIRECT] 
2025-05-20 10:17:08,764 [ERROR] LogOutputStream:75 - [STDERR_REDIRECT] [Fatal Error] :1:1: Premature end of file.
2025-05-20 10:17:08,764 [ERROR] LogOutputStream:75 - [STDERR_REDIRECT] 
2025-05-20 10:17:09,770 [ERROR] LogOutputStream:75 - [STDERR_REDIRECT] [Fatal Error] :1:1: Premature end of file.
2025-05-20 10:17:09,770 [ERROR] LogOutputStream:75 - [STDERR_REDIRECT] 
2025-05-20 10:17:10,777 [ERROR] LogOutputStream:75 - [STDERR_REDIRECT] [Fatal Error] :1:1: Premature end of file.
2025-05-20 10:17:10,777 [ERROR] LogOutputStream:75 - [STDERR_REDIRECT] 
2025-05-20 10:17:11,774 [ERROR] LogOutputStream:75 - [STDERR_REDIRECT] [Fatal Error] :1:1: Premature end of file.
2025-05-20 10:17:11,774 [ERROR] LogOutputStream:75 - [STDERR_REDIRECT] 
2025-05-20 10:17:12,780 [ERROR] LogOutputStream:75 - [STDERR_REDIRECT] [Fatal Error] :1:1: Premature end of file.
2025-05-20 10:17:12,780 [ERROR] LogOutputStream:75 - [STDERR_REDIRECT] 
2025-05-20 10:17:13,792 [ERROR] LogOutputStream:75 - [STDERR_REDIRECT] [Fatal Error] :1:1: Premature end of file.
2025-05-20 10:17:13,793 [ERROR] LogOutputStream:75 - [STDERR_REDIRECT] 
2025-05-20 10:17:14,793 [ERROR] LogOutputStream:75 - [STDERR_REDIRECT] [Fatal Error] :1:1: Premature end of file.
2025-05-20 10:17:14,794 [ERROR] LogOutputStream:75 - [STDERR_REDIRECT] 
2025-05-20 10:17:15,794 [ERROR] LogOutputStream:75 - [STDERR_REDIRECT] [Fatal Error] :1:1: Premature end of file.
2025-05-20 10:17:15,794 [ERROR] LogOutputStream:75 - [STDERR_REDIRECT] 
2025-05-20 10:17:16,779 [ERROR] LogOutputStream:75 - [STDERR_REDIRECT] [Fatal Error] :1:1: Premature end of file.
2025-05-20 10:17:16,779 [ERROR] LogOutputStream:75 - [STDERR_REDIRECT] 
2025-05-20 10:17:17,793 [ERROR] LogOutputStream:75 - [STDERR_REDIRECT] [Fatal Error] :1:1: Premature end of file.
2025-05-20 10:17:17,793 [ERROR] LogOutputStream:75 - [STDERR_REDIRECT] 
2025-05-20 10:17:18,796 [ERROR] LogOutputStream:75 - [STDERR_REDIRECT] [Fatal Error] :1:1: Premature end of file.
2025-05-20 10:17:18,796 [ERROR] LogOutputStream:75 - [STDERR_REDIRECT] 
2025-05-20 10:17:19,776 [ERROR] LogOutputStream:75 - [STDERR_REDIRECT] [Fatal Error] :1:1: Premature end of file.
2025-05-20 10:17:19,777 [ERROR] LogOutputStream:75 - [STDERR_REDIRECT] 
2025-05-20 10:17:20,793 [ERROR] LogOutputStream:75 - [STDERR_REDIRECT] [Fatal Error] :1:1: Premature end of file.
2025-05-20 10:17:20,793 [ERROR] LogOutputStream:75 - [STDERR_REDIRECT] 
2025-05-20 10:17:21,802 [ERROR] LogOutputStream:75 - [STDERR_REDIRECT] [Fatal Error] :1:1: Premature end of file.
2025-05-20 10:17:21,802 [ERROR] LogOutputStream:75 - [STDERR_REDIRECT] 
2025-05-20 10:17:22,785 [ERROR] LogOutputStream:75 - [STDERR_REDIRECT] [Fatal Error] :1:1: Premature end of file.
2025-05-20 10:17:22,785 [ERROR] LogOutputStream:75 - [STDERR_REDIRECT] 
2025-05-20 10:17:23,796 [ERROR] LogOutputStream:75 - [STDERR_REDIRECT] [Fatal Error] :1:1: Premature end of file.
2025-05-20 10:17:23,797 [ERROR] LogOutputStream:75 - [STDERR_REDIRECT] 
2025-05-20 10:17:24,807 [ERROR] LogOutputStream:75 - [STDERR_REDIRECT] [Fatal Error] :1:1: Premature end of file.
2025-05-20 10:17:24,807 [ERROR] LogOutputStream:75 - [STDERR_REDIRECT] 
2025-05-20 10:17:25,801 [ERROR] LogOutputStream:75 - [STDERR_REDIRECT] [Fatal Error] :1:1: Premature end of file.
2025-05-20 10:17:25,802 [ERROR] LogOutputStream:75 - [STDERR_REDIRECT] 
2025-05-20 10:17:26,791 [ERROR] LogOutputStream:75 - [STDERR_REDIRECT] [Fatal Error] :1:1: Premature end of file.
2025-05-20 10:17:26,791 [ERROR] LogOutputStream:75 - [STDERR_REDIRECT] 
2025-05-20 10:17:27,788 [ERROR] LogOutputStream:75 - [STDERR_REDIRECT] [Fatal Error] :1:1: Premature end of file.
2025-05-20 10:17:27,789 [ERROR] LogOutputStream:75 - [STDERR_REDIRECT] 
2025-05-20 10:17:28,795 [ERROR] LogOutputStream:75 - [STDERR_REDIRECT] [Fatal Error] :1:1: Premature end of file.
2025-05-20 10:17:28,795 [ERROR] LogOutputStream:75 - [STDERR_REDIRECT] 
2025-05-20 10:17:29,796 [ERROR] LogOutputStream:75 - [STDERR_REDIRECT] [Fatal Error] :1:1: Premature end of file.
2025-05-20 10:17:29,796 [ERROR] LogOutputStream:75 - [STDERR_REDIRECT] 
2025-05-20 10:17:30,803 [ERROR] LogOutputStream:75 - [STDERR_REDIRECT] [Fatal Error] :1:1: Premature end of file.
2025-05-20 10:17:30,803 [ERROR] LogOutputStream:75 - [STDERR_REDIRECT] 
2025-05-20 10:17:31,837 [ERROR] LogOutputStream:75 - [STDERR_REDIRECT] [Fatal Error] :1:1: Premature end of file.
2025-05-20 10:17:31,838 [ERROR] LogOutputStream:75 - [STDERR_REDIRECT] 
2025-05-20 10:17:32,771 [ERROR] LogOutputStream:75 - [STDERR_REDIRECT] [Fatal Error] :1:1: Premature end of file.
2025-05-20 10:17:32,771 [ERROR] LogOutputStream:75 - [STDERR_REDIRECT] 
2025-05-20 10:17:33,776 [ERROR] LogOutputStream:75 - [STDERR_REDIRECT] [Fatal Error] :1:1: Premature end of file.
2025-05-20 10:17:33,776 [ERROR] LogOutputStream:75 - [STDERR_REDIRECT] 
2025-05-20 10:17:34,779 [ERROR] LogOutputStream:75 - [STDERR_REDIRECT] [Fatal Error] :1:1: Premature end of file.
2025-05-20 10:17:34,779 [ERROR] LogOutputStream:75 - [STDERR_REDIRECT] 
2025-05-20 10:17:35,785 [ERROR] LogOutputStream:75 - [STDERR_REDIRECT] [Fatal Error] :1:1: Premature end of file.
2025-05-20 10:17:35,785 [ERROR] LogOutputStream:75 - [STDERR_REDIRECT] 
2025-05-20 10:17:36,795 [ERROR] LogOutputStream:75 - [STDERR_REDIRECT] [Fatal Error] :1:1: Premature end of file.
2025-05-20 10:17:36,795 [ERROR] LogOutputStream:75 - [STDERR_REDIRECT] 
2025-05-20 10:17:37,775 [ERROR] LogOutputStream:75 - [STDERR_REDIRECT] [Fatal Error] :1:1: Premature end of file.
2025-05-20 10:17:37,775 [ERROR] LogOutputStream:75 - [STDERR_REDIRECT] 
2025-05-20 10:17:38,777 [ERROR] LogOutputStream:75 - [STDERR_REDIRECT] [Fatal Error] :1:1: Premature end of file.
2025-05-20 10:17:38,777 [ERROR] LogOutputStream:75 - [STDERR_REDIRECT] 
2025-05-20 10:17:39,762 [ERROR] LogOutputStream:75 - [STDERR_REDIRECT] [Fatal Error] :1:1: Premature end of file.
2025-05-20 10:17:39,762 [ERROR] LogOutputStream:75 - [STDERR_REDIRECT] 
2025-05-20 10:17:40,764 [ERROR] LogOutputStream:75 - [STDERR_REDIRECT] [Fatal Error] :1:1: Premature end of file.
2025-05-20 10:17:40,764 [ERROR] LogOutputStream:75 - [STDERR_REDIRECT] 
2025-05-20 10:17:41,762 [ERROR] LogOutputStream:75 - [STDERR_REDIRECT] [Fatal Error] :1:1: Premature end of file.
2025-05-20 10:17:41,762 [ERROR] LogOutputStream:75 - [STDERR_REDIRECT] 
2025-05-20 10:17:42,772 [ERROR] LogOutputStream:75 - [STDERR_REDIRECT] [Fatal Error] :1:1: Premature end of file.
2025-05-20 10:17:42,772 [ERROR] LogOutputStream:75 - [STDERR_REDIRECT] 
2025-05-20 10:17:43,772 [ERROR] LogOutputStream:75 - [STDERR_REDIRECT] [Fatal Error] :1:1: Premature end of file.
2025-05-20 10:17:43,772 [ERROR] LogOutputStream:75 - [STDERR_REDIRECT] 
2025-05-20 10:17:44,771 [ERROR] LogOutputStream:75 - [STDERR_REDIRECT] [Fatal Error] :1:1: Premature end of file.
2025-05-20 10:17:44,771 [ERROR] LogOutputStream:75 - [STDERR_REDIRECT] 
2025-05-20 10:17:45,766 [ERROR] LogOutputStream:75 - [STDERR_REDIRECT] [Fatal Error] :1:1: Premature end of file.
2025-05-20 10:17:45,766 [ERROR] LogOutputStream:75 - [STDERR_REDIRECT] 
2025-05-20 10:17:46,768 [ERROR] LogOutputStream:75 - [STDERR_REDIRECT] [Fatal Error] :1:1: Premature end of file.
2025-05-20 10:17:46,768 [ERROR] LogOutputStream:75 - [STDERR_REDIRECT] 
2025-05-20 10:17:47,764 [ERROR] LogOutputStream:75 - [STDERR_REDIRECT] [Fatal Error] :1:1: Premature end of file.
2025-05-20 10:17:47,764 [ERROR] LogOutputStream:75 - [STDERR_REDIRECT] 
2025-05-20 10:17:48,770 [ERROR] LogOutputStream:75 - [STDERR_REDIRECT] [Fatal Error] :1:1: Premature end of file.
2025-05-20 10:17:48,770 [ERROR] LogOutputStream:75 - [STDERR_REDIRECT] 
2025-05-20 10:17:49,780 [ERROR] LogOutputStream:75 - [STDERR_REDIRECT] [Fatal Error] :1:1: Premature end of file.
2025-05-20 10:17:49,781 [ERROR] LogOutputStream:75 - [STDERR_REDIRECT] 
2025-05-20 10:17:50,763 [ERROR] LogOutputStream:75 - [STDERR_REDIRECT] [Fatal Error] :1:1: Premature end of file.
2025-05-20 10:17:50,763 [ERROR] LogOutputStream:75 - [STDERR_REDIRECT] 
2025-05-20 10:17:51,769 [ERROR] LogOutputStream:75 - [STDERR_REDIRECT] [Fatal Error] :1:1: Premature end of file.
2025-05-20 10:17:51,770 [ERROR] LogOutputStream:75 - [STDERR_REDIRECT] 
2025-05-20 10:17:52,765 [ERROR] LogOutputStream:75 - [STDERR_REDIRECT] [Fatal Error] :1:1: Premature end of file.
2025-05-20 10:17:52,765 [ERROR] LogOutputStream:75 - [STDERR_REDIRECT] 
2025-05-20 10:17:53,778 [ERROR] LogOutputStream:75 - [STDERR_REDIRECT] [Fatal Error] :1:1: Premature end of file.
2025-05-20 10:17:53,778 [ERROR] LogOutputStream:75 - [STDERR_REDIRECT] 
2025-05-20 10:17:54,779 [ERROR] LogOutputStream:75 - [STDERR_REDIRECT] [Fatal Error] :1:1: Premature end of file.
2025-05-20 10:17:54,780 [ERROR] LogOutputStream:75 - [STDERR_REDIRECT] 
2025-05-20 10:17:55,787 [ERROR] LogOutputStream:75 - [STDERR_REDIRECT] [Fatal Error] :1:1: Premature end of file.
2025-05-20 10:17:55,787 [ERROR] LogOutputStream:75 - [STDERR_REDIRECT] 
2025-05-20 10:17:56,784 [ERROR] LogOutputStream:75 - [STDERR_REDIRECT] [Fatal Error] :1:1: Premature end of file.
2025-05-20 10:17:56,784 [ERROR] LogOutputStream:75 - [STDERR_REDIRECT] 
2025-05-20 10:17:57,796 [ERROR] LogOutputStream:75 - [STDERR_REDIRECT] [Fatal Error] :1:1: Premature end of file.
2025-05-20 10:17:57,796 [ERROR] LogOutputStream:75 - [STDERR_REDIRECT] 
2025-05-20 10:17:58,778 [ERROR] LogOutputStream:75 - [STDERR_REDIRECT] [Fatal Error] :1:1: Premature end of file.
2025-05-20 10:17:58,778 [ERROR] LogOutputStream:75 - [STDERR_REDIRECT] 
2025-05-20 10:17:59,790 [ERROR] LogOutputStream:75 - [STDERR_REDIRECT] [Fatal Error] :1:1: Premature end of file.
2025-05-20 10:17:59,790 [ERROR] LogOutputStream:75 - [STDERR_REDIRECT] 
2025-05-20 10:18:00,792 [ERROR] LogOutputStream:75 - [STDERR_REDIRECT] [Fatal Error] :1:1: Premature end of file.
2025-05-20 10:18:00,792 [ERROR] LogOutputStream:75 - [STDERR_REDIRECT] 
2025-05-20 10:18:01,788 [ERROR] LogOutputStream:75 - [STDERR_REDIRECT] [Fatal Error] :1:1: Premature end of file.
2025-05-20 10:18:01,788 [ERROR] LogOutputStream:75 - [STDERR_REDIRECT] 
2025-05-20 10:18:02,782 [ERROR] LogOutputStream:75 - [STDERR_REDIRECT] [Fatal Error] :1:1: Premature end of file.
2025-05-20 10:18:02,782 [ERROR] LogOutputStream:75 - [STDERR_REDIRECT] 
2025-05-20 10:18:03,774 [ERROR] LogOutputStream:75 - [STDERR_REDIRECT] [Fatal Error] :1:1: Premature end of file.
2025-05-20 10:18:03,774 [ERROR] LogOutputStream:75 - [STDERR_REDIRECT] 
2025-05-20 10:18:04,773 [ERROR] LogOutputStream:75 - [STDERR_REDIRECT] [Fatal Error] :1:1: Premature end of file.
2025-05-20 10:18:04,773 [ERROR] LogOutputStream:75 - [STDERR_REDIRECT] 
2025-05-20 10:18:05,783 [ERROR] LogOutputStream:75 - [STDERR_REDIRECT] [Fatal Error] :1:1: Premature end of file.
2025-05-20 10:18:05,783 [ERROR] LogOutputStream:75 - [STDERR_REDIRECT] 
2025-05-20 10:18:06,785 [ERROR] LogOutputStream:75 - [STDERR_REDIRECT] [Fatal Error] :1:1: Premature end of file.
2025-05-20 10:18:06,785 [ERROR] LogOutputStream:75 - [STDERR_REDIRECT] 
2025-05-20 10:18:07,772 [ERROR] LogOutputStream:75 - [STDERR_REDIRECT] [Fatal Error] :1:1: Premature end of file.
2025-05-20 10:18:07,772 [ERROR] LogOutputStream:75 - [STDERR_REDIRECT] 
2025-05-20 10:18:08,773 [ERROR] LogOutputStream:75 - [STDERR_REDIRECT] [Fatal Error] :1:1: Premature end of file.
2025-05-20 10:18:08,773 [ERROR] LogOutputStream:75 - [STDERR_REDIRECT] 
2025-05-20 10:18:09,769 [ERROR] LogOutputStream:75 - [STDERR_REDIRECT] [Fatal Error] :1:1: Premature end of file.
2025-05-20 10:18:09,769 [ERROR] LogOutputStream:75 - [STDERR_REDIRECT] 
2025-05-20 10:18:10,761 [ERROR] LogOutputStream:75 - [STDERR_REDIRECT] [Fatal Error] :1:1: Premature end of file.
2025-05-20 10:18:10,761 [ERROR] LogOutputStream:75 - [STDERR_REDIRECT] 
2025-05-20 10:18:11,772 [ERROR] LogOutputStream:75 - [STDERR_REDIRECT] [Fatal Error] :1:1: Premature end of file.
2025-05-20 10:18:11,772 [ERROR] LogOutputStream:75 - [STDERR_REDIRECT] 
2025-05-20 10:18:12,764 [ERROR] LogOutputStream:75 - [STDERR_REDIRECT] [Fatal Error] :1:1: Premature end of file.
2025-05-20 10:18:12,764 [ERROR] LogOutputStream:75 - [STDERR_REDIRECT] 
2025-05-20 10:18:13,766 [ERROR] LogOutputStream:75 - [STDERR_REDIRECT] [Fatal Error] :1:1: Premature end of file.
2025-05-20 10:18:13,766 [ERROR] LogOutputStream:75 - [STDERR_REDIRECT] 
2025-05-20 10:18:14,765 [ERROR] LogOutputStream:75 - [STDERR_REDIRECT] [Fatal Error] :1:1: Premature end of file.
2025-05-20 10:18:14,765 [ERROR] LogOutputStream:75 - [STDERR_REDIRECT] 
2025-05-20 10:18:15,766 [ERROR] LogOutputStream:75 - [STDERR_REDIRECT] [Fatal Error] :1:1: Premature end of file.
2025-05-20 10:18:15,767 [ERROR] LogOutputStream:75 - [STDERR_REDIRECT] 
2025-05-20 10:18:16,772 [ERROR] LogOutputStream:75 - [STDERR_REDIRECT] [Fatal Error] :1:1: Premature end of file.
2025-05-20 10:18:16,773 [ERROR] LogOutputStream:75 - [STDERR_REDIRECT] 
2025-05-20 10:18:17,767 [ERROR] LogOutputStream:75 - [STDERR_REDIRECT] [Fatal Error] :1:1: Premature end of file.
2025-05-20 10:18:17,767 [ERROR] LogOutputStream:75 - [STDERR_REDIRECT] 
2025-05-20 10:18:18,766 [ERROR] LogOutputStream:75 - [STDERR_REDIRECT] [Fatal Error] :1:1: Premature end of file.
2025-05-20 10:18:18,766 [ERROR] LogOutputStream:75 - [STDERR_REDIRECT] 
2025-05-20 10:18:19,775 [ERROR] LogOutputStream:75 - [STDERR_REDIRECT] [Fatal Error] :1:1: Premature end of file.
2025-05-20 10:18:19,775 [ERROR] LogOutputStream:75 - [STDERR_REDIRECT] 
2025-05-20 10:18:20,775 [ERROR] LogOutputStream:75 - [STDERR_REDIRECT] [Fatal Error] :1:1: Premature end of file.
2025-05-20 10:18:20,775 [ERROR] LogOutputStream:75 - [STDERR_REDIRECT] 
2025-05-20 10:18:21,772 [ERROR] LogOutputStream:75 - [STDERR_REDIRECT] [Fatal Error] :1:1: Premature end of file.
2025-05-20 10:18:21,772 [ERROR] LogOutputStream:75 - [STDERR_REDIRECT] 
2025-05-20 10:18:22,772 [ERROR] LogOutputStream:75 - [STDERR_REDIRECT] [Fatal Error] :1:1: Premature end of file.
2025-05-20 10:18:22,772 [ERROR] LogOutputStream:75 - [STDERR_REDIRECT] 
2025-05-20 10:18:23,770 [ERROR] LogOutputStream:75 - [STDERR_REDIRECT] [Fatal Error] :1:1: Premature end of file.
2025-05-20 10:18:23,770 [ERROR] LogOutputStream:75 - [STDERR_REDIRECT] 
2025-05-20 10:18:24,776 [ERROR] LogOutputStream:75 - [STDERR_REDIRECT] [Fatal Error] :1:1: Premature end of file.
2025-05-20 10:18:24,776 [ERROR] LogOutputStream:75 - [STDERR_REDIRECT] 
2025-05-20 10:18:25,771 [ERROR] LogOutputStream:75 - [STDERR_REDIRECT] [Fatal Error] :1:1: Premature end of file.
2025-05-20 10:18:25,771 [ERROR] LogOutputStream:75 - [STDERR_REDIRECT] 
2025-05-20 10:18:26,768 [ERROR] LogOutputStream:75 - [STDERR_REDIRECT] [Fatal Error] :1:1: Premature end of file.
2025-05-20 10:18:26,768 [ERROR] LogOutputStream:75 - [STDERR_REDIRECT] 
2025-05-20 10:18:27,771 [ERROR] LogOutputStream:75 - [STDERR_REDIRECT] [Fatal Error] :1:1: Premature end of file.
2025-05-20 10:18:27,771 [ERROR] LogOutputStream:75 - [STDERR_REDIRECT] 
2025-05-20 10:18:28,771 [ERROR] LogOutputStream:75 - [STDERR_REDIRECT] [Fatal Error] :1:1: Premature end of file.
2025-05-20 10:18:28,771 [ERROR] LogOutputStream:75 - [STDERR_REDIRECT] 
2025-05-20 10:18:29,769 [ERROR] LogOutputStream:75 - [STDERR_REDIRECT] [Fatal Error] :1:1: Premature end of file.
2025-05-20 10:18:29,769 [ERROR] LogOutputStream:75 - [STDERR_REDIRECT] 
2025-05-20 10:18:30,776 [ERROR] LogOutputStream:75 - [STDERR_REDIRECT] [Fatal Error] :1:1: Premature end of file.
2025-05-20 10:18:30,776 [ERROR] LogOutputStream:75 - [STDERR_REDIRECT] 
2025-05-20 10:18:31,763 [ERROR] LogOutputStream:75 - [STDERR_REDIRECT] [Fatal Error] :1:1: Premature end of file.
2025-05-20 10:18:31,763 [ERROR] LogOutputStream:75 - [STDERR_REDIRECT] 
2025-05-20 10:18:32,773 [ERROR] LogOutputStream:75 - [STDERR_REDIRECT] [Fatal Error] :1:1: Premature end of file.
2025-05-20 10:18:32,773 [ERROR] LogOutputStream:75 - [STDERR_REDIRECT] 
2025-05-20 10:18:33,773 [ERROR] LogOutputStream:75 - [STDERR_REDIRECT] [Fatal Error] :1:1: Premature end of file.
2025-05-20 10:18:33,773 [ERROR] LogOutputStream:75 - [STDERR_REDIRECT] 
2025-05-20 10:18:33,901 [INFO] WebApp:194 - Connection lost
2025-05-20 10:18:34,012 [INFO] WebApp:191 - Connection restablished
2025-05-20 10:18:34,775 [ERROR] LogOutputStream:75 - [STDERR_REDIRECT] [Fatal Error] :1:1: Premature end of file.
2025-05-20 10:18:34,775 [ERROR] LogOutputStream:75 - [STDERR_REDIRECT] 
2025-05-20 10:18:35,760 [ERROR] LogOutputStream:75 - [STDERR_REDIRECT] [Fatal Error] :1:1: Premature end of file.
2025-05-20 10:18:35,760 [ERROR] LogOutputStream:75 - [STDERR_REDIRECT] 
2025-05-20 10:18:36,770 [ERROR] LogOutputStream:75 - [STDERR_REDIRECT] [Fatal Error] :1:1: Premature end of file.
2025-05-20 10:18:36,770 [ERROR] LogOutputStream:75 - [STDERR_REDIRECT] 
2025-05-20 10:18:37,770 [ERROR] LogOutputStream:75 - [STDERR_REDIRECT] [Fatal Error] :1:1: Premature end of file.
2025-05-20 10:18:37,770 [ERROR] LogOutputStream:75 - [STDERR_REDIRECT] 
2025-05-20 10:18:38,769 [ERROR] LogOutputStream:75 - [STDERR_REDIRECT] [Fatal Error] :1:1: Premature end of file.
2025-05-20 10:18:38,769 [ERROR] LogOutputStream:75 - [STDERR_REDIRECT] 
2025-05-20 10:18:39,774 [ERROR] LogOutputStream:75 - [STDERR_REDIRECT] [Fatal Error] :1:1: Premature end of file.
2025-05-20 10:18:39,774 [ERROR] LogOutputStream:75 - [STDERR_REDIRECT] 
2025-05-20 10:18:40,777 [ERROR] LogOutputStream:75 - [STDERR_REDIRECT] [Fatal Error] :1:1: Premature end of file.
2025-05-20 10:18:40,777 [ERROR] LogOutputStream:75 - [STDERR_REDIRECT] 
2025-05-20 10:18:41,768 [ERROR] LogOutputStream:75 - [STDERR_REDIRECT] [Fatal Error] :1:1: Premature end of file.
2025-05-20 10:18:41,768 [ERROR] LogOutputStream:75 - [STDERR_REDIRECT] 
2025-05-20 10:18:42,766 [ERROR] LogOutputStream:75 - [STDERR_REDIRECT] [Fatal Error] :1:1: Premature end of file.
2025-05-20 10:18:42,766 [ERROR] LogOutputStream:75 - [STDERR_REDIRECT] 
2025-05-20 10:18:43,775 [ERROR] LogOutputStream:75 - [STDERR_REDIRECT] [Fatal Error] :1:1: Premature end of file.
2025-05-20 10:18:43,775 [ERROR] LogOutputStream:75 - [STDERR_REDIRECT] 
2025-05-20 10:18:44,768 [ERROR] LogOutputStream:75 - [STDERR_REDIRECT] [Fatal Error] :1:1: Premature end of file.
2025-05-20 10:18:44,768 [ERROR] LogOutputStream:75 - [STDERR_REDIRECT] 
2025-05-20 10:18:45,774 [ERROR] LogOutputStream:75 - [STDERR_REDIRECT] [Fatal Error] :1:1: Premature end of file.
2025-05-20 10:18:45,774 [ERROR] LogOutputStream:75 - [STDERR_REDIRECT] 
2025-05-20 10:18:46,773 [ERROR] LogOutputStream:75 - [STDERR_REDIRECT] [Fatal Error] :1:1: Premature end of file.
2025-05-20 10:18:46,773 [ERROR] LogOutputStream:75 - [STDERR_REDIRECT] 
2025-05-20 10:18:47,780 [ERROR] LogOutputStream:75 - [STDERR_REDIRECT] [Fatal Error] :1:1: Premature end of file.
2025-05-20 10:18:47,780 [ERROR] LogOutputStream:75 - [STDERR_REDIRECT] 
2025-05-20 10:18:48,772 [ERROR] LogOutputStream:75 - [STDERR_REDIRECT] [Fatal Error] :1:1: Premature end of file.
2025-05-20 10:18:48,773 [ERROR] LogOutputStream:75 - [STDERR_REDIRECT] 
2025-05-20 10:18:49,787 [ERROR] LogOutputStream:75 - [STDERR_REDIRECT] [Fatal Error] :1:1: Premature end of file.
2025-05-20 10:18:49,787 [ERROR] LogOutputStream:75 - [STDERR_REDIRECT] 
2025-05-20 10:18:50,785 [ERROR] LogOutputStream:75 - [STDERR_REDIRECT] [Fatal Error] :1:1: Premature end of file.
2025-05-20 10:18:50,785 [ERROR] LogOutputStream:75 - [STDERR_REDIRECT] 
2025-05-20 10:18:51,779 [ERROR] LogOutputStream:75 - [STDERR_REDIRECT] [Fatal Error] :1:1: Premature end of file.
2025-05-20 10:18:51,779 [ERROR] LogOutputStream:75 - [STDERR_REDIRECT] 
2025-05-20 10:18:52,793 [ERROR] LogOutputStream:75 - [STDERR_REDIRECT] [Fatal Error] :1:1: Premature end of file.
2025-05-20 10:18:52,793 [ERROR] LogOutputStream:75 - [STDERR_REDIRECT] 
2025-05-20 10:18:53,775 [ERROR] LogOutputStream:75 - [STDERR_REDIRECT] [Fatal Error] :1:1: Premature end of file.
2025-05-20 10:18:53,776 [ERROR] LogOutputStream:75 - [STDERR_REDIRECT] 
2025-05-20 10:18:54,783 [ERROR] LogOutputStream:75 - [STDERR_REDIRECT] [Fatal Error] :1:1: Premature end of file.
2025-05-20 10:18:54,783 [ERROR] LogOutputStream:75 - [STDERR_REDIRECT] 
2025-05-20 10:18:55,779 [ERROR] LogOutputStream:75 - [STDERR_REDIRECT] [Fatal Error] :1:1: Premature end of file.
2025-05-20 10:18:55,779 [ERROR] LogOutputStream:75 - [STDERR_REDIRECT] 
2025-05-20 10:18:56,773 [ERROR] LogOutputStream:75 - [STDERR_REDIRECT] [Fatal Error] :1:1: Premature end of file.
2025-05-20 10:18:56,774 [ERROR] LogOutputStream:75 - [STDERR_REDIRECT] 
2025-05-20 10:18:57,767 [ERROR] LogOutputStream:75 - [STDERR_REDIRECT] [Fatal Error] :1:1: Premature end of file.
2025-05-20 10:18:57,767 [ERROR] LogOutputStream:75 - [STDERR_REDIRECT] 
2025-05-20 10:18:58,777 [ERROR] LogOutputStream:75 - [STDERR_REDIRECT] [Fatal Error] :1:1: Premature end of file.
2025-05-20 10:18:58,777 [ERROR] LogOutputStream:75 - [STDERR_REDIRECT] 
2025-05-20 10:18:59,776 [ERROR] LogOutputStream:75 - [STDERR_REDIRECT] [Fatal Error] :1:1: Premature end of file.
2025-05-20 10:18:59,776 [ERROR] LogOutputStream:75 - [STDERR_REDIRECT] 
2025-05-20 10:19:00,778 [ERROR] LogOutputStream:75 - [STDERR_REDIRECT] [Fatal Error] :1:1: Premature end of file.
2025-05-20 10:19:00,778 [ERROR] LogOutputStream:75 - [STDERR_REDIRECT] 
2025-05-20 10:19:01,778 [ERROR] LogOutputStream:75 - [STDERR_REDIRECT] [Fatal Error] :1:1: Premature end of file.
2025-05-20 10:19:01,778 [ERROR] LogOutputStream:75 - [STDERR_REDIRECT] 
2025-05-20 10:19:02,781 [ERROR] LogOutputStream:75 - [STDERR_REDIRECT] [Fatal Error] :1:1: Premature end of file.
2025-05-20 10:19:02,781 [ERROR] LogOutputStream:75 - [STDERR_REDIRECT] 
2025-05-20 10:19:03,774 [ERROR] LogOutputStream:75 - [STDERR_REDIRECT] [Fatal Error] :1:1: Premature end of file.
2025-05-20 10:19:03,774 [ERROR] LogOutputStream:75 - [STDERR_REDIRECT] 
2025-05-20 10:19:04,777 [ERROR] LogOutputStream:75 - [STDERR_REDIRECT] [Fatal Error] :1:1: Premature end of file.
2025-05-20 10:19:04,777 [ERROR] LogOutputStream:75 - [STDERR_REDIRECT] 
2025-05-20 10:19:05,770 [ERROR] LogOutputStream:75 - [STDERR_REDIRECT] [Fatal Error] :1:1: Premature end of file.
2025-05-20 10:19:05,770 [ERROR] LogOutputStream:75 - [STDERR_REDIRECT] 
2025-05-20 10:19:06,772 [ERROR] LogOutputStream:75 - [STDERR_REDIRECT] [Fatal Error] :1:1: Premature end of file.
2025-05-20 10:19:06,772 [ERROR] LogOutputStream:75 - [STDERR_REDIRECT] 
2025-05-20 10:19:07,778 [ERROR] LogOutputStream:75 - [STDERR_REDIRECT] [Fatal Error] :1:1: Premature end of file.
2025-05-20 10:19:07,778 [ERROR] LogOutputStream:75 - [STDERR_REDIRECT] 
2025-05-20 10:19:08,773 [ERROR] LogOutputStream:75 - [STDERR_REDIRECT] [Fatal Error] :1:1: Premature end of file.
2025-05-20 10:19:08,773 [ERROR] LogOutputStream:75 - [STDERR_REDIRECT] 
2025-05-20 10:19:09,773 [ERROR] LogOutputStream:75 - [STDERR_REDIRECT] [Fatal Error] :1:1: Premature end of file.
2025-05-20 10:19:09,773 [ERROR] LogOutputStream:75 - [STDERR_REDIRECT] 
2025-05-20 10:19:10,775 [ERROR] LogOutputStream:75 - [STDERR_REDIRECT] [Fatal Error] :1:1: Premature end of file.
2025-05-20 10:19:10,775 [ERROR] LogOutputStream:75 - [STDERR_REDIRECT] 
2025-05-20 10:19:11,778 [ERROR] LogOutputStream:75 - [STDERR_REDIRECT] [Fatal Error] :1:1: Premature end of file.
2025-05-20 10:19:11,778 [ERROR] LogOutputStream:75 - [STDERR_REDIRECT] 
2025-05-20 10:19:12,772 [ERROR] LogOutputStream:75 - [STDERR_REDIRECT] [Fatal Error] :1:1: Premature end of file.
2025-05-20 10:19:12,772 [ERROR] LogOutputStream:75 - [STDERR_REDIRECT] 
2025-05-20 10:19:13,774 [ERROR] LogOutputStream:75 - [STDERR_REDIRECT] [Fatal Error] :1:1: Premature end of file.
2025-05-20 10:19:13,774 [ERROR] LogOutputStream:75 - [STDERR_REDIRECT] 
2025-05-20 10:19:14,774 [ERROR] LogOutputStream:75 - [STDERR_REDIRECT] [Fatal Error] :1:1: Premature end of file.
2025-05-20 10:19:14,774 [ERROR] LogOutputStream:75 - [STDERR_REDIRECT] 
2025-05-20 10:19:15,774 [ERROR] LogOutputStream:75 - [STDERR_REDIRECT] [Fatal Error] :1:1: Premature end of file.
2025-05-20 10:19:15,774 [ERROR] LogOutputStream:75 - [STDERR_REDIRECT] 
2025-05-20 10:19:16,770 [ERROR] LogOutputStream:75 - [STDERR_REDIRECT] [Fatal Error] :1:1: Premature end of file.
2025-05-20 10:19:16,770 [ERROR] LogOutputStream:75 - [STDERR_REDIRECT] 
2025-05-20 10:19:17,778 [ERROR] LogOutputStream:75 - [STDERR_REDIRECT] [Fatal Error] :1:1: Premature end of file.
2025-05-20 10:19:17,778 [ERROR] LogOutputStream:75 - [STDERR_REDIRECT] 
2025-05-20 10:19:18,780 [ERROR] LogOutputStream:75 - [STDERR_REDIRECT] [Fatal Error] :1:1: Premature end of file.
2025-05-20 10:19:18,780 [ERROR] LogOutputStream:75 - [STDERR_REDIRECT] 
2025-05-20 10:19:19,778 [ERROR] LogOutputStream:75 - [STDERR_REDIRECT] [Fatal Error] :1:1: Premature end of file.
2025-05-20 10:19:19,778 [ERROR] LogOutputStream:75 - [STDERR_REDIRECT] 
2025-05-20 10:19:20,782 [ERROR] LogOutputStream:75 - [STDERR_REDIRECT] [Fatal Error] :1:1: Premature end of file.
2025-05-20 10:19:20,782 [ERROR] LogOutputStream:75 - [STDERR_REDIRECT] 
2025-05-20 10:19:21,778 [ERROR] LogOutputStream:75 - [STDERR_REDIRECT] [Fatal Error] :1:1: Premature end of file.
2025-05-20 10:19:21,778 [ERROR] LogOutputStream:75 - [STDERR_REDIRECT] 
2025-05-20 10:19:22,776 [ERROR] LogOutputStream:75 - [STDERR_REDIRECT] [Fatal Error] :1:1: Premature end of file.
2025-05-20 10:19:22,776 [ERROR] LogOutputStream:75 - [STDERR_REDIRECT] 
2025-05-20 10:19:23,779 [ERROR] LogOutputStream:75 - [STDERR_REDIRECT] [Fatal Error] :1:1: Premature end of file.
2025-05-20 10:19:23,779 [ERROR] LogOutputStream:75 - [STDERR_REDIRECT] 
2025-05-20 10:19:24,778 [ERROR] LogOutputStream:75 - [STDERR_REDIRECT] [Fatal Error] :1:1: Premature end of file.
2025-05-20 10:19:24,778 [ERROR] LogOutputStream:75 - [STDERR_REDIRECT] 
2025-05-20 10:19:25,781 [ERROR] LogOutputStream:75 - [STDERR_REDIRECT] [Fatal Error] :1:1: Premature end of file.
2025-05-20 10:19:25,782 [ERROR] LogOutputStream:75 - [STDERR_REDIRECT] 
2025-05-20 10:19:26,782 [ERROR] LogOutputStream:75 - [STDERR_REDIRECT] [Fatal Error] :1:1: Premature end of file.
2025-05-20 10:19:26,782 [ERROR] LogOutputStream:75 - [STDERR_REDIRECT] 
2025-05-20 10:19:27,783 [ERROR] LogOutputStream:75 - [STDERR_REDIRECT] [Fatal Error] :1:1: Premature end of file.
2025-05-20 10:19:27,783 [ERROR] LogOutputStream:75 - [STDERR_REDIRECT] 
2025-05-20 10:19:28,777 [ERROR] LogOutputStream:75 - [STDERR_REDIRECT] [Fatal Error] :1:1: Premature end of file.
2025-05-20 10:19:28,778 [ERROR] LogOutputStream:75 - [STDERR_REDIRECT] 
2025-05-20 10:19:29,785 [ERROR] LogOutputStream:75 - [STDERR_REDIRECT] [Fatal Error] :1:1: Premature end of file.
2025-05-20 10:19:29,785 [ERROR] LogOutputStream:75 - [STDERR_REDIRECT] 
2025-05-20 10:19:30,767 [ERROR] LogOutputStream:75 - [STDERR_REDIRECT] [Fatal Error] :1:1: Premature end of file.
2025-05-20 10:19:30,767 [ERROR] LogOutputStream:75 - [STDERR_REDIRECT] 
2025-05-20 10:19:31,776 [ERROR] LogOutputStream:75 - [STDERR_REDIRECT] [Fatal Error] :1:1: Premature end of file.
2025-05-20 10:19:31,776 [ERROR] LogOutputStream:75 - [STDERR_REDIRECT] 
2025-05-20 10:19:32,775 [ERROR] LogOutputStream:75 - [STDERR_REDIRECT] [Fatal Error] :1:1: Premature end of file.
2025-05-20 10:19:32,775 [ERROR] LogOutputStream:75 - [STDERR_REDIRECT] 
2025-05-20 10:19:33,779 [ERROR] LogOutputStream:75 - [STDERR_REDIRECT] [Fatal Error] :1:1: Premature end of file.
2025-05-20 10:19:33,779 [ERROR] LogOutputStream:75 - [STDERR_REDIRECT] 
2025-05-20 10:19:34,780 [ERROR] LogOutputStream:75 - [STDERR_REDIRECT] [Fatal Error] :1:1: Premature end of file.
2025-05-20 10:19:34,780 [ERROR] LogOutputStream:75 - [STDERR_REDIRECT] 
2025-05-20 10:19:35,797 [ERROR] LogOutputStream:75 - [STDERR_REDIRECT] [Fatal Error] :1:1: Premature end of file.
2025-05-20 10:19:35,797 [ERROR] LogOutputStream:75 - [STDERR_REDIRECT] 
2025-05-20 10:19:36,769 [ERROR] LogOutputStream:75 - [STDERR_REDIRECT] [Fatal Error] :1:1: Premature end of file.
2025-05-20 10:19:36,769 [ERROR] LogOutputStream:75 - [STDERR_REDIRECT] 
2025-05-20 10:19:37,773 [ERROR] LogOutputStream:75 - [STDERR_REDIRECT] [Fatal Error] :1:1: Premature end of file.
2025-05-20 10:19:37,773 [ERROR] LogOutputStream:75 - [STDERR_REDIRECT] 
2025-05-20 10:19:38,775 [ERROR] LogOutputStream:75 - [STDERR_REDIRECT] [Fatal Error] :1:1: Premature end of file.
2025-05-20 10:19:38,775 [ERROR] LogOutputStream:75 - [STDERR_REDIRECT] 
2025-05-20 10:19:39,776 [ERROR] LogOutputStream:75 - [STDERR_REDIRECT] [Fatal Error] :1:1: Premature end of file.
2025-05-20 10:19:39,776 [ERROR] LogOutputStream:75 - [STDERR_REDIRECT] 
2025-05-20 10:19:40,772 [ERROR] LogOutputStream:75 - [STDERR_REDIRECT] [Fatal Error] :1:1: Premature end of file.
2025-05-20 10:19:40,772 [ERROR] LogOutputStream:75 - [STDERR_REDIRECT] 
2025-05-20 10:19:41,769 [ERROR] LogOutputStream:75 - [STDERR_REDIRECT] [Fatal Error] :1:1: Premature end of file.
2025-05-20 10:19:41,769 [ERROR] LogOutputStream:75 - [STDERR_REDIRECT] 
2025-05-20 10:19:42,770 [ERROR] LogOutputStream:75 - [STDERR_REDIRECT] [Fatal Error] :1:1: Premature end of file.
2025-05-20 10:19:42,770 [ERROR] LogOutputStream:75 - [STDERR_REDIRECT] 
2025-05-20 10:19:43,766 [ERROR] LogOutputStream:75 - [STDERR_REDIRECT] [Fatal Error] :1:1: Premature end of file.
2025-05-20 10:19:43,766 [ERROR] LogOutputStream:75 - [STDERR_REDIRECT] 
2025-05-20 10:19:44,770 [ERROR] LogOutputStream:75 - [STDERR_REDIRECT] [Fatal Error] :1:1: Premature end of file.
2025-05-20 10:19:44,770 [ERROR] LogOutputStream:75 - [STDERR_REDIRECT] 
2025-05-20 10:19:45,775 [ERROR] LogOutputStream:75 - [STDERR_REDIRECT] [Fatal Error] :1:1: Premature end of file.
2025-05-20 10:19:45,775 [ERROR] LogOutputStream:75 - [STDERR_REDIRECT] 
2025-05-20 10:19:46,767 [ERROR] LogOutputStream:75 - [STDERR_REDIRECT] [Fatal Error] :1:1: Premature end of file.
2025-05-20 10:19:46,767 [ERROR] LogOutputStream:75 - [STDERR_REDIRECT] 
2025-05-20 10:19:47,777 [ERROR] LogOutputStream:75 - [STDERR_REDIRECT] [Fatal Error] :1:1: Premature end of file.
2025-05-20 10:19:47,777 [ERROR] LogOutputStream:75 - [STDERR_REDIRECT] 
2025-05-20 10:19:48,773 [ERROR] LogOutputStream:75 - [STDERR_REDIRECT] [Fatal Error] :1:1: Premature end of file.
2025-05-20 10:19:48,773 [ERROR] LogOutputStream:75 - [STDERR_REDIRECT] 
2025-05-20 10:19:49,772 [ERROR] LogOutputStream:75 - [STDERR_REDIRECT] [Fatal Error] :1:1: Premature end of file.
2025-05-20 10:19:49,772 [ERROR] LogOutputStream:75 - [STDERR_REDIRECT] 
2025-05-20 10:19:50,394 [INFO] WebApp:194 - Connection lost
2025-05-20 10:19:50,610 [INFO] WebApp:191 - Connection restablished
2025-05-20 10:19:50,765 [ERROR] LogOutputStream:75 - [STDERR_REDIRECT] [Fatal Error] :1:1: Premature end of file.
2025-05-20 10:19:50,765 [ERROR] LogOutputStream:75 - [STDERR_REDIRECT] 
2025-05-20 10:19:51,763 [ERROR] LogOutputStream:75 - [STDERR_REDIRECT] [Fatal Error] :1:1: Premature end of file.
2025-05-20 10:19:51,763 [ERROR] LogOutputStream:75 - [STDERR_REDIRECT] 
2025-05-20 10:19:52,764 [ERROR] LogOutputStream:75 - [STDERR_REDIRECT] [Fatal Error] :1:1: Premature end of file.
2025-05-20 10:19:52,764 [ERROR] LogOutputStream:75 - [STDERR_REDIRECT] 
2025-05-20 10:19:53,767 [ERROR] LogOutputStream:75 - [STDERR_REDIRECT] [Fatal Error] :1:1: Premature end of file.
2025-05-20 10:19:53,767 [ERROR] LogOutputStream:75 - [STDERR_REDIRECT] 
2025-05-20 10:19:54,786 [ERROR] LogOutputStream:75 - [STDERR_REDIRECT] [Fatal Error] :1:1: Premature end of file.
2025-05-20 10:19:54,786 [ERROR] LogOutputStream:75 - [STDERR_REDIRECT] 
2025-05-20 10:19:55,765 [ERROR] LogOutputStream:75 - [STDERR_REDIRECT] [Fatal Error] :1:1: Premature end of file.
2025-05-20 10:19:55,765 [ERROR] LogOutputStream:75 - [STDERR_REDIRECT] 
2025-05-20 10:19:56,772 [ERROR] LogOutputStream:75 - [STDERR_REDIRECT] [Fatal Error] :1:1: Premature end of file.
2025-05-20 10:19:56,772 [ERROR] LogOutputStream:75 - [STDERR_REDIRECT] 
2025-05-20 10:19:57,782 [ERROR] LogOutputStream:75 - [STDERR_REDIRECT] [Fatal Error] :1:1: Premature end of file.
2025-05-20 10:19:57,782 [ERROR] LogOutputStream:75 - [STDERR_REDIRECT] 
2025-05-20 10:19:58,784 [ERROR] LogOutputStream:75 - [STDERR_REDIRECT] [Fatal Error] :1:1: Premature end of file.
2025-05-20 10:19:58,784 [ERROR] LogOutputStream:75 - [STDERR_REDIRECT] 
2025-05-20 10:19:59,774 [ERROR] LogOutputStream:75 - [STDERR_REDIRECT] [Fatal Error] :1:1: Premature end of file.
2025-05-20 10:19:59,774 [ERROR] LogOutputStream:75 - [STDERR_REDIRECT] 
2025-05-20 10:20:00,773 [ERROR] LogOutputStream:75 - [STDERR_REDIRECT] [Fatal Error] :1:1: Premature end of file.
2025-05-20 10:20:00,774 [ERROR] LogOutputStream:75 - [STDERR_REDIRECT] 
2025-05-20 10:20:01,775 [ERROR] LogOutputStream:75 - [STDERR_REDIRECT] [Fatal Error] :1:1: Premature end of file.
2025-05-20 10:20:01,775 [ERROR] LogOutputStream:75 - [STDERR_REDIRECT] 
2025-05-20 10:20:02,785 [ERROR] LogOutputStream:75 - [STDERR_REDIRECT] [Fatal Error] :1:1: Premature end of file.
2025-05-20 10:20:02,785 [ERROR] LogOutputStream:75 - [STDERR_REDIRECT] 
2025-05-20 10:20:03,780 [ERROR] LogOutputStream:75 - [STDERR_REDIRECT] [Fatal Error] :1:1: Premature end of file.
2025-05-20 10:20:03,780 [ERROR] LogOutputStream:75 - [STDERR_REDIRECT] 
2025-05-20 10:20:04,769 [ERROR] LogOutputStream:75 - [STDERR_REDIRECT] [Fatal Error] :1:1: Premature end of file.
2025-05-20 10:20:04,769 [ERROR] LogOutputStream:75 - [STDERR_REDIRECT] 
2025-05-20 10:20:05,769 [ERROR] LogOutputStream:75 - [STDERR_REDIRECT] [Fatal Error] :1:1: Premature end of file.
2025-05-20 10:20:05,769 [ERROR] LogOutputStream:75 - [STDERR_REDIRECT] 
2025-05-20 10:20:06,782 [ERROR] LogOutputStream:75 - [STDERR_REDIRECT] [Fatal Error] :1:1: Premature end of file.
2025-05-20 10:20:06,782 [ERROR] LogOutputStream:75 - [STDERR_REDIRECT] 
2025-05-20 10:20:07,790 [ERROR] LogOutputStream:75 - [STDERR_REDIRECT] [Fatal Error] :1:1: Premature end of file.
2025-05-20 10:20:07,790 [ERROR] LogOutputStream:75 - [STDERR_REDIRECT] 
2025-05-20 10:20:08,778 [ERROR] LogOutputStream:75 - [STDERR_REDIRECT] [Fatal Error] :1:1: Premature end of file.
2025-05-20 10:20:08,778 [ERROR] LogOutputStream:75 - [STDERR_REDIRECT] 
2025-05-20 10:20:09,775 [ERROR] LogOutputStream:75 - [STDERR_REDIRECT] [Fatal Error] :1:1: Premature end of file.
2025-05-20 10:20:09,775 [ERROR] LogOutputStream:75 - [STDERR_REDIRECT] 
2025-05-20 10:20:10,783 [ERROR] LogOutputStream:75 - [STDERR_REDIRECT] [Fatal Error] :1:1: Premature end of file.
2025-05-20 10:20:10,783 [ERROR] LogOutputStream:75 - [STDERR_REDIRECT] 
2025-05-20 10:20:11,784 [ERROR] LogOutputStream:75 - [STDERR_REDIRECT] [Fatal Error] :1:1: Premature end of file.
2025-05-20 10:20:11,785 [ERROR] LogOutputStream:75 - [STDERR_REDIRECT] 
2025-05-20 10:20:12,787 [ERROR] LogOutputStream:75 - [STDERR_REDIRECT] [Fatal Error] :1:1: Premature end of file.
2025-05-20 10:20:12,787 [ERROR] LogOutputStream:75 - [STDERR_REDIRECT] 
2025-05-20 10:20:13,779 [ERROR] LogOutputStream:75 - [STDERR_REDIRECT] [Fatal Error] :1:1: Premature end of file.
2025-05-20 10:20:13,779 [ERROR] LogOutputStream:75 - [STDERR_REDIRECT] 
2025-05-20 10:20:14,791 [ERROR] LogOutputStream:75 - [STDERR_REDIRECT] [Fatal Error] :1:1: Premature end of file.
2025-05-20 10:20:14,791 [ERROR] LogOutputStream:75 - [STDERR_REDIRECT] 
2025-05-20 10:20:15,776 [ERROR] LogOutputStream:75 - [STDERR_REDIRECT] [Fatal Error] :1:1: Premature end of file.
2025-05-20 10:20:15,776 [ERROR] LogOutputStream:75 - [STDERR_REDIRECT] 
2025-05-20 10:20:16,786 [ERROR] LogOutputStream:75 - [STDERR_REDIRECT] [Fatal Error] :1:1: Premature end of file.
2025-05-20 10:20:16,786 [ERROR] LogOutputStream:75 - [STDERR_REDIRECT] 
2025-05-20 10:20:17,801 [ERROR] LogOutputStream:75 - [STDERR_REDIRECT] [Fatal Error] :1:1: Premature end of file.
2025-05-20 10:20:17,801 [ERROR] LogOutputStream:75 - [STDERR_REDIRECT] 
2025-05-20 10:20:18,777 [ERROR] LogOutputStream:75 - [STDERR_REDIRECT] [Fatal Error] :1:1: Premature end of file.
2025-05-20 10:20:18,777 [ERROR] LogOutputStream:75 - [STDERR_REDIRECT] 
2025-05-20 10:20:19,777 [ERROR] LogOutputStream:75 - [STDERR_REDIRECT] [Fatal Error] :1:1: Premature end of file.
2025-05-20 10:20:19,777 [ERROR] LogOutputStream:75 - [STDERR_REDIRECT] 
2025-05-20 10:20:20,772 [ERROR] LogOutputStream:75 - [STDERR_REDIRECT] [Fatal Error] :1:1: Premature end of file.
2025-05-20 10:20:20,774 [ERROR] LogOutputStream:75 - [STDERR_REDIRECT] 
2025-05-20 10:20:21,777 [ERROR] LogOutputStream:75 - [STDERR_REDIRECT] [Fatal Error] :1:1: Premature end of file.
2025-05-20 10:20:21,777 [ERROR] LogOutputStream:75 - [STDERR_REDIRECT] 
2025-05-20 10:20:22,785 [ERROR] LogOutputStream:75 - [STDERR_REDIRECT] [Fatal Error] :1:1: Premature end of file.
2025-05-20 10:20:22,785 [ERROR] LogOutputStream:75 - [STDERR_REDIRECT] 
2025-05-20 10:20:23,778 [ERROR] LogOutputStream:75 - [STDERR_REDIRECT] [Fatal Error] :1:1: Premature end of file.
2025-05-20 10:20:23,778 [ERROR] LogOutputStream:75 - [STDERR_REDIRECT] 
2025-05-20 10:20:24,767 [ERROR] LogOutputStream:75 - [STDERR_REDIRECT] [Fatal Error] :1:1: Premature end of file.
2025-05-20 10:20:24,767 [ERROR] LogOutputStream:75 - [STDERR_REDIRECT] 
2025-05-20 10:20:25,788 [ERROR] LogOutputStream:75 - [STDERR_REDIRECT] [Fatal Error] :1:1: Premature end of file.
2025-05-20 10:20:25,788 [ERROR] LogOutputStream:75 - [STDERR_REDIRECT] 
2025-05-20 10:20:26,782 [ERROR] LogOutputStream:75 - [STDERR_REDIRECT] [Fatal Error] :1:1: Premature end of file.
2025-05-20 10:20:26,782 [ERROR] LogOutputStream:75 - [STDERR_REDIRECT] 
2025-05-20 10:20:27,789 [ERROR] LogOutputStream:75 - [STDERR_REDIRECT] [Fatal Error] :1:1: Premature end of file.
2025-05-20 10:20:27,789 [ERROR] LogOutputStream:75 - [STDERR_REDIRECT] 
2025-05-20 10:20:28,789 [ERROR] LogOutputStream:75 - [STDERR_REDIRECT] [Fatal Error] :1:1: Premature end of file.
2025-05-20 10:20:28,789 [ERROR] LogOutputStream:75 - [STDERR_REDIRECT] 
2025-05-20 10:20:29,782 [ERROR] LogOutputStream:75 - [STDERR_REDIRECT] [Fatal Error] :1:1: Premature end of file.
2025-05-20 10:20:29,783 [ERROR] LogOutputStream:75 - [STDERR_REDIRECT] 
2025-05-20 10:20:30,792 [ERROR] LogOutputStream:75 - [STDERR_REDIRECT] [Fatal Error] :1:1: Premature end of file.
2025-05-20 10:20:30,792 [ERROR] LogOutputStream:75 - [STDERR_REDIRECT] 
2025-05-20 10:20:31,787 [ERROR] LogOutputStream:75 - [STDERR_REDIRECT] [Fatal Error] :1:1: Premature end of file.
2025-05-20 10:20:31,787 [ERROR] LogOutputStream:75 - [STDERR_REDIRECT] 
2025-05-20 10:20:32,789 [ERROR] LogOutputStream:75 - [STDERR_REDIRECT] [Fatal Error] :1:1: Premature end of file.
2025-05-20 10:20:32,789 [ERROR] LogOutputStream:75 - [STDERR_REDIRECT] 
2025-05-20 10:20:33,785 [ERROR] LogOutputStream:75 - [STDERR_REDIRECT] [Fatal Error] :1:1: Premature end of file.
2025-05-20 10:20:33,785 [ERROR] LogOutputStream:75 - [STDERR_REDIRECT] 
2025-05-20 10:20:34,785 [ERROR] LogOutputStream:75 - [STDERR_REDIRECT] [Fatal Error] :1:1: Premature end of file.
2025-05-20 10:20:34,785 [ERROR] LogOutputStream:75 - [STDERR_REDIRECT] 
2025-05-20 10:20:35,785 [ERROR] LogOutputStream:75 - [STDERR_REDIRECT] [Fatal Error] :1:1: Premature end of file.
2025-05-20 10:20:35,785 [ERROR] LogOutputStream:75 - [STDERR_REDIRECT] 
2025-05-20 10:20:36,786 [ERROR] LogOutputStream:75 - [STDERR_REDIRECT] [Fatal Error] :1:1: Premature end of file.
2025-05-20 10:20:36,787 [ERROR] LogOutputStream:75 - [STDERR_REDIRECT] 
2025-05-20 10:20:37,802 [ERROR] LogOutputStream:75 - [STDERR_REDIRECT] [Fatal Error] :1:1: Premature end of file.
2025-05-20 10:20:37,802 [ERROR] LogOutputStream:75 - [STDERR_REDIRECT] 
2025-05-20 10:20:38,802 [ERROR] LogOutputStream:75 - [STDERR_REDIRECT] [Fatal Error] :1:1: Premature end of file.
2025-05-20 10:20:38,803 [ERROR] LogOutputStream:75 - [STDERR_REDIRECT] 
2025-05-20 10:20:39,788 [ERROR] LogOutputStream:75 - [STDERR_REDIRECT] [Fatal Error] :1:1: Premature end of file.
2025-05-20 10:20:39,788 [ERROR] LogOutputStream:75 - [STDERR_REDIRECT] 
2025-05-20 10:20:40,805 [ERROR] LogOutputStream:75 - [STDERR_REDIRECT] [Fatal Error] :1:1: Premature end of file.
2025-05-20 10:20:40,805 [ERROR] LogOutputStream:75 - [STDERR_REDIRECT] 
2025-05-20 10:20:41,793 [ERROR] LogOutputStream:75 - [STDERR_REDIRECT] [Fatal Error] :1:1: Premature end of file.
2025-05-20 10:20:41,793 [ERROR] LogOutputStream:75 - [STDERR_REDIRECT] 
2025-05-20 10:20:42,785 [ERROR] LogOutputStream:75 - [STDERR_REDIRECT] [Fatal Error] :1:1: Premature end of file.
2025-05-20 10:20:42,786 [ERROR] LogOutputStream:75 - [STDERR_REDIRECT] 
2025-05-20 10:20:43,799 [ERROR] LogOutputStream:75 - [STDERR_REDIRECT] [Fatal Error] :1:1: Premature end of file.
2025-05-20 10:20:43,799 [ERROR] LogOutputStream:75 - [STDERR_REDIRECT] 
2025-05-20 10:20:44,789 [ERROR] LogOutputStream:75 - [STDERR_REDIRECT] [Fatal Error] :1:1: Premature end of file.
2025-05-20 10:20:44,789 [ERROR] LogOutputStream:75 - [STDERR_REDIRECT] 
2025-05-20 10:20:45,788 [ERROR] LogOutputStream:75 - [STDERR_REDIRECT] [Fatal Error] :1:1: Premature end of file.
2025-05-20 10:20:45,788 [ERROR] LogOutputStream:75 - [STDERR_REDIRECT] 
2025-05-20 10:20:46,774 [ERROR] LogOutputStream:75 - [STDERR_REDIRECT] [Fatal Error] :1:1: Premature end of file.
2025-05-20 10:20:46,774 [ERROR] LogOutputStream:75 - [STDERR_REDIRECT] 
2025-05-20 10:20:47,787 [ERROR] LogOutputStream:75 - [STDERR_REDIRECT] [Fatal Error] :1:1: Premature end of file.
2025-05-20 10:20:47,788 [ERROR] LogOutputStream:75 - [STDERR_REDIRECT] 
2025-05-20 10:20:48,772 [ERROR] LogOutputStream:75 - [STDERR_REDIRECT] [Fatal Error] :1:1: Premature end of file.
2025-05-20 10:20:48,772 [ERROR] LogOutputStream:75 - [STDERR_REDIRECT] 
2025-05-20 10:20:49,775 [ERROR] LogOutputStream:75 - [STDERR_REDIRECT] [Fatal Error] :1:1: Premature end of file.
2025-05-20 10:20:49,775 [ERROR] LogOutputStream:75 - [STDERR_REDIRECT] 
2025-05-20 10:20:50,804 [ERROR] LogOutputStream:75 - [STDERR_REDIRECT] [Fatal Error] :1:1: Premature end of file.
2025-05-20 10:20:50,804 [ERROR] LogOutputStream:75 - [STDERR_REDIRECT] 
2025-05-20 10:20:51,787 [ERROR] LogOutputStream:75 - [STDERR_REDIRECT] [Fatal Error] :1:1: Premature end of file.
2025-05-20 10:20:51,787 [ERROR] LogOutputStream:75 - [STDERR_REDIRECT] 
2025-05-20 10:20:52,789 [ERROR] LogOutputStream:75 - [STDERR_REDIRECT] [Fatal Error] :1:1: Premature end of file.
2025-05-20 10:20:52,789 [ERROR] LogOutputStream:75 - [STDERR_REDIRECT] 
2025-05-20 10:20:53,790 [ERROR] LogOutputStream:75 - [STDERR_REDIRECT] [Fatal Error] :1:1: Premature end of file.
2025-05-20 10:20:53,790 [ERROR] LogOutputStream:75 - [STDERR_REDIRECT] 
2025-05-20 10:20:54,786 [ERROR] LogOutputStream:75 - [STDERR_REDIRECT] [Fatal Error] :1:1: Premature end of file.
2025-05-20 10:20:54,787 [ERROR] LogOutputStream:75 - [STDERR_REDIRECT] 
2025-05-20 10:20:55,783 [ERROR] LogOutputStream:75 - [STDERR_REDIRECT] [Fatal Error] :1:1: Premature end of file.
2025-05-20 10:20:55,783 [ERROR] LogOutputStream:75 - [STDERR_REDIRECT] 
2025-05-20 10:20:56,770 [ERROR] LogOutputStream:75 - [STDERR_REDIRECT] [Fatal Error] :1:1: Premature end of file.
2025-05-20 10:20:56,770 [ERROR] LogOutputStream:75 - [STDERR_REDIRECT] 
2025-05-20 10:20:57,789 [ERROR] LogOutputStream:75 - [STDERR_REDIRECT] [Fatal Error] :1:1: Premature end of file.
2025-05-20 10:20:57,789 [ERROR] LogOutputStream:75 - [STDERR_REDIRECT] 
2025-05-20 10:20:58,792 [ERROR] LogOutputStream:75 - [STDERR_REDIRECT] [Fatal Error] :1:1: Premature end of file.
2025-05-20 10:20:58,792 [ERROR] LogOutputStream:75 - [STDERR_REDIRECT] 
2025-05-20 10:20:59,782 [ERROR] LogOutputStream:75 - [STDERR_REDIRECT] [Fatal Error] :1:1: Premature end of file.
2025-05-20 10:20:59,782 [ERROR] LogOutputStream:75 - [STDERR_REDIRECT] 
2025-05-20 10:21:00,780 [ERROR] LogOutputStream:75 - [STDERR_REDIRECT] [Fatal Error] :1:1: Premature end of file.
2025-05-20 10:21:00,780 [ERROR] LogOutputStream:75 - [STDERR_REDIRECT] 
2025-05-20 10:21:01,787 [ERROR] LogOutputStream:75 - [STDERR_REDIRECT] [Fatal Error] :1:1: Premature end of file.
2025-05-20 10:21:01,787 [ERROR] LogOutputStream:75 - [STDERR_REDIRECT] 
2025-05-20 10:21:02,792 [ERROR] LogOutputStream:75 - [STDERR_REDIRECT] [Fatal Error] :1:1: Premature end of file.
2025-05-20 10:21:02,792 [ERROR] LogOutputStream:75 - [STDERR_REDIRECT] 
2025-05-20 10:21:03,786 [ERROR] LogOutputStream:75 - [STDERR_REDIRECT] [Fatal Error] :1:1: Premature end of file.
2025-05-20 10:21:03,787 [ERROR] LogOutputStream:75 - [STDERR_REDIRECT] 
2025-05-20 10:21:04,795 [ERROR] LogOutputStream:75 - [STDERR_REDIRECT] [Fatal Error] :1:1: Premature end of file.
2025-05-20 10:21:04,795 [ERROR] LogOutputStream:75 - [STDERR_REDIRECT] 
2025-05-20 10:21:05,803 [ERROR] LogOutputStream:75 - [STDERR_REDIRECT] [Fatal Error] :1:1: Premature end of file.
2025-05-20 10:21:05,803 [ERROR] LogOutputStream:75 - [STDERR_REDIRECT] 
2025-05-20 10:21:06,788 [ERROR] LogOutputStream:75 - [STDERR_REDIRECT] [Fatal Error] :1:1: Premature end of file.
2025-05-20 10:21:06,788 [ERROR] LogOutputStream:75 - [STDERR_REDIRECT] 
2025-05-20 10:21:07,803 [ERROR] LogOutputStream:75 - [STDERR_REDIRECT] [Fatal Error] :1:1: Premature end of file.
2025-05-20 10:21:07,803 [ERROR] LogOutputStream:75 - [STDERR_REDIRECT] 
2025-05-20 10:21:08,784 [ERROR] LogOutputStream:75 - [STDERR_REDIRECT] [Fatal Error] :1:1: Premature end of file.
2025-05-20 10:21:08,786 [ERROR] LogOutputStream:75 - [STDERR_REDIRECT] 
2025-05-20 10:21:09,801 [ERROR] LogOutputStream:75 - [STDERR_REDIRECT] [Fatal Error] :1:1: Premature end of file.
2025-05-20 10:21:09,801 [ERROR] LogOutputStream:75 - [STDERR_REDIRECT] 
2025-05-20 10:21:10,792 [ERROR] LogOutputStream:75 - [STDERR_REDIRECT] [Fatal Error] :1:1: Premature end of file.
2025-05-20 10:21:10,793 [ERROR] LogOutputStream:75 - [STDERR_REDIRECT] 
2025-05-20 10:21:11,798 [ERROR] LogOutputStream:75 - [STDERR_REDIRECT] [Fatal Error] :1:1: Premature end of file.
2025-05-20 10:21:11,798 [ERROR] LogOutputStream:75 - [STDERR_REDIRECT] 
2025-05-20 10:21:12,797 [ERROR] LogOutputStream:75 - [STDERR_REDIRECT] [Fatal Error] :1:1: Premature end of file.
2025-05-20 10:21:12,797 [ERROR] LogOutputStream:75 - [STDERR_REDIRECT] 
2025-05-20 10:21:13,791 [ERROR] LogOutputStream:75 - [STDERR_REDIRECT] [Fatal Error] :1:1: Premature end of file.
2025-05-20 10:21:13,791 [ERROR] LogOutputStream:75 - [STDERR_REDIRECT] 
2025-05-20 10:21:14,790 [ERROR] LogOutputStream:75 - [STDERR_REDIRECT] [Fatal Error] :1:1: Premature end of file.
2025-05-20 10:21:14,790 [ERROR] LogOutputStream:75 - [STDERR_REDIRECT] 
2025-05-20 10:21:15,793 [ERROR] LogOutputStream:75 - [STDERR_REDIRECT] [Fatal Error] :1:1: Premature end of file.
2025-05-20 10:21:15,793 [ERROR] LogOutputStream:75 - [STDERR_REDIRECT] 
2025-05-20 10:21:16,791 [ERROR] LogOutputStream:75 - [STDERR_REDIRECT] [Fatal Error] :1:1: Premature end of file.
2025-05-20 10:21:16,792 [ERROR] LogOutputStream:75 - [STDERR_REDIRECT] 
2025-05-20 10:21:17,799 [ERROR] LogOutputStream:75 - [STDERR_REDIRECT] [Fatal Error] :1:1: Premature end of file.
2025-05-20 10:21:17,799 [ERROR] LogOutputStream:75 - [STDERR_REDIRECT] 
2025-05-20 10:21:18,798 [ERROR] LogOutputStream:75 - [STDERR_REDIRECT] [Fatal Error] :1:1: Premature end of file.
2025-05-20 10:21:18,798 [ERROR] LogOutputStream:75 - [STDERR_REDIRECT] 
2025-05-20 10:21:19,791 [ERROR] LogOutputStream:75 - [STDERR_REDIRECT] [Fatal Error] :1:1: Premature end of file.
2025-05-20 10:21:19,791 [ERROR] LogOutputStream:75 - [STDERR_REDIRECT] 
2025-05-20 10:21:20,787 [ERROR] LogOutputStream:75 - [STDERR_REDIRECT] [Fatal Error] :1:1: Premature end of file.
2025-05-20 10:21:20,787 [ERROR] LogOutputStream:75 - [STDERR_REDIRECT] 
2025-05-20 10:21:21,803 [ERROR] LogOutputStream:75 - [STDERR_REDIRECT] [Fatal Error] :1:1: Premature end of file.
2025-05-20 10:21:21,804 [ERROR] LogOutputStream:75 - [STDERR_REDIRECT] 
2025-05-20 10:21:22,781 [ERROR] LogOutputStream:75 - [STDERR_REDIRECT] [Fatal Error] :1:1: Premature end of file.
2025-05-20 10:21:22,782 [ERROR] LogOutputStream:75 - [STDERR_REDIRECT] 
2025-05-20 10:21:23,791 [ERROR] LogOutputStream:75 - [STDERR_REDIRECT] [Fatal Error] :1:1: Premature end of file.
2025-05-20 10:21:23,791 [ERROR] LogOutputStream:75 - [STDERR_REDIRECT] 
2025-05-20 10:21:24,789 [ERROR] LogOutputStream:75 - [STDERR_REDIRECT] [Fatal Error] :1:1: Premature end of file.
2025-05-20 10:21:24,789 [ERROR] LogOutputStream:75 - [STDERR_REDIRECT] 
2025-05-20 10:21:25,773 [ERROR] LogOutputStream:75 - [STDERR_REDIRECT] [Fatal Error] :1:1: Premature end of file.
2025-05-20 10:21:25,773 [ERROR] LogOutputStream:75 - [STDERR_REDIRECT] 
2025-05-20 10:21:26,807 [ERROR] LogOutputStream:75 - [STDERR_REDIRECT] [Fatal Error] :1:1: Premature end of file.
2025-05-20 10:21:26,807 [ERROR] LogOutputStream:75 - [STDERR_REDIRECT] 
2025-05-20 10:21:27,780 [ERROR] LogOutputStream:75 - [STDERR_REDIRECT] [Fatal Error] :1:1: Premature end of file.
2025-05-20 10:21:27,780 [ERROR] LogOutputStream:75 - [STDERR_REDIRECT] 
2025-05-20 10:21:28,774 [ERROR] LogOutputStream:75 - [STDERR_REDIRECT] [Fatal Error] :1:1: Premature end of file.
2025-05-20 10:21:28,774 [ERROR] LogOutputStream:75 - [STDERR_REDIRECT] 
2025-05-20 10:21:29,769 [ERROR] LogOutputStream:75 - [STDERR_REDIRECT] [Fatal Error] :1:1: Premature end of file.
2025-05-20 10:21:29,769 [ERROR] LogOutputStream:75 - [STDERR_REDIRECT] 
2025-05-20 10:21:30,791 [ERROR] LogOutputStream:75 - [STDERR_REDIRECT] [Fatal Error] :1:1: Premature end of file.
2025-05-20 10:21:30,792 [ERROR] LogOutputStream:75 - [STDERR_REDIRECT] 
2025-05-20 10:21:31,787 [ERROR] LogOutputStream:75 - [STDERR_REDIRECT] [Fatal Error] :1:1: Premature end of file.
2025-05-20 10:21:31,787 [ERROR] LogOutputStream:75 - [STDERR_REDIRECT] 
2025-05-20 10:21:32,786 [ERROR] LogOutputStream:75 - [STDERR_REDIRECT] [Fatal Error] :1:1: Premature end of file.
2025-05-20 10:21:32,786 [ERROR] LogOutputStream:75 - [STDERR_REDIRECT] 
2025-05-20 10:21:33,797 [ERROR] LogOutputStream:75 - [STDERR_REDIRECT] [Fatal Error] :1:1: Premature end of file.
2025-05-20 10:21:33,798 [ERROR] LogOutputStream:75 - [STDERR_REDIRECT] 
2025-05-20 10:21:34,775 [ERROR] LogOutputStream:75 - [STDERR_REDIRECT] [Fatal Error] :1:1: Premature end of file.
2025-05-20 10:21:34,775 [ERROR] LogOutputStream:75 - [STDERR_REDIRECT] 
2025-05-20 10:21:35,771 [ERROR] LogOutputStream:75 - [STDERR_REDIRECT] [Fatal Error] :1:1: Premature end of file.
2025-05-20 10:21:35,771 [ERROR] LogOutputStream:75 - [STDERR_REDIRECT] 
2025-05-20 10:21:36,789 [ERROR] LogOutputStream:75 - [STDERR_REDIRECT] [Fatal Error] :1:1: Premature end of file.
2025-05-20 10:21:36,790 [ERROR] LogOutputStream:75 - [STDERR_REDIRECT] 
2025-05-20 10:21:37,775 [ERROR] LogOutputStream:75 - [STDERR_REDIRECT] [Fatal Error] :1:1: Premature end of file.
2025-05-20 10:21:37,776 [ERROR] LogOutputStream:75 - [STDERR_REDIRECT] 
2025-05-20 10:21:38,801 [ERROR] LogOutputStream:75 - [STDERR_REDIRECT] [Fatal Error] :1:1: Premature end of file.
2025-05-20 10:21:38,801 [ERROR] LogOutputStream:75 - [STDERR_REDIRECT] 
2025-05-20 10:21:39,771 [ERROR] LogOutputStream:75 - [STDERR_REDIRECT] [Fatal Error] :1:1: Premature end of file.
2025-05-20 10:21:39,771 [ERROR] LogOutputStream:75 - [STDERR_REDIRECT] 
2025-05-20 10:21:40,768 [ERROR] LogOutputStream:75 - [STDERR_REDIRECT] [Fatal Error] :1:1: Premature end of file.
2025-05-20 10:21:40,768 [ERROR] LogOutputStream:75 - [STDERR_REDIRECT] 
2025-05-20 10:21:41,768 [ERROR] LogOutputStream:75 - [STDERR_REDIRECT] [Fatal Error] :1:1: Premature end of file.
2025-05-20 10:21:41,768 [ERROR] LogOutputStream:75 - [STDERR_REDIRECT] 
2025-05-20 10:21:42,776 [ERROR] LogOutputStream:75 - [STDERR_REDIRECT] [Fatal Error] :1:1: Premature end of file.
2025-05-20 10:21:42,777 [ERROR] LogOutputStream:75 - [STDERR_REDIRECT] 
2025-05-20 10:21:43,766 [ERROR] LogOutputStream:75 - [STDERR_REDIRECT] [Fatal Error] :1:1: Premature end of file.
2025-05-20 10:21:43,766 [ERROR] LogOutputStream:75 - [STDERR_REDIRECT] 
2025-05-20 10:21:44,775 [ERROR] LogOutputStream:75 - [STDERR_REDIRECT] [Fatal Error] :1:1: Premature end of file.
2025-05-20 10:21:44,775 [ERROR] LogOutputStream:75 - [STDERR_REDIRECT] 
2025-05-20 10:21:45,774 [ERROR] LogOutputStream:75 - [STDERR_REDIRECT] [Fatal Error] :1:1: Premature end of file.
2025-05-20 10:21:45,774 [ERROR] LogOutputStream:75 - [STDERR_REDIRECT] 
2025-05-20 10:21:46,773 [ERROR] LogOutputStream:75 - [STDERR_REDIRECT] [Fatal Error] :1:1: Premature end of file.
2025-05-20 10:21:46,773 [ERROR] LogOutputStream:75 - [STDERR_REDIRECT] 
2025-05-20 10:21:47,778 [ERROR] LogOutputStream:75 - [STDERR_REDIRECT] [Fatal Error] :1:1: Premature end of file.
2025-05-20 10:21:47,778 [ERROR] LogOutputStream:75 - [STDERR_REDIRECT] 
2025-05-20 10:21:48,776 [ERROR] LogOutputStream:75 - [STDERR_REDIRECT] [Fatal Error] :1:1: Premature end of file.
2025-05-20 10:21:48,776 [ERROR] LogOutputStream:75 - [STDERR_REDIRECT] 
2025-05-20 10:21:49,768 [ERROR] LogOutputStream:75 - [STDERR_REDIRECT] [Fatal Error] :1:1: Premature end of file.
2025-05-20 10:21:49,769 [ERROR] LogOutputStream:75 - [STDERR_REDIRECT] 
2025-05-20 10:21:50,781 [ERROR] LogOutputStream:75 - [STDERR_REDIRECT] [Fatal Error] :1:1: Premature end of file.
2025-05-20 10:21:50,781 [ERROR] LogOutputStream:75 - [STDERR_REDIRECT] 
2025-05-20 10:21:51,773 [ERROR] LogOutputStream:75 - [STDERR_REDIRECT] [Fatal Error] :1:1: Premature end of file.
2025-05-20 10:21:51,773 [ERROR] LogOutputStream:75 - [STDERR_REDIRECT] 
2025-05-20 10:21:52,768 [ERROR] LogOutputStream:75 - [STDERR_REDIRECT] [Fatal Error] :1:1: Premature end of file.
2025-05-20 10:21:52,768 [ERROR] LogOutputStream:75 - [STDERR_REDIRECT] 
2025-05-20 10:21:53,773 [ERROR] LogOutputStream:75 - [STDERR_REDIRECT] [Fatal Error] :1:1: Premature end of file.
2025-05-20 10:21:53,773 [ERROR] LogOutputStream:75 - [STDERR_REDIRECT] 
2025-05-20 10:21:54,790 [ERROR] LogOutputStream:75 - [STDERR_REDIRECT] [Fatal Error] :1:1: Premature end of file.
2025-05-20 10:21:54,790 [ERROR] LogOutputStream:75 - [STDERR_REDIRECT] 
2025-05-20 10:21:55,768 [ERROR] LogOutputStream:75 - [STDERR_REDIRECT] [Fatal Error] :1:1: Premature end of file.
2025-05-20 10:21:55,768 [ERROR] LogOutputStream:75 - [STDERR_REDIRECT] 
2025-05-20 10:21:56,761 [ERROR] LogOutputStream:75 - [STDERR_REDIRECT] [Fatal Error] :1:1: Premature end of file.
2025-05-20 10:21:56,761 [ERROR] LogOutputStream:75 - [STDERR_REDIRECT] 
2025-05-20 10:21:57,764 [ERROR] LogOutputStream:75 - [STDERR_REDIRECT] [Fatal Error] :1:1: Premature end of file.
2025-05-20 10:21:57,765 [ERROR] LogOutputStream:75 - [STDERR_REDIRECT] 
2025-05-20 10:21:58,769 [ERROR] LogOutputStream:75 - [STDERR_REDIRECT] [Fatal Error] :1:1: Premature end of file.
2025-05-20 10:21:58,769 [ERROR] LogOutputStream:75 - [STDERR_REDIRECT] 
2025-05-20 10:21:59,765 [ERROR] LogOutputStream:75 - [STDERR_REDIRECT] [Fatal Error] :1:1: Premature end of file.
2025-05-20 10:21:59,765 [ERROR] LogOutputStream:75 - [STDERR_REDIRECT] 
2025-05-20 10:22:00,781 [ERROR] LogOutputStream:75 - [STDERR_REDIRECT] [Fatal Error] :1:1: Premature end of file.
2025-05-20 10:22:00,781 [ERROR] LogOutputStream:75 - [STDERR_REDIRECT] 
2025-05-20 10:22:01,782 [ERROR] LogOutputStream:75 - [STDERR_REDIRECT] [Fatal Error] :1:1: Premature end of file.
2025-05-20 10:22:01,782 [ERROR] LogOutputStream:75 - [STDERR_REDIRECT] 
2025-05-20 10:22:02,766 [ERROR] LogOutputStream:75 - [STDERR_REDIRECT] [Fatal Error] :1:1: Premature end of file.
2025-05-20 10:22:02,766 [ERROR] LogOutputStream:75 - [STDERR_REDIRECT] 
2025-05-20 10:22:03,770 [ERROR] LogOutputStream:75 - [STDERR_REDIRECT] [Fatal Error] :1:1: Premature end of file.
2025-05-20 10:22:03,770 [ERROR] LogOutputStream:75 - [STDERR_REDIRECT] 
2025-05-20 10:22:04,783 [ERROR] LogOutputStream:75 - [STDERR_REDIRECT] [Fatal Error] :1:1: Premature end of file.
2025-05-20 10:22:04,784 [ERROR] LogOutputStream:75 - [STDERR_REDIRECT] 
2025-05-20 10:22:05,797 [ERROR] LogOutputStream:75 - [STDERR_REDIRECT] [Fatal Error] :1:1: Premature end of file.
2025-05-20 10:22:05,797 [ERROR] LogOutputStream:75 - [STDERR_REDIRECT] 
2025-05-20 10:22:06,807 [ERROR] LogOutputStream:75 - [STDERR_REDIRECT] [Fatal Error] :1:1: Premature end of file.
2025-05-20 10:22:06,807 [ERROR] LogOutputStream:75 - [STDERR_REDIRECT] 
2025-05-20 10:22:07,787 [ERROR] LogOutputStream:75 - [STDERR_REDIRECT] [Fatal Error] :1:1: Premature end of file.
2025-05-20 10:22:07,787 [ERROR] LogOutputStream:75 - [STDERR_REDIRECT] 
2025-05-20 10:22:08,788 [ERROR] LogOutputStream:75 - [STDERR_REDIRECT] [Fatal Error] :1:1: Premature end of file.
2025-05-20 10:22:08,789 [ERROR] LogOutputStream:75 - [STDERR_REDIRECT] 
2025-05-20 10:22:09,768 [ERROR] LogOutputStream:75 - [STDERR_REDIRECT] [Fatal Error] :1:1: Premature end of file.
2025-05-20 10:22:09,768 [ERROR] LogOutputStream:75 - [STDERR_REDIRECT] 
2025-05-20 10:22:10,781 [ERROR] LogOutputStream:75 - [STDERR_REDIRECT] [Fatal Error] :1:1: Premature end of file.
2025-05-20 10:22:10,782 [ERROR] LogOutputStream:75 - [STDERR_REDIRECT] 
2025-05-20 10:22:11,777 [ERROR] LogOutputStream:75 - [STDERR_REDIRECT] [Fatal Error] :1:1: Premature end of file.
2025-05-20 10:22:11,777 [ERROR] LogOutputStream:75 - [STDERR_REDIRECT] 
2025-05-20 10:22:12,780 [ERROR] LogOutputStream:75 - [STDERR_REDIRECT] [Fatal Error] :1:1: Premature end of file.
2025-05-20 10:22:12,780 [ERROR] LogOutputStream:75 - [STDERR_REDIRECT] 
2025-05-20 10:22:13,771 [ERROR] LogOutputStream:75 - [STDERR_REDIRECT] [Fatal Error] :1:1: Premature end of file.
2025-05-20 10:22:13,771 [ERROR] LogOutputStream:75 - [STDERR_REDIRECT] 
2025-05-20 10:22:14,774 [ERROR] LogOutputStream:75 - [STDERR_REDIRECT] [Fatal Error] :1:1: Premature end of file.
2025-05-20 10:22:14,774 [ERROR] LogOutputStream:75 - [STDERR_REDIRECT] 
2025-05-20 10:22:15,780 [ERROR] LogOutputStream:75 - [STDERR_REDIRECT] [Fatal Error] :1:1: Premature end of file.
2025-05-20 10:22:15,780 [ERROR] LogOutputStream:75 - [STDERR_REDIRECT] 
2025-05-20 10:22:16,772 [ERROR] LogOutputStream:75 - [STDERR_REDIRECT] [Fatal Error] :1:1: Premature end of file.
2025-05-20 10:22:16,772 [ERROR] LogOutputStream:75 - [STDERR_REDIRECT] 
2025-05-20 10:22:17,772 [ERROR] LogOutputStream:75 - [STDERR_REDIRECT] [Fatal Error] :1:1: Premature end of file.
2025-05-20 10:22:17,772 [ERROR] LogOutputStream:75 - [STDERR_REDIRECT] 
2025-05-20 10:22:18,765 [ERROR] LogOutputStream:75 - [STDERR_REDIRECT] [Fatal Error] :1:1: Premature end of file.
2025-05-20 10:22:18,765 [ERROR] LogOutputStream:75 - [STDERR_REDIRECT] 
2025-05-20 10:22:19,765 [ERROR] LogOutputStream:75 - [STDERR_REDIRECT] [Fatal Error] :1:1: Premature end of file.
2025-05-20 10:22:19,765 [ERROR] LogOutputStream:75 - [STDERR_REDIRECT] 
2025-05-20 10:22:20,771 [ERROR] LogOutputStream:75 - [STDERR_REDIRECT] [Fatal Error] :1:1: Premature end of file.
2025-05-20 10:22:20,771 [ERROR] LogOutputStream:75 - [STDERR_REDIRECT] 
2025-05-20 10:22:21,764 [ERROR] LogOutputStream:75 - [STDERR_REDIRECT] [Fatal Error] :1:1: Premature end of file.
2025-05-20 10:22:21,764 [ERROR] LogOutputStream:75 - [STDERR_REDIRECT] 
2025-05-20 10:22:22,774 [ERROR] LogOutputStream:75 - [STDERR_REDIRECT] [Fatal Error] :1:1: Premature end of file.
2025-05-20 10:22:22,775 [ERROR] LogOutputStream:75 - [STDERR_REDIRECT] 
2025-05-20 10:22:23,764 [ERROR] LogOutputStream:75 - [STDERR_REDIRECT] [Fatal Error] :1:1: Premature end of file.
2025-05-20 10:22:23,764 [ERROR] LogOutputStream:75 - [STDERR_REDIRECT] 
2025-05-20 10:22:24,770 [ERROR] LogOutputStream:75 - [STDERR_REDIRECT] [Fatal Error] :1:1: Premature end of file.
2025-05-20 10:22:24,770 [ERROR] LogOutputStream:75 - [STDERR_REDIRECT] 
2025-05-20 10:22:25,771 [ERROR] LogOutputStream:75 - [STDERR_REDIRECT] [Fatal Error] :1:1: Premature end of file.
2025-05-20 10:22:25,771 [ERROR] LogOutputStream:75 - [STDERR_REDIRECT] 
2025-05-20 10:22:26,774 [ERROR] LogOutputStream:75 - [STDERR_REDIRECT] [Fatal Error] :1:1: Premature end of file.
2025-05-20 10:22:26,774 [ERROR] LogOutputStream:75 - [STDERR_REDIRECT] 
2025-05-20 10:22:27,778 [ERROR] LogOutputStream:75 - [STDERR_REDIRECT] [Fatal Error] :1:1: Premature end of file.
2025-05-20 10:22:27,778 [ERROR] LogOutputStream:75 - [STDERR_REDIRECT] 
2025-05-20 10:22:28,777 [ERROR] LogOutputStream:75 - [STDERR_REDIRECT] [Fatal Error] :1:1: Premature end of file.
2025-05-20 10:22:28,777 [ERROR] LogOutputStream:75 - [STDERR_REDIRECT] 
2025-05-20 10:22:29,776 [ERROR] LogOutputStream:75 - [STDERR_REDIRECT] [Fatal Error] :1:1: Premature end of file.
2025-05-20 10:22:29,776 [ERROR] LogOutputStream:75 - [STDERR_REDIRECT] 
2025-05-20 10:22:30,773 [ERROR] LogOutputStream:75 - [STDERR_REDIRECT] [Fatal Error] :1:1: Premature end of file.
2025-05-20 10:22:30,773 [ERROR] LogOutputStream:75 - [STDERR_REDIRECT] 
2025-05-20 10:22:31,775 [ERROR] LogOutputStream:75 - [STDERR_REDIRECT] [Fatal Error] :1:1: Premature end of file.
2025-05-20 10:22:31,775 [ERROR] LogOutputStream:75 - [STDERR_REDIRECT] 
2025-05-20 10:22:32,769 [ERROR] LogOutputStream:75 - [STDERR_REDIRECT] [Fatal Error] :1:1: Premature end of file.
2025-05-20 10:22:32,769 [ERROR] LogOutputStream:75 - [STDERR_REDIRECT] 
2025-05-20 10:22:33,772 [ERROR] LogOutputStream:75 - [STDERR_REDIRECT] [Fatal Error] :1:1: Premature end of file.
2025-05-20 10:22:33,772 [ERROR] LogOutputStream:75 - [STDERR_REDIRECT] 
2025-05-20 10:22:34,777 [ERROR] LogOutputStream:75 - [STDERR_REDIRECT] [Fatal Error] :1:1: Premature end of file.
2025-05-20 10:22:34,777 [ERROR] LogOutputStream:75 - [STDERR_REDIRECT] 
2025-05-20 10:22:35,773 [ERROR] LogOutputStream:75 - [STDERR_REDIRECT] [Fatal Error] :1:1: Premature end of file.
2025-05-20 10:22:35,773 [ERROR] LogOutputStream:75 - [STDERR_REDIRECT] 
2025-05-20 10:22:36,785 [ERROR] LogOutputStream:75 - [STDERR_REDIRECT] [Fatal Error] :1:1: Premature end of file.
2025-05-20 10:22:36,785 [ERROR] LogOutputStream:75 - [STDERR_REDIRECT] 
2025-05-20 10:22:37,780 [ERROR] LogOutputStream:75 - [STDERR_REDIRECT] [Fatal Error] :1:1: Premature end of file.
2025-05-20 10:22:37,780 [ERROR] LogOutputStream:75 - [STDERR_REDIRECT] 
2025-05-20 10:22:38,775 [ERROR] LogOutputStream:75 - [STDERR_REDIRECT] [Fatal Error] :1:1: Premature end of file.
2025-05-20 10:22:38,775 [ERROR] LogOutputStream:75 - [STDERR_REDIRECT] 
2025-05-20 10:22:39,792 [ERROR] LogOutputStream:75 - [STDERR_REDIRECT] [Fatal Error] :1:1: Premature end of file.
2025-05-20 10:22:39,792 [ERROR] LogOutputStream:75 - [STDERR_REDIRECT] 
2025-05-20 10:22:40,920 [ERROR] LogOutputStream:75 - [STDERR_REDIRECT] [Fatal Error] :1:1: Premature end of file.
2025-05-20 10:22:40,921 [ERROR] LogOutputStream:75 - [STDERR_REDIRECT] 
2025-05-20 10:22:41,807 [ERROR] LogOutputStream:75 - [STDERR_REDIRECT] [Fatal Error] :1:1: Premature end of file.
2025-05-20 10:22:41,807 [ERROR] LogOutputStream:75 - [STDERR_REDIRECT] 
2025-05-20 10:22:42,816 [ERROR] LogOutputStream:75 - [STDERR_REDIRECT] [Fatal Error] :1:1: Premature end of file.
2025-05-20 10:22:42,816 [ERROR] LogOutputStream:75 - [STDERR_REDIRECT] 
2025-05-20 10:22:43,813 [ERROR] LogOutputStream:75 - [STDERR_REDIRECT] [Fatal Error] :1:1: Premature end of file.
2025-05-20 10:22:43,813 [ERROR] LogOutputStream:75 - [STDERR_REDIRECT] 
2025-05-20 10:22:44,811 [ERROR] LogOutputStream:75 - [STDERR_REDIRECT] [Fatal Error] :1:1: Premature end of file.
2025-05-20 10:22:44,812 [ERROR] LogOutputStream:75 - [STDERR_REDIRECT] 
2025-05-20 10:22:45,821 [ERROR] LogOutputStream:75 - [STDERR_REDIRECT] [Fatal Error] :1:1: Premature end of file.
2025-05-20 10:22:45,821 [ERROR] LogOutputStream:75 - [STDERR_REDIRECT] 
2025-05-20 10:22:46,820 [ERROR] LogOutputStream:75 - [STDERR_REDIRECT] [Fatal Error] :1:1: Premature end of file.
2025-05-20 10:22:46,820 [ERROR] LogOutputStream:75 - [STDERR_REDIRECT] 
2025-05-20 10:22:47,811 [ERROR] LogOutputStream:75 - [STDERR_REDIRECT] [Fatal Error] :1:1: Premature end of file.
2025-05-20 10:22:47,812 [ERROR] LogOutputStream:75 - [STDERR_REDIRECT] 
2025-05-20 10:22:48,825 [ERROR] LogOutputStream:75 - [STDERR_REDIRECT] [Fatal Error] :1:1: Premature end of file.
2025-05-20 10:22:48,826 [ERROR] LogOutputStream:75 - [STDERR_REDIRECT] 
2025-05-20 10:22:49,823 [ERROR] LogOutputStream:75 - [STDERR_REDIRECT] [Fatal Error] :1:1: Premature end of file.
2025-05-20 10:22:49,823 [ERROR] LogOutputStream:75 - [STDERR_REDIRECT] 
2025-05-20 10:22:50,828 [ERROR] LogOutputStream:75 - [STDERR_REDIRECT] [Fatal Error] :1:1: Premature end of file.
2025-05-20 10:22:50,829 [ERROR] LogOutputStream:75 - [STDERR_REDIRECT] 
2025-05-20 10:22:51,828 [ERROR] LogOutputStream:75 - [STDERR_REDIRECT] [Fatal Error] :1:1: Premature end of file.
2025-05-20 10:22:51,829 [ERROR] LogOutputStream:75 - [STDERR_REDIRECT] 
2025-05-20 10:22:52,819 [ERROR] LogOutputStream:75 - [STDERR_REDIRECT] [Fatal Error] :1:1: Premature end of file.
2025-05-20 10:22:52,820 [ERROR] LogOutputStream:75 - [STDERR_REDIRECT] 
2025-05-20 10:22:53,817 [ERROR] LogOutputStream:75 - [STDERR_REDIRECT] [Fatal Error] :1:1: Premature end of file.
2025-05-20 10:22:53,817 [ERROR] LogOutputStream:75 - [STDERR_REDIRECT] 
2025-05-20 10:22:54,813 [ERROR] LogOutputStream:75 - [STDERR_REDIRECT] [Fatal Error] :1:1: Premature end of file.
2025-05-20 10:22:54,813 [ERROR] LogOutputStream:75 - [STDERR_REDIRECT] 
2025-05-20 10:22:55,815 [ERROR] LogOutputStream:75 - [STDERR_REDIRECT] [Fatal Error] :1:1: Premature end of file.
2025-05-20 10:22:55,818 [ERROR] LogOutputStream:75 - [STDERR_REDIRECT] 
2025-05-20 10:22:56,848 [ERROR] LogOutputStream:75 - [STDERR_REDIRECT] [Fatal Error] :1:1: Premature end of file.
2025-05-20 10:22:56,849 [ERROR] LogOutputStream:75 - [STDERR_REDIRECT] 
2025-05-20 10:22:57,814 [ERROR] LogOutputStream:75 - [STDERR_REDIRECT] [Fatal Error] :1:1: Premature end of file.
2025-05-20 10:22:57,814 [ERROR] LogOutputStream:75 - [STDERR_REDIRECT] 
2025-05-20 10:22:58,814 [ERROR] LogOutputStream:75 - [STDERR_REDIRECT] [Fatal Error] :1:1: Premature end of file.
2025-05-20 10:22:58,814 [ERROR] LogOutputStream:75 - [STDERR_REDIRECT] 
2025-05-20 10:22:59,809 [ERROR] LogOutputStream:75 - [STDERR_REDIRECT] [Fatal Error] :1:1: Premature end of file.
2025-05-20 10:22:59,809 [ERROR] LogOutputStream:75 - [STDERR_REDIRECT] 
2025-05-20 10:23:00,817 [ERROR] LogOutputStream:75 - [STDERR_REDIRECT] [Fatal Error] :1:1: Premature end of file.
2025-05-20 10:23:00,817 [ERROR] LogOutputStream:75 - [STDERR_REDIRECT] 
2025-05-20 10:23:01,833 [ERROR] LogOutputStream:75 - [STDERR_REDIRECT] [Fatal Error] :1:1: Premature end of file.
2025-05-20 10:23:01,834 [ERROR] LogOutputStream:75 - [STDERR_REDIRECT] 
2025-05-20 10:23:02,817 [ERROR] LogOutputStream:75 - [STDERR_REDIRECT] [Fatal Error] :1:1: Premature end of file.
2025-05-20 10:23:02,817 [ERROR] LogOutputStream:75 - [STDERR_REDIRECT] 
2025-05-20 10:23:03,822 [ERROR] LogOutputStream:75 - [STDERR_REDIRECT] [Fatal Error] :1:1: Premature end of file.
2025-05-20 10:23:03,823 [ERROR] LogOutputStream:75 - [STDERR_REDIRECT] 
2025-05-20 10:23:04,810 [ERROR] LogOutputStream:75 - [STDERR_REDIRECT] [Fatal Error] :1:1: Premature end of file.
2025-05-20 10:23:04,810 [ERROR] LogOutputStream:75 - [STDERR_REDIRECT] 
2025-05-20 10:23:05,812 [ERROR] LogOutputStream:75 - [STDERR_REDIRECT] [Fatal Error] :1:1: Premature end of file.
2025-05-20 10:23:05,812 [ERROR] LogOutputStream:75 - [STDERR_REDIRECT] 
2025-05-20 10:23:06,814 [ERROR] LogOutputStream:75 - [STDERR_REDIRECT] [Fatal Error] :1:1: Premature end of file.
2025-05-20 10:23:06,814 [ERROR] LogOutputStream:75 - [STDERR_REDIRECT] 
2025-05-20 10:23:07,814 [ERROR] LogOutputStream:75 - [STDERR_REDIRECT] [Fatal Error] :1:1: Premature end of file.
2025-05-20 10:23:07,815 [ERROR] LogOutputStream:75 - [STDERR_REDIRECT] 
2025-05-20 10:23:08,808 [ERROR] LogOutputStream:75 - [STDERR_REDIRECT] [Fatal Error] :1:1: Premature end of file.
2025-05-20 10:23:08,808 [ERROR] LogOutputStream:75 - [STDERR_REDIRECT] 
2025-05-20 10:23:09,814 [ERROR] LogOutputStream:75 - [STDERR_REDIRECT] [Fatal Error] :1:1: Premature end of file.
2025-05-20 10:23:09,815 [ERROR] LogOutputStream:75 - [STDERR_REDIRECT] 
2025-05-20 10:23:10,816 [ERROR] LogOutputStream:75 - [STDERR_REDIRECT] [Fatal Error] :1:1: Premature end of file.
2025-05-20 10:23:10,816 [ERROR] LogOutputStream:75 - [STDERR_REDIRECT] 
2025-05-20 10:23:11,814 [ERROR] LogOutputStream:75 - [STDERR_REDIRECT] [Fatal Error] :1:1: Premature end of file.
2025-05-20 10:23:11,814 [ERROR] LogOutputStream:75 - [STDERR_REDIRECT] 
2025-05-20 10:23:12,802 [ERROR] LogOutputStream:75 - [STDERR_REDIRECT] [Fatal Error] :1:1: Premature end of file.
2025-05-20 10:23:12,802 [ERROR] LogOutputStream:75 - [STDERR_REDIRECT] 
2025-05-20 10:23:13,806 [ERROR] LogOutputStream:75 - [STDERR_REDIRECT] [Fatal Error] :1:1: Premature end of file.
2025-05-20 10:23:13,807 [ERROR] LogOutputStream:75 - [STDERR_REDIRECT] 
2025-05-20 10:23:14,795 [ERROR] LogOutputStream:75 - [STDERR_REDIRECT] [Fatal Error] :1:1: Premature end of file.
2025-05-20 10:23:14,795 [ERROR] LogOutputStream:75 - [STDERR_REDIRECT] 
2025-05-20 10:23:15,803 [ERROR] LogOutputStream:75 - [STDERR_REDIRECT] [Fatal Error] :1:1: Premature end of file.
2025-05-20 10:23:15,803 [ERROR] LogOutputStream:75 - [STDERR_REDIRECT] 
2025-05-20 10:23:16,797 [ERROR] LogOutputStream:75 - [STDERR_REDIRECT] [Fatal Error] :1:1: Premature end of file.
2025-05-20 10:23:16,797 [ERROR] LogOutputStream:75 - [STDERR_REDIRECT] 
2025-05-20 10:23:17,794 [ERROR] LogOutputStream:75 - [STDERR_REDIRECT] [Fatal Error] :1:1: Premature end of file.
2025-05-20 10:23:17,794 [ERROR] LogOutputStream:75 - [STDERR_REDIRECT] 
2025-05-20 10:23:18,792 [ERROR] LogOutputStream:75 - [STDERR_REDIRECT] [Fatal Error] :1:1: Premature end of file.
2025-05-20 10:23:18,792 [ERROR] LogOutputStream:75 - [STDERR_REDIRECT] 
2025-05-20 10:23:19,790 [ERROR] LogOutputStream:75 - [STDERR_REDIRECT] [Fatal Error] :1:1: Premature end of file.
2025-05-20 10:23:19,790 [ERROR] LogOutputStream:75 - [STDERR_REDIRECT] 
2025-05-20 10:23:20,787 [ERROR] LogOutputStream:75 - [STDERR_REDIRECT] [Fatal Error] :1:1: Premature end of file.
2025-05-20 10:23:20,787 [ERROR] LogOutputStream:75 - [STDERR_REDIRECT] 
2025-05-20 10:23:21,784 [ERROR] LogOutputStream:75 - [STDERR_REDIRECT] [Fatal Error] :1:1: Premature end of file.
2025-05-20 10:23:21,784 [ERROR] LogOutputStream:75 - [STDERR_REDIRECT] 
2025-05-20 10:23:22,787 [ERROR] LogOutputStream:75 - [STDERR_REDIRECT] [Fatal Error] :1:1: Premature end of file.
2025-05-20 10:23:22,787 [ERROR] LogOutputStream:75 - [STDERR_REDIRECT] 
2025-05-20 10:23:23,784 [ERROR] LogOutputStream:75 - [STDERR_REDIRECT] [Fatal Error] :1:1: Premature end of file.
2025-05-20 10:23:23,784 [ERROR] LogOutputStream:75 - [STDERR_REDIRECT] 
2025-05-20 10:23:24,784 [ERROR] LogOutputStream:75 - [STDERR_REDIRECT] [Fatal Error] :1:1: Premature end of file.
2025-05-20 10:23:24,784 [ERROR] LogOutputStream:75 - [STDERR_REDIRECT] 
2025-05-20 10:23:25,811 [ERROR] LogOutputStream:75 - [STDERR_REDIRECT] [Fatal Error] :1:1: Premature end of file.
2025-05-20 10:23:25,811 [ERROR] LogOutputStream:75 - [STDERR_REDIRECT] 
2025-05-20 10:23:26,821 [ERROR] LogOutputStream:75 - [STDERR_REDIRECT] [Fatal Error] :1:1: Premature end of file.
2025-05-20 10:23:26,822 [ERROR] LogOutputStream:75 - [STDERR_REDIRECT] 
2025-05-20 10:23:27,793 [ERROR] LogOutputStream:75 - [STDERR_REDIRECT] [Fatal Error] :1:1: Premature end of file.
2025-05-20 10:23:27,793 [ERROR] LogOutputStream:75 - [STDERR_REDIRECT] 
2025-05-20 10:23:28,787 [ERROR] LogOutputStream:75 - [STDERR_REDIRECT] [Fatal Error] :1:1: Premature end of file.
2025-05-20 10:23:28,787 [ERROR] LogOutputStream:75 - [STDERR_REDIRECT] 
2025-05-20 10:23:29,772 [ERROR] LogOutputStream:75 - [STDERR_REDIRECT] [Fatal Error] :1:1: Premature end of file.
2025-05-20 10:23:29,772 [ERROR] LogOutputStream:75 - [STDERR_REDIRECT] 
2025-05-20 10:23:30,768 [ERROR] LogOutputStream:75 - [STDERR_REDIRECT] [Fatal Error] :1:1: Premature end of file.
2025-05-20 10:23:30,768 [ERROR] LogOutputStream:75 - [STDERR_REDIRECT] 
2025-05-20 10:23:31,781 [ERROR] LogOutputStream:75 - [STDERR_REDIRECT] [Fatal Error] :1:1: Premature end of file.
2025-05-20 10:23:31,781 [ERROR] LogOutputStream:75 - [STDERR_REDIRECT] 
2025-05-20 10:23:32,766 [ERROR] LogOutputStream:75 - [STDERR_REDIRECT] [Fatal Error] :1:1: Premature end of file.
2025-05-20 10:23:32,766 [ERROR] LogOutputStream:75 - [STDERR_REDIRECT] 
2025-05-20 10:23:33,778 [ERROR] LogOutputStream:75 - [STDERR_REDIRECT] [Fatal Error] :1:1: Premature end of file.
2025-05-20 10:23:33,778 [ERROR] LogOutputStream:75 - [STDERR_REDIRECT] 
2025-05-20 10:23:34,783 [ERROR] LogOutputStream:75 - [STDERR_REDIRECT] [Fatal Error] :1:1: Premature end of file.
2025-05-20 10:23:34,783 [ERROR] LogOutputStream:75 - [STDERR_REDIRECT] 
2025-05-20 10:23:35,796 [ERROR] LogOutputStream:75 - [STDERR_REDIRECT] [Fatal Error] :1:1: Premature end of file.
2025-05-20 10:23:35,797 [ERROR] LogOutputStream:75 - [STDERR_REDIRECT] 
2025-05-20 10:23:36,779 [ERROR] LogOutputStream:75 - [STDERR_REDIRECT] [Fatal Error] :1:1: Premature end of file.
2025-05-20 10:23:36,779 [ERROR] LogOutputStream:75 - [STDERR_REDIRECT] 
2025-05-20 10:23:37,786 [ERROR] LogOutputStream:75 - [STDERR_REDIRECT] [Fatal Error] :1:1: Premature end of file.
2025-05-20 10:23:37,786 [ERROR] LogOutputStream:75 - [STDERR_REDIRECT] 
2025-05-20 10:23:38,786 [ERROR] LogOutputStream:75 - [STDERR_REDIRECT] [Fatal Error] :1:1: Premature end of file.
2025-05-20 10:23:38,786 [ERROR] LogOutputStream:75 - [STDERR_REDIRECT] 
2025-05-20 10:23:39,777 [ERROR] LogOutputStream:75 - [STDERR_REDIRECT] [Fatal Error] :1:1: Premature end of file.
2025-05-20 10:23:39,777 [ERROR] LogOutputStream:75 - [STDERR_REDIRECT] 
2025-05-20 10:23:40,773 [ERROR] LogOutputStream:75 - [STDERR_REDIRECT] [Fatal Error] :1:1: Premature end of file.
2025-05-20 10:23:40,773 [ERROR] LogOutputStream:75 - [STDERR_REDIRECT] 
2025-05-20 10:23:41,774 [ERROR] LogOutputStream:75 - [STDERR_REDIRECT] [Fatal Error] :1:1: Premature end of file.
2025-05-20 10:23:41,774 [ERROR] LogOutputStream:75 - [STDERR_REDIRECT] 
2025-05-20 10:23:42,779 [ERROR] LogOutputStream:75 - [STDERR_REDIRECT] [Fatal Error] :1:1: Premature end of file.
2025-05-20 10:23:42,779 [ERROR] LogOutputStream:75 - [STDERR_REDIRECT] 
2025-05-20 10:23:43,776 [ERROR] LogOutputStream:75 - [STDERR_REDIRECT] [Fatal Error] :1:1: Premature end of file.
2025-05-20 10:23:43,776 [ERROR] LogOutputStream:75 - [STDERR_REDIRECT] 
2025-05-20 10:23:44,786 [ERROR] LogOutputStream:75 - [STDERR_REDIRECT] [Fatal Error] :1:1: Premature end of file.
2025-05-20 10:23:44,786 [ERROR] LogOutputStream:75 - [STDERR_REDIRECT] 
2025-05-20 10:23:45,788 [ERROR] LogOutputStream:75 - [STDERR_REDIRECT] [Fatal Error] :1:1: Premature end of file.
2025-05-20 10:23:45,788 [ERROR] LogOutputStream:75 - [STDERR_REDIRECT] 
2025-05-20 10:23:46,779 [ERROR] LogOutputStream:75 - [STDERR_REDIRECT] [Fatal Error] :1:1: Premature end of file.
2025-05-20 10:23:46,779 [ERROR] LogOutputStream:75 - [STDERR_REDIRECT] 
2025-05-20 10:23:47,787 [ERROR] LogOutputStream:75 - [STDERR_REDIRECT] [Fatal Error] :1:1: Premature end of file.
2025-05-20 10:23:47,788 [ERROR] LogOutputStream:75 - [STDERR_REDIRECT] 
2025-05-20 10:23:48,794 [ERROR] LogOutputStream:75 - [STDERR_REDIRECT] [Fatal Error] :1:1: Premature end of file.
2025-05-20 10:23:48,794 [ERROR] LogOutputStream:75 - [STDERR_REDIRECT] 
2025-05-20 10:23:49,800 [ERROR] LogOutputStream:75 - [STDERR_REDIRECT] [Fatal Error] :1:1: Premature end of file.
2025-05-20 10:23:49,800 [ERROR] LogOutputStream:75 - [STDERR_REDIRECT] 
2025-05-20 10:23:50,762 [ERROR] LogOutputStream:75 - [STDERR_REDIRECT] [Fatal Error] :1:1: Premature end of file.
2025-05-20 10:23:50,762 [ERROR] LogOutputStream:75 - [STDERR_REDIRECT] 
2025-05-20 10:23:51,766 [ERROR] LogOutputStream:75 - [STDERR_REDIRECT] [Fatal Error] :1:1: Premature end of file.
2025-05-20 10:23:51,766 [ERROR] LogOutputStream:75 - [STDERR_REDIRECT] 
2025-05-20 10:23:52,767 [ERROR] LogOutputStream:75 - [STDERR_REDIRECT] [Fatal Error] :1:1: Premature end of file.
2025-05-20 10:23:52,767 [ERROR] LogOutputStream:75 - [STDERR_REDIRECT] 
2025-05-20 10:23:53,778 [ERROR] LogOutputStream:75 - [STDERR_REDIRECT] [Fatal Error] :1:1: Premature end of file.
2025-05-20 10:23:53,778 [ERROR] LogOutputStream:75 - [STDERR_REDIRECT] 
2025-05-20 10:23:54,786 [ERROR] LogOutputStream:75 - [STDERR_REDIRECT] [Fatal Error] :1:1: Premature end of file.
2025-05-20 10:23:54,786 [ERROR] LogOutputStream:75 - [STDERR_REDIRECT] 
2025-05-20 10:23:55,772 [ERROR] LogOutputStream:75 - [STDERR_REDIRECT] [Fatal Error] :1:1: Premature end of file.
2025-05-20 10:23:55,772 [ERROR] LogOutputStream:75 - [STDERR_REDIRECT] 
2025-05-20 10:23:56,774 [ERROR] LogOutputStream:75 - [STDERR_REDIRECT] [Fatal Error] :1:1: Premature end of file.
2025-05-20 10:23:56,774 [ERROR] LogOutputStream:75 - [STDERR_REDIRECT] 
2025-05-20 10:23:57,766 [ERROR] LogOutputStream:75 - [STDERR_REDIRECT] [Fatal Error] :1:1: Premature end of file.
2025-05-20 10:23:57,766 [ERROR] LogOutputStream:75 - [STDERR_REDIRECT] 
2025-05-20 10:23:58,774 [ERROR] LogOutputStream:75 - [STDERR_REDIRECT] [Fatal Error] :1:1: Premature end of file.
2025-05-20 10:23:58,775 [ERROR] LogOutputStream:75 - [STDERR_REDIRECT] 
2025-05-20 10:23:59,777 [ERROR] LogOutputStream:75 - [STDERR_REDIRECT] [Fatal Error] :1:1: Premature end of file.
2025-05-20 10:23:59,777 [ERROR] LogOutputStream:75 - [STDERR_REDIRECT] 
2025-05-20 10:24:00,778 [ERROR] LogOutputStream:75 - [STDERR_REDIRECT] [Fatal Error] :1:1: Premature end of file.
2025-05-20 10:24:00,778 [ERROR] LogOutputStream:75 - [STDERR_REDIRECT] 
2025-05-20 10:24:01,769 [ERROR] LogOutputStream:75 - [STDERR_REDIRECT] [Fatal Error] :1:1: Premature end of file.
2025-05-20 10:24:01,769 [ERROR] LogOutputStream:75 - [STDERR_REDIRECT] 
2025-05-20 10:24:02,775 [ERROR] LogOutputStream:75 - [STDERR_REDIRECT] [Fatal Error] :1:1: Premature end of file.
2025-05-20 10:24:02,775 [ERROR] LogOutputStream:75 - [STDERR_REDIRECT] 
2025-05-20 10:24:03,761 [ERROR] LogOutputStream:75 - [STDERR_REDIRECT] [Fatal Error] :1:1: Premature end of file.
2025-05-20 10:24:03,762 [ERROR] LogOutputStream:75 - [STDERR_REDIRECT] 
2025-05-20 10:24:04,763 [ERROR] LogOutputStream:75 - [STDERR_REDIRECT] [Fatal Error] :1:1: Premature end of file.
2025-05-20 10:24:04,763 [ERROR] LogOutputStream:75 - [STDERR_REDIRECT] 
2025-05-20 10:24:05,776 [ERROR] LogOutputStream:75 - [STDERR_REDIRECT] [Fatal Error] :1:1: Premature end of file.
2025-05-20 10:24:05,776 [ERROR] LogOutputStream:75 - [STDERR_REDIRECT] 
2025-05-20 10:24:06,761 [ERROR] LogOutputStream:75 - [STDERR_REDIRECT] [Fatal Error] :1:1: Premature end of file.
2025-05-20 10:24:06,761 [ERROR] LogOutputStream:75 - [STDERR_REDIRECT] 
2025-05-20 10:24:07,762 [ERROR] LogOutputStream:75 - [STDERR_REDIRECT] [Fatal Error] :1:1: Premature end of file.
2025-05-20 10:24:07,763 [ERROR] LogOutputStream:75 - [STDERR_REDIRECT] 
2025-05-20 10:24:08,765 [ERROR] LogOutputStream:75 - [STDERR_REDIRECT] [Fatal Error] :1:1: Premature end of file.
2025-05-20 10:24:08,765 [ERROR] LogOutputStream:75 - [STDERR_REDIRECT] 
2025-05-20 10:24:09,773 [ERROR] LogOutputStream:75 - [STDERR_REDIRECT] [Fatal Error] :1:1: Premature end of file.
2025-05-20 10:24:09,773 [ERROR] LogOutputStream:75 - [STDERR_REDIRECT] 
2025-05-20 10:24:10,543 [ERROR] LogOutputStream:75 - [STDERR_REDIRECT] 
